
$-------2-------3-------4-------5-------6-------7-------8-------9-------10
$ Node definition
$-------2-------3-------4-------5-------6-------7-------8-------9-------10
GRID    1000    0       0.      0.      -1.047680       0       0       
GRID    1001    0       0.9378960.      -0.742930       0       0       
GRID    1002    0       1.5574  0.      -0.541640       0       0       
GRID    1003    0       2.81369 0.      -0.365050       0       0       
GRID    1004    0       3.75158 0.      -0.233210       0       0       
GRID    1005    0       4.68948 0.      -0.101380       0       0       
GRID    1006    0       5.41071 0.      0.      0       0       0       
GRID    1007    0       6.56527 0.      0.      0       0       0       
GRID    1008    0       7.50317 0.      0.      0       0       0       
GRID    1009    0       8.44106 0.      0.      0       0       0       
GRID    1010    0       9.37896 0.      0.      0       0       0       
GRID    1011    0       10.3169 0.      0.      0       0       0       
GRID    1012    0       11.2548 0.      0.      0       0       0       
GRID    1013    0       12.1926 0.      0.      0       0       0       
GRID    1014    0       13.1305 0.      0.      0       0       0       
GRID    1015    0       14.0684 0.      0.      0       0       0       
GRID    1016    0       15.0063 0.      0.      0       0       0       
GRID    1017    0       15.9442 0.      0.      0       0       0       
GRID    1018    0       16.8821 0.      0.      0       0       0       
GRID    1019    0       17.82   0.      0.      0       0       0       
GRID    1020    0       18.7907 0.      0.      0       0       0       
GRID    1021    0       19.6958 0.      0.      0       0       0       
GRID    1022    0       20.6337 0.      0.      0       0       0       
GRID    1023    0       21.5716 0.      0.      0       0       0       
GRID    1024    0       22.5095 0.      0.      0       0       0       
GRID    1025    0       23.4474 0.      0.      0       0       0       
GRID    1026    0       24.3853 0.      0.      0       0       0       
GRID    1027    0       25.3232 0.      0.      0       0       0       
GRID    1028    0       26.2611 0.      0.      0       0       0       
GRID    1029    0       27.199  0.      0.      0       0       0       
GRID    1030    0       28.1369 0.      0.      0       0       0       
GRID    1031    0       29.0748 0.      0.      0       0       0       
GRID    1032    0       30.0127 0.      0.      0       0       0       
GRID    1033    0       30.9506 0.      0.      0       0       0       
GRID    1034    0       31.8885 0.      0.      0       0       0       
GRID    1035    0       32.9438 0.      0.      0       0       0       
GRID    1036    0       33.7643 0.      0.0674530       0       0       
GRID    1037    0       34.7022 0.      0.1445630       0       0       
GRID    1038    0       35.64   0.      0.2216710       0       0       
GRID    1039    0       36.5779 0.      0.29878 0       0       0       
GRID    1040    0       37.5158 0.      0.3758890       0       0       
GRID    1041    0       38.4537 0.      0.4529980       0       0       
GRID    1042    0       39.3916 0.      0.5301070       0       0       
GRID    1043    0       40.3295 0.      0.6072160       0       0       
GRID    1044    0       41.2674 0.      0.6843250       0       0       
GRID    1045    0       41.8324 0.      0.7307730       0       0       
GRID    1046    0       43.1329 0.      0.8376970       0       0       
GRID    1047    0       44.0811 0.      0.9156520       0       0       
GRID    1048    0       45.019  0.      0.9927610       0       0       
GRID    1049    0       45.9569 0.      1.06987 0       0       0       
GRID    1050    0       46.8948 0.      1.14698 0       0       0       
GRID    2001    0       18.7907 1.01139 -1.09   0       0       0       
GRID    2002    0       18.7907 2.02278 -1.09   0       0       0       
GRID    2003    0       18.8628 2.19873 -1.073710       0       0       
GRID    2004    0       18.9348 2.37468 -1.057430       0       0       
GRID    2005    0       19.0068 2.55062 -1.041140       0       0       
GRID    2006    0       19.0789 2.72657 -1.024850       0       0       
GRID    2007    0       19.1509 2.90252 -1.008570       0       0       
GRID    2008    0       19.2229 3.07847 -0.992280       0       0       
GRID    2009    0       19.295  3.25442 -0.975990       0       0       
GRID    2010    0       19.367  3.43037 -0.959710       0       0       
GRID    2011    0       19.439  3.60632 -0.943420       0       0       
GRID    2012    0       19.5111 3.78227 -0.927130       0       0       
GRID    2013    0       19.5831 3.95821 -0.910850       0       0       
GRID    2014    0       19.6551 4.13416 -0.894560       0       0       
GRID    2015    0       19.7272 4.31011 -0.878270       0       0       
GRID    2016    0       19.7992 4.48606 -0.861990       0       0       
GRID    2017    0       19.8712 4.66201 -0.845700       0       0       
GRID    2018    0       19.9433 4.83796 -0.829410       0       0       
GRID    2019    0       20.0153 5.01391 -0.813130       0       0       
GRID    2020    0       20.0873 5.18985 -0.796840       0       0       
GRID    2021    0       20.1594 5.3658  -0.780560       0       0       
GRID    2022    0       20.2314 5.54175 -0.764270       0       0       
GRID    2023    0       20.3034 5.7177  -0.747980       0       0       
GRID    2024    0       20.3707 5.88202 -0.732770       0       0       
GRID    2025    0       20.438  6.04635 -0.717560       0       0       
GRID    2026    0       20.5052 6.21067 -0.702350       0       0       
GRID    2027    0       20.5725 6.37499 -0.687140       0       0       
GRID    2028    0       20.6398 6.53932 -0.671930       0       0       
GRID    2029    0       20.7071 6.70364 -0.656720       0       0       
GRID    2030    0       20.7891 6.87912 -0.640890       0       0       
GRID    2031    0       20.8711 7.0546  -0.625070       0       0       
GRID    2032    0       20.9531 7.23008 -0.609240       0       0       
GRID    2033    0       21.0351 7.40556 -0.593420       0       0       
GRID    2034    0       21.1171 7.58105 -0.577590       0       0       
GRID    2035    0       21.1991 7.75653 -0.561760       0       0       
GRID    2036    0       21.2811 7.93201 -0.545940       0       0       
GRID    2037    0       21.3631 8.10749 -0.530110       0       0       
GRID    2038    0       21.4451 8.28297 -0.514280       0       0       
GRID    2039    0       21.5271 8.45845 -0.498460       0       0       
GRID    2040    0       21.6091 8.63393 -0.482630       0       0       
GRID    2041    0       21.6911 8.80941 -0.466800       0       0       
GRID    2042    0       21.7732 8.98489 -0.450980       0       0       
GRID    2043    0       21.8552 9.16037 -0.435150       0       0       
GRID    2044    0       21.9372 9.33585 -0.419320       0       0       
GRID    2045    0       22.0192 9.51133 -0.403500       0       0       
GRID    2046    0       22.1012 9.68682 -0.387670       0       0       
GRID    2047    0       22.1832 9.8623  -0.371840       0       0       
GRID    2048    0       22.2652 10.0378 -0.356020       0       0       
GRID    2049    0       22.3472 10.2133 -0.340190       0       0       
GRID    2050    0       22.4292 10.3887 -0.324370       0       0       
GRID    2051    0       22.5112 10.5642 -0.308540       0       0       
GRID    2052    0       22.5932 10.7397 -0.292710       0       0       
GRID    2053    0       22.6752 10.9152 -0.276890       0       0       
GRID    2054    0       22.7572 11.0907 -0.261060       0       0       
GRID    2055    0       22.8392 11.2661 -0.245230       0       0       
GRID    2056    0       22.9212 11.4416 -0.229410       0       0       
GRID    2057    0       23.0032 11.6171 -0.213580       0       0       
GRID    2058    0       23.0853 11.7926 -0.197750       0       0       
GRID    2059    0       23.1673 11.9681 -0.181930       0       0       
GRID    2060    0       23.2493 12.1435 -0.166100       0       0       
GRID    2061    0       23.3313 12.319  -0.150270       0       0       
GRID    2062    0       23.411  12.4945 -0.134500       0       0       
GRID    2063    0       23.4907 12.67   -0.118730       0       0       
GRID    2064    0       23.5703 12.8455 -0.102960       0       0       
GRID    2065    0       23.65   13.021  -0.087180       0       0       
GRID    2066    0       23.7297 13.1965 -0.071410       0       0       
GRID    2067    0       23.8094 13.372  -0.055640       0       0       
GRID    2068    0       23.8891 13.5475 -0.039870       0       0       
GRID    2069    0       23.9688 13.723  -0.024100       0       0       
GRID    2070    0       24.0485 13.8984 -0.008320       0       0       
GRID    2071    0       24.1282 14.0739 0.0074440       0       0       
GRID    2072    0       24.2079 14.2494 0.0232160       0       0       
GRID    2073    0       24.2876 14.4249 0.0389890       0       0       
GRID    2074    0       24.3673 14.6004 0.0547610       0       0       
GRID    2075    0       24.4469 14.7759 0.0705330       0       0       
GRID    2076    0       24.5266 14.9514 0.0863060       0       0       
GRID    2077    0       24.6063 15.1269 0.1020790       0       0       
GRID    2078    0       24.686  15.3024 0.1178510       0       0       
GRID    2079    0       24.7657 15.4779 0.1336230       0       0       
GRID    2080    0       24.8454 15.6534 0.1493960       0       0       
GRID    2081    0       24.9251 15.8288 0.1651680       0       0       
GRID    2082    0       25.0048 16.0043 0.18094 0       0       0       
GRID    2083    0       25.0845 16.1798 0.1967130       0       0       
GRID    2084    0       25.1642 16.3553 0.2124850       0       0       
GRID    2085    0       25.2438 16.5308 0.2282570       0       0       
GRID    2086    0       25.3235 16.7063 0.24403 0       0       0       
GRID    2087    0       25.4032 16.8818 0.2598020       0       0       
GRID    2088    0       25.4829 17.0573 0.2755740       0       0       
GRID    2089    0       25.5626 17.2328 0.2913470       0       0       
GRID    2090    0       25.6423 17.4083 0.3071190       0       0       
GRID    2091    0       25.722  17.5838 0.3228910       0       0       
GRID    2092    0       25.8017 17.7592 0.3386640       0       0       
GRID    2093    0       25.8814 17.9347 0.3544360       0       0       
GRID    2094    0       26.0595 17.9375 0.5258420       0       0       
GRID    2095    0       26.2375 17.9403 0.6972470       0       0       
GRID    2096    0       26.4156 17.943  0.8686530       0       0       
GRID    2097    0       26.5937 17.9458 1.04006 0       0       0       
GRID    2098    0       26.7718 17.9485 1.21146 0       0       0       
GRID    2099    0       26.9499 17.9513 1.38287 0       0       0       
GRID    2100    0       27.128  17.9541 1.55428 0       0       0       
GRID    2101    0       27.3061 17.9568 1.72568 0       0       0       
GRID    2102    0       27.4842 17.9596 1.89709 0       0       0       
GRID    2103    0       27.6622 17.9624 2.06849 0       0       0       
GRID    2104    0       27.8403 17.9651 2.2399  0       0       0       
GRID    2105    0       28.0184 17.9679 2.4113  0       0       0       
GRID    2106    0       28.1965 17.9706 2.58271 0       0       0       
GRID    2107    0       28.3746 17.9734 2.75411 0       0       0       
GRID    2000    0       18.7907 0.      -1.09   0       0       0       
GRID    2108    0       18.7907 -1.01139-1.09   0       0       0       
GRID    2109    0       18.7907 -2.02278-1.09   0       0       0       
GRID    2110    0       18.8628 -2.19873-1.073710       0       0       
GRID    2111    0       18.9348 -2.37468-1.057430       0       0       
GRID    2112    0       19.0068 -2.55062-1.041140       0       0       
GRID    2113    0       19.0789 -2.72657-1.024850       0       0       
GRID    2114    0       19.1509 -2.90252-1.008570       0       0       
GRID    2115    0       19.2229 -3.07847-0.992280       0       0       
GRID    2116    0       19.295  -3.25442-0.975990       0       0       
GRID    2117    0       19.367  -3.43037-0.959710       0       0       
GRID    2118    0       19.439  -3.60632-0.943420       0       0       
GRID    2119    0       19.5111 -3.78227-0.927130       0       0       
GRID    2120    0       19.5831 -3.95821-0.910850       0       0       
GRID    2121    0       19.6551 -4.13416-0.894560       0       0       
GRID    2122    0       19.7272 -4.31011-0.878270       0       0       
GRID    2123    0       19.7992 -4.48606-0.861990       0       0       
GRID    2124    0       19.8712 -4.66201-0.845700       0       0       
GRID    2125    0       19.9433 -4.83796-0.829410       0       0       
GRID    2126    0       20.0153 -5.01391-0.813130       0       0       
GRID    2127    0       20.0873 -5.18985-0.796840       0       0       
GRID    2128    0       20.1594 -5.3658 -0.780560       0       0       
GRID    2129    0       20.2314 -5.54175-0.764270       0       0       
GRID    2130    0       20.3034 -5.7177 -0.747980       0       0       
GRID    2131    0       20.3707 -5.88202-0.732770       0       0       
GRID    2132    0       20.438  -6.04635-0.717560       0       0       
GRID    2133    0       20.5052 -6.21067-0.702350       0       0       
GRID    2134    0       20.5725 -6.37499-0.687140       0       0       
GRID    2135    0       20.6398 -6.53932-0.671930       0       0       
GRID    2136    0       20.7071 -6.70364-0.656720       0       0       
GRID    2137    0       20.7891 -6.87912-0.640890       0       0       
GRID    2138    0       20.8711 -7.0546 -0.625070       0       0       
GRID    2139    0       20.9531 -7.23008-0.609240       0       0       
GRID    2140    0       21.0351 -7.40556-0.593420       0       0       
GRID    2141    0       21.1171 -7.58105-0.577590       0       0       
GRID    2142    0       21.1991 -7.75653-0.561760       0       0       
GRID    2143    0       21.2811 -7.93201-0.545940       0       0       
GRID    2144    0       21.3631 -8.10749-0.530110       0       0       
GRID    2145    0       21.4451 -8.28297-0.514280       0       0       
GRID    2146    0       21.5271 -8.45845-0.498460       0       0       
GRID    2147    0       21.6091 -8.63393-0.482630       0       0       
GRID    2148    0       21.6911 -8.80941-0.466800       0       0       
GRID    2149    0       21.7732 -8.98489-0.450980       0       0       
GRID    2150    0       21.8552 -9.16037-0.435150       0       0       
GRID    2151    0       21.9372 -9.33585-0.419320       0       0       
GRID    2152    0       22.0192 -9.51133-0.403500       0       0       
GRID    2153    0       22.1012 -9.68682-0.387670       0       0       
GRID    2154    0       22.1832 -9.8623 -0.371840       0       0       
GRID    2155    0       22.2652 -10.0378-0.356020       0       0       
GRID    2156    0       22.3472 -10.2133-0.340190       0       0       
GRID    2157    0       22.4292 -10.3887-0.324370       0       0       
GRID    2158    0       22.5112 -10.5642-0.308540       0       0       
GRID    2159    0       22.5932 -10.7397-0.292710       0       0       
GRID    2160    0       22.6752 -10.9152-0.276890       0       0       
GRID    2161    0       22.7572 -11.0907-0.261060       0       0       
GRID    2162    0       22.8392 -11.2661-0.245230       0       0       
GRID    2163    0       22.9212 -11.4416-0.229410       0       0       
GRID    2164    0       23.0032 -11.6171-0.213580       0       0       
GRID    2165    0       23.0853 -11.7926-0.197750       0       0       
GRID    2166    0       23.1673 -11.9681-0.181930       0       0       
GRID    2167    0       23.2493 -12.1435-0.166100       0       0       
GRID    2168    0       23.3313 -12.319 -0.150270       0       0       
GRID    2169    0       23.411  -12.4945-0.134500       0       0       
GRID    2170    0       23.4907 -12.67  -0.118730       0       0       
GRID    2171    0       23.5703 -12.8455-0.102960       0       0       
GRID    2172    0       23.65   -13.021 -0.087180       0       0       
GRID    2173    0       23.7297 -13.1965-0.071410       0       0       
GRID    2174    0       23.8094 -13.372 -0.055640       0       0       
GRID    2175    0       23.8891 -13.5475-0.039870       0       0       
GRID    2176    0       23.9688 -13.723 -0.024100       0       0       
GRID    2177    0       24.0485 -13.8984-0.008320       0       0       
GRID    2178    0       24.1282 -14.07390.0074440       0       0       
GRID    2179    0       24.2079 -14.24940.0232160       0       0       
GRID    2180    0       24.2876 -14.42490.0389890       0       0       
GRID    2181    0       24.3673 -14.60040.0547610       0       0       
GRID    2182    0       24.4469 -14.77590.0705330       0       0       
GRID    2183    0       24.5266 -14.95140.0863060       0       0       
GRID    2184    0       24.6063 -15.12690.1020790       0       0       
GRID    2185    0       24.686  -15.30240.1178510       0       0       
GRID    2186    0       24.7657 -15.47790.1336230       0       0       
GRID    2187    0       24.8454 -15.65340.1493960       0       0       
GRID    2188    0       24.9251 -15.82880.1651680       0       0       
GRID    2189    0       25.0048 -16.00430.18094 0       0       0       
GRID    2190    0       25.0845 -16.17980.1967130       0       0       
GRID    2191    0       25.1642 -16.35530.2124850       0       0       
GRID    2192    0       25.2438 -16.53080.2282570       0       0       
GRID    2193    0       25.3235 -16.70630.24403 0       0       0       
GRID    2194    0       25.4032 -16.88180.2598020       0       0       
GRID    2195    0       25.4829 -17.05730.2755740       0       0       
GRID    2196    0       25.5626 -17.23280.2913470       0       0       
GRID    2197    0       25.6423 -17.40830.3071190       0       0       
GRID    2198    0       25.722  -17.58380.3228910       0       0       
GRID    2199    0       25.8017 -17.75920.3386640       0       0       
GRID    2200    0       25.8814 -17.93470.3544360       0       0       
GRID    2201    0       26.0595 -17.93750.5258420       0       0       
GRID    2202    0       26.2375 -17.94030.6972470       0       0       
GRID    2203    0       26.4156 -17.943 0.8686530       0       0       
GRID    2204    0       26.5937 -17.94581.04006 0       0       0       
GRID    2205    0       26.7718 -17.94851.21146 0       0       0       
GRID    2206    0       26.9499 -17.95131.38287 0       0       0       
GRID    2207    0       27.128  -17.95411.55428 0       0       0       
GRID    2208    0       27.3061 -17.95681.72568 0       0       0       
GRID    2209    0       27.4842 -17.95961.89709 0       0       0       
GRID    2210    0       27.6622 -17.96242.06849 0       0       0       
GRID    2211    0       27.8403 -17.96512.2399  0       0       0       
GRID    2212    0       28.0184 -17.96792.4113  0       0       0       
GRID    2213    0       28.1965 -17.97062.58271 0       0       0       
GRID    2214    0       28.3746 -17.97342.75411 0       0       0       
GRID    3000    0       41.8324 0.      1.975   0       0       0       
GRID    3001    0       41.922  0.      2.1256  0       0       0       
GRID    3002    0       42.0116 0.      2.2762  0       0       0       
GRID    3003    0       42.1011 0.      2.4268  0       0       0       
GRID    3004    0       42.1907 0.      2.5774  0       0       0       
GRID    3005    0       42.2803 0.      2.728   0       0       0       
GRID    3006    0       42.3699 0.      2.8786  0       0       0       
GRID    3007    0       42.4595 0.      3.0292  0       0       0       
GRID    3008    0       42.5491 0.      3.1798  0       0       0       
GRID    3009    0       42.6387 0.      3.3304  0       0       0       
GRID    3010    0       42.7283 0.      3.481   0       0       0       
GRID    3011    0       42.8179 0.      3.6316  0       0       0       
GRID    3012    0       42.9074 0.      3.7822  0       0       0       
GRID    3013    0       42.997  0.      3.9328  0       0       0       
GRID    3014    0       43.0866 0.      4.0834  0       0       0       
GRID    3015    0       43.1762 0.      4.234   0       0       0       
GRID    3016    0       43.2658 0.      4.3846  0       0       0       
GRID    3017    0       43.3554 0.      4.5352  0       0       0       
GRID    3018    0       43.445  0.      4.6858  0       0       0       
GRID    3019    0       43.5346 0.      4.8364  0       0       0       
GRID    3020    0       43.6242 0.      4.987   0       0       0       
GRID    3021    0       43.7137 0.      5.1376  0       0       0       
GRID    3022    0       43.8033 0.      5.2882  0       0       0       
GRID    3023    0       43.8929 0.      5.4388  0       0       0       
GRID    3024    0       43.9825 0.      5.5894  0       0       0       
GRID    3025    0       44.0721 0.      5.74    0       0       0       
GRID    3026    0       44.1617 0.      5.8906  0       0       0       
GRID    3027    0       44.2513 0.      6.0412  0       0       0       
GRID    3028    0       44.3409 0.      6.1918  0       0       0       
GRID    3029    0       44.4304 0.      6.3424  0       0       0       
GRID    3030    0       44.52   0.      6.493   0       0       0       
GRID    3031    0       44.6096 0.      6.6436  0       0       0       
GRID    3032    0       44.6992 0.      6.7942  0       0       0       
GRID    4001    0       43.1329 0.4987130.69    0       0       0       
GRID    4002    0       43.1329 0.9974260.69    0       0       0       
GRID    4003    0       43.1617 1.05808 0.6963750       0       0       
GRID    4004    0       43.1904 1.11874 0.70275 0       0       0       
GRID    4005    0       43.2192 1.17939 0.7091260       0       0       
GRID    4006    0       43.2479 1.24005 0.7155010       0       0       
GRID    4007    0       43.2766 1.30071 0.7218760       0       0       
GRID    4008    0       43.3054 1.36136 0.7282510       0       0       
GRID    4009    0       43.3341 1.42202 0.7346260       0       0       
GRID    4010    0       43.3629 1.48267 0.7410020       0       0       
GRID    4011    0       43.3916 1.54333 0.7473770       0       0       
GRID    4012    0       43.4203 1.60399 0.7537520       0       0       
GRID    4013    0       43.4491 1.66464 0.7601270       0       0       
GRID    4014    0       43.4778 1.7253  0.7665020       0       0       
GRID    4015    0       43.5066 1.78596 0.7728780       0       0       
GRID    4016    0       43.5353 1.84661 0.7792530       0       0       
GRID    4017    0       43.5641 1.90727 0.7856280       0       0       
GRID    4018    0       43.5928 1.96792 0.7920030       0       0       
GRID    4019    0       43.6215 2.02858 0.7983790       0       0       
GRID    4020    0       43.6503 2.08924 0.8047540       0       0       
GRID    4021    0       43.679  2.14989 0.8111290       0       0       
GRID    4022    0       43.7078 2.21055 0.8175040       0       0       
GRID    4023    0       43.7365 2.2712  0.8238790       0       0       
GRID    4024    0       43.7653 2.33186 0.8302550       0       0       
GRID    4025    0       43.794  2.39252 0.83663 0       0       0       
GRID    4026    0       43.8238 2.45533 0.8432320       0       0       
GRID    4027    0       43.8535 2.51815 0.8498340       0       0       
GRID    4028    0       43.8833 2.58097 0.8564370       0       0       
GRID    4029    0       43.9131 2.64378 0.8630390       0       0       
GRID    4030    0       43.9428 2.7066  0.8696420       0       0       
GRID    4031    0       43.9726 2.76942 0.8762440       0       0       
GRID    4032    0       44.0024 2.83224 0.8828460       0       0       
GRID    4033    0       44.0321 2.89505 0.8894490       0       0       
GRID    4034    0       44.0619 2.95787 0.8960510       0       0       
GRID    4035    0       44.0917 3.02069 0.9026530       0       0       
GRID    4036    0       44.1214 3.0835  0.9092560       0       0       
GRID    4037    0       44.1512 3.14632 0.9158580       0       0       
GRID    4038    0       44.181  3.20914 0.92246 0       0       0       
GRID    4039    0       44.2107 3.27196 0.9290630       0       0       
GRID    4040    0       44.2405 3.33477 0.9356650       0       0       
GRID    4041    0       44.2703 3.39759 0.9422670       0       0       
GRID    4042    0       44.3    3.46041 0.94887 0       0       0       
GRID    4043    0       44.3298 3.52322 0.9554720       0       0       
GRID    4044    0       44.3596 3.58604 0.9620740       0       0       
GRID    4045    0       44.3893 3.64886 0.9686770       0       0       
GRID    4046    0       44.4191 3.71168 0.9752790       0       0       
GRID    4047    0       44.4488 3.77449 0.9818810       0       0       
GRID    4048    0       44.4786 3.83731 0.9884840       0       0       
GRID    4049    0       44.5084 3.90013 0.9950860       0       0       
GRID    4050    0       44.5381 3.96294 1.00169 0       0       0       
GRID    4051    0       44.5679 4.02576 1.00829 0       0       0       
GRID    4052    0       44.5977 4.08858 1.01489 0       0       0       
GRID    4053    0       44.6274 4.1514  1.0215  0       0       0       
GRID    4054    0       44.6572 4.21421 1.0281  0       0       0       
GRID    4055    0       44.687  4.27703 1.0347  0       0       0       
GRID    4056    0       44.7167 4.33985 1.0413  0       0       0       
GRID    4057    0       44.7465 4.40266 1.0479  0       0       0       
GRID    4058    0       44.7763 4.46548 1.05451 0       0       0       
GRID    4059    0       44.806  4.5283  1.06111 0       0       0       
GRID    4060    0       44.8358 4.59112 1.06771 0       0       0       
GRID    4061    0       44.8656 4.65393 1.07431 0       0       0       
GRID    4062    0       44.8953 4.71675 1.08092 0       0       0       
GRID    4063    0       44.9251 4.77957 1.08752 0       0       0       
GRID    4000    0       43.1329 0.      0.69    0       0       0       
GRID    4064    0       43.1329 -0.498710.69    0       0       0       
GRID    4065    0       43.1329 -0.997420.69    0       0       0       
GRID    4066    0       43.1617 -1.058080.6963750       0       0       
GRID    4067    0       43.1904 -1.118740.70275 0       0       0       
GRID    4068    0       43.2192 -1.179390.7091260       0       0       
GRID    4069    0       43.2479 -1.240050.7155010       0       0       
GRID    4070    0       43.2766 -1.300710.7218760       0       0       
GRID    4071    0       43.3054 -1.361360.7282510       0       0       
GRID    4072    0       43.3341 -1.422020.7346260       0       0       
GRID    4073    0       43.3629 -1.482670.7410020       0       0       
GRID    4074    0       43.3916 -1.543330.7473770       0       0       
GRID    4075    0       43.4203 -1.603990.7537520       0       0       
GRID    4076    0       43.4491 -1.664640.7601270       0       0       
GRID    4077    0       43.4778 -1.7253 0.7665020       0       0       
GRID    4078    0       43.5066 -1.785960.7728780       0       0       
GRID    4079    0       43.5353 -1.846610.7792530       0       0       
GRID    4080    0       43.5641 -1.907270.7856280       0       0       
GRID    4081    0       43.5928 -1.967920.7920030       0       0       
GRID    4082    0       43.6215 -2.028580.7983790       0       0       
GRID    4083    0       43.6503 -2.089240.8047540       0       0       
GRID    4084    0       43.679  -2.149890.8111290       0       0       
GRID    4085    0       43.7078 -2.210550.8175040       0       0       
GRID    4086    0       43.7365 -2.2712 0.8238790       0       0       
GRID    4087    0       43.7653 -2.331860.8302550       0       0       
GRID    4088    0       43.794  -2.392520.83663 0       0       0       
GRID    4089    0       43.8238 -2.455330.8432320       0       0       
GRID    4090    0       43.8535 -2.518150.8498340       0       0       
GRID    4091    0       43.8833 -2.580970.8564370       0       0       
GRID    4092    0       43.9131 -2.643780.8630390       0       0       
GRID    4093    0       43.9428 -2.7066 0.8696420       0       0       
GRID    4094    0       43.9726 -2.769420.8762440       0       0       
GRID    4095    0       44.0024 -2.832240.8828460       0       0       
GRID    4096    0       44.0321 -2.895050.8894490       0       0       
GRID    4097    0       44.0619 -2.957870.8960510       0       0       
GRID    4098    0       44.0917 -3.020690.9026530       0       0       
GRID    4099    0       44.1214 -3.0835 0.9092560       0       0       
GRID    4100    0       44.1512 -3.146320.9158580       0       0       
GRID    4101    0       44.181  -3.209140.92246 0       0       0       
GRID    4102    0       44.2107 -3.271960.9290630       0       0       
GRID    4103    0       44.2405 -3.334770.9356650       0       0       
GRID    4104    0       44.2703 -3.397590.9422670       0       0       
GRID    4105    0       44.3    -3.460410.94887 0       0       0       
GRID    4106    0       44.3298 -3.523220.9554720       0       0       
GRID    4107    0       44.3596 -3.586040.9620740       0       0       
GRID    4108    0       44.3893 -3.648860.9686770       0       0       
GRID    4109    0       44.4191 -3.711680.9752790       0       0       
GRID    4110    0       44.4488 -3.774490.9818810       0       0       
GRID    4111    0       44.4786 -3.837310.9884840       0       0       
GRID    4112    0       44.5084 -3.900130.9950860       0       0       
GRID    4113    0       44.5381 -3.962941.00169 0       0       0       
GRID    4114    0       44.5679 -4.025761.00829 0       0       0       
GRID    4115    0       44.5977 -4.088581.01489 0       0       0       
GRID    4116    0       44.6274 -4.1514 1.0215  0       0       0       
GRID    4117    0       44.6572 -4.214211.0281  0       0       0       
GRID    4118    0       44.687  -4.277031.0347  0       0       0       
GRID    4119    0       44.7167 -4.339851.0413  0       0       0       
GRID    4120    0       44.7465 -4.402661.0479  0       0       0       
GRID    4121    0       44.7763 -4.465481.05451 0       0       0       
GRID    4122    0       44.806  -4.5283 1.06111 0       0       0       
GRID    4123    0       44.8358 -4.591121.06771 0       0       0       
GRID    4124    0       44.8656 -4.653931.07431 0       0       0       
GRID    4125    0       44.8953 -4.716751.08092 0       0       0       
GRID    4126    0       44.9251 -4.779571.08752 0       0       0       

$-------2-------3-------4-------5-------6-------7-------8-------9-------10
$ Lumped masses: FUSELAGE 2019.2874 Kg
$-------2-------3-------4-------5-------6-------7-------8-------9-------10
CONM2   1       1000    0       2.6813  0       0       0       
        0.3862340.      0.2173010.0548890.      0.235136
CONM2   2       1001    0       7.52704 0       0       0       
        2.98007 0.      0.3886390.8420080.      0.662224
CONM2   3       1002    0       20.9782 0       0       0       
        17.7318 0.      2.33503 2.61088 0.      2.84714 
CONM2   4       1003    0       33.2055 0       0       0       
        36.5853 0.      3.43994 4.65915 0.      4.09487 
CONM2   5       1004    0       37.9989 0       0       0       
        54.2164 0.      2.84051 7.22176 0.      3.85566 
CONM2   6       1005    0       39.3689 0       0       0       
        67.2167 0.      2.37952 9.11399 0.      3.66064 
CONM2   7       1006    0       49.4854 0       0       0       
        97.9724 0.      4.2636  4.72761 0.      4.92815 
CONM2   8       1007    0       56.6063 0       0       0       
        115.838 0.      5.32228 0.      0.      5.32228 
CONM2   9       1008    0       51.1277 0       0       0       
        104.627 0.      3.74787 0.      0.      3.74787 
CONM2   10      1009    0       51.1277 0       0       0       
        104.627 0.      3.74787 0.      0.      3.74787 
CONM2   11      1010    0       51.1277 0       0       0       
        104.627 0.      3.74787 0.      0.      3.74787 
CONM2   12      1011    0       51.1277 0       0       0       
        104.627 0.      3.74787 0.      0.      3.74787 
CONM2   13      1012    0       51.1277 0       0       0       
        104.627 0.      3.74787 0.      0.      3.74787 
CONM2   14      1013    0       51.1277 0       0       0       
        104.627 0.      3.74787 0.      0.      3.74787 
CONM2   15      1014    0       51.1277 0       0       0       
        104.627 0.      3.74787 0.      0.      3.74787 
CONM2   16      1015    0       51.1277 0       0       0       
        104.627 0.      3.74787 0.      0.      3.74787 
CONM2   17      1016    0       51.1277 0       0       0       
        104.627 0.      3.74787 0.      0.      3.74787 
CONM2   18      1017    0       51.1277 0       0       0       
        104.627 0.      3.74787 0.      0.      3.74787 
CONM2   19      1018    0       51.1277 0       0       0       
        104.627 0.      3.74787 0.      0.      3.74787 
CONM2   20      1019    0       52.0218 0       0       0       
        106.457 0.      3.95147 0.      0.      3.95147 
CONM2   21      1020    0       51.1277 0       0       0       
        104.627 0.      3.76162 0.      0.      3.76162 
CONM2   22      1021    0       50.2335 0       0       0       
        102.797 0.      3.55802 0.      0.      3.55802 
CONM2   23      1022    0       51.1277 0       0       0       
        104.627 0.      3.74787 0.      0.      3.74787 
CONM2   24      1023    0       51.1277 0       0       0       
        104.627 0.      3.74787 0.      0.      3.74787 
CONM2   25      1024    0       51.1277 0       0       0       
        104.627 0.      3.74787 0.      0.      3.74787 
CONM2   26      1025    0       51.1277 0       0       0       
        104.627 0.      3.74787 0.      0.      3.74787 
CONM2   27      1026    0       51.1277 0       0       0       
        104.627 0.      3.74787 0.      0.      3.74787 
CONM2   28      1027    0       51.1277 0       0       0       
        104.627 0.      3.74787 0.      0.      3.74787 
CONM2   29      1028    0       51.1277 0       0       0       
        104.627 0.      3.74787 0.      0.      3.74787 
CONM2   30      1029    0       51.1277 0       0       0       
        104.627 0.      3.74787 0.      0.      3.74787 
CONM2   31      1030    0       51.1277 0       0       0       
        104.627 0.      3.74787 0.      0.      3.74787 
CONM2   32      1031    0       51.1277 0       0       0       
        104.627 0.      3.74787 0.      0.      3.74787 
CONM2   33      1032    0       51.1277 0       0       0       
        104.627 0.      3.74787 0.      0.      3.74787 
CONM2   34      1033    0       51.1277 0       0       0       
        104.627 0.      3.74787 0.      0.      3.74787 
CONM2   35      1034    0       54.2083 0       0       0       
        110.931 0.      4.53246 0.      0.      4.53246 
CONM2   36      1035    0       50.2501 0       0       0       
        101.086 0.      3.8787  3.39119 0.      4.15751 
CONM2   37      1036    0       44.6094 0       0       0       
        84.3974 0.      2.91784 6.69882 0.      3.46858 
CONM2   38      1037    0       44.1016 0       0       0       
        77.1946 0.      3.25468 6.07896 0.      3.75446 
CONM2   39      1038    0       40.3078 0       0       0       
        64.5039 0.      2.9747  5.05861 0.      3.39059 
CONM2   40      1039    0       36.5529 0       0       0       
        53.0695 0.      2.69759 4.14131 0.      3.03806 
CONM2   41      1040    0       32.8416 0       0       0       
        42.8572 0.      2.4237  3.32423 0.      2.697   
CONM2   42      1041    0       29.1766 0       0       0       
        33.8424 0.      2.15322 2.60532 0.      2.36741 
CONM2   43      1042    0       25.5607 0       0       0       
        25.9997 0.      1.88637 1.98247 0.      2.04936 
CONM2   44      1043    0       22.0015 0       0       0       
        19.2897 0.      1.6237  1.45241 0.      1.74311 
CONM2   45      1044    0       15.3706 0       0       0       
        11.7341 0.      0.8873880.8917580.      0.960703
CONM2   46      1045    0       15.014  0       0       0       
        9.05722 0.      1.52591 0.6191860.      1.57681 
CONM2   47      1046    0       14.8827 0       0       0       
        7.4753  0.      1.77152 0.4689360.      1.81007 
CONM2   48      1047    0       8.58965 0       0       0       
        2.98947 0.      0.6422510.1929760.      0.658116
CONM2   49      1048    0       5.43785 0       0       0       
        1.24    0.      0.4013110.0689520.      0.40698 
CONM2   50      1049    0       2.59026 0       0       0       
        0.3155590.      0.19116 0.0102270.      0.192001
CONM2   51      1050    0       0.62138 0       0       0       
        0.0190010.      0.045857-0.002200.      0.045676

$-------2-------3-------4-------5-------6-------7-------8-------9-------10
$ Lumped masses: WING 4174.731 Kg
$-------2-------3-------4-------5-------6-------7-------8-------9-------10
CONM2   52      2000    0       12.984  -1.302060       0       
        0.      0.      0.      0.      0.      0.      
CONM2   53      2000    0       38.9521 2.25862 0       0       
        0.      0.      0.      0.      0.      0.      
CONM2   54      2001    0       25.9681 -1.302060       0       
        0.      0.      0.      0.      0.      0.      
CONM2   55      2001    0       77.9042 2.25862 0       0       
        0.      0.      0.      0.      0.      0.      
CONM2   56      2002    0       21.1403 -1.198530.4803360.111699
        0.      0.      0.      0.      0.      0.      
CONM2   57      2002    0       63.421  2.06911 -0.82924-0.19283
        0.      0.      0.      0.      0.      0.      
CONM2   58      2003    0       16.0724 -1.187180.47579 0.110641
        0.      0.      0.      0.      0.      0.      
CONM2   59      2003    0       48.2172 2.03005 -0.81358-0.18919
        0.      0.      0.      0.      0.      0.      
CONM2   60      2004    0       15.5953 -1.175610.4711540.109563
        0.      0.      0.      0.      0.      0.      
CONM2   61      2004    0       46.786  1.99121 -0.79802-0.18557
        0.      0.      0.      0.      0.      0.      
CONM2   62      2005    0       15.1251 -1.163820.4664290.108464
        0.      0.      0.      0.      0.      0.      
CONM2   63      2005    0       45.3754 1.9526  -0.78255-0.18197
        0.      0.      0.      0.      0.      0.      
CONM2   64      2006    0       14.6618 -1.151810.4616140.107345
        0.      0.      0.      0.      0.      0.      
CONM2   65      2006    0       43.9854 1.91422 -0.76716-0.17839
        0.      0.      0.      0.      0.      0.      
CONM2   66      2007    0       14.2053 -1.139570.4567090.106204
        0.      0.      0.      0.      0.      0.      
CONM2   67      2007    0       42.6159 1.87605 -0.75187-0.17484
        0.      0.      0.      0.      0.      0.      
CONM2   68      2008    0       13.7557 -1.127110.4517160.105043
        0.      0.      0.      0.      0.      0.      
CONM2   69      2008    0       41.267  1.83811 -0.73666-0.17130
        0.      0.      0.      0.      0.      0.      
CONM2   70      2009    0       13.3129 -1.114430.4466330.103861
        0.      0.      0.      0.      0.      0.      
CONM2   71      2009    0       39.9386 1.80039 -0.72154-0.16779
        0.      0.      0.      0.      0.      0.      
CONM2   72      2010    0       12.8769 -1.101520.44146 0.102658
        0.      0.      0.      0.      0.      0.      
CONM2   73      2010    0       38.6308 1.7629  -0.70652-0.16429
        0.      0.      0.      0.      0.      0.      
CONM2   74      2011    0       12.4478 -1.088390.4361980.101434
        0.      0.      0.      0.      0.      0.      
CONM2   75      2011    0       37.3435 1.72562 -0.69158-0.16082
        0.      0.      0.      0.      0.      0.      
CONM2   76      2012    0       12.0256 -1.075040.4308460.10019 
        0.      0.      0.      0.      0.      0.      
CONM2   77      2012    0       36.0768 1.68858 -0.67673-0.15737
        0.      0.      0.      0.      0.      0.      
CONM2   78      2013    0       11.6102 -1.061460.4254050.098924
        0.      0.      0.      0.      0.      0.      
CONM2   79      2013    0       34.8306 1.65175 -0.66197-0.15393
        0.      0.      0.      0.      0.      0.      
CONM2   80      2014    0       11.2017 -1.047660.4198750.097638
        0.      0.      0.      0.      0.      0.      
CONM2   81      2014    0       33.605  1.61515 -0.64730-0.15052
        0.      0.      0.      0.      0.      0.      
CONM2   82      2015    0       10.8    -1.033640.4142550.096331
        0.      0.      0.      0.      0.      0.      
CONM2   83      2015    0       32.3999 1.57877 -0.63272-0.14713
        0.      0.      0.      0.      0.      0.      
CONM2   84      2016    0       10.4051 -1.0194 0.4085460.095004
        0.      0.      0.      0.      0.      0.      
CONM2   85      2016    0       31.2154 1.54261 -0.61823-0.14376
        0.      0.      0.      0.      0.      0.      
CONM2   86      2017    0       10.0171 -1.004930.4027470.093655
        0.      0.      0.      0.      0.      0.      
CONM2   87      2017    0       30.0514 1.50668 -0.60383-0.14041
        0.      0.      0.      0.      0.      0.      
CONM2   88      2018    0       9.63598 -0.990230.3968590.092286
        0.      0.      0.      0.      0.      0.      
CONM2   89      2018    0       28.908  1.47097 -0.58952-0.13709
        0.      0.      0.      0.      0.      0.      
CONM2   90      2019    0       9.26169 -0.975310.3908810.090896
        0.      0.      0.      0.      0.      0.      
CONM2   91      2019    0       27.7851 1.43549 -0.57530-0.13378
        0.      0.      0.      0.      0.      0.      
CONM2   92      2020    0       8.89425 -0.960180.3848140.089485
        0.      0.      0.      0.      0.      0.      
CONM2   93      2020    0       26.6827 1.40022 -0.56117-0.13049
        0.      0.      0.      0.      0.      0.      
CONM2   94      2021    0       8.53366 -0.944810.3786580.088054
        0.      0.      0.      0.      0.      0.      
CONM2   95      2021    0       25.601  1.36518 -0.54712-0.12723
        0.      0.      0.      0.      0.      0.      
CONM2   96      2022    0       8.17991 -0.929230.3724120.086601
        0.      0.      0.      0.      0.      0.      
CONM2   97      2022    0       24.5397 1.33037 -0.53317-0.12398
        0.      0.      0.      0.      0.      0.      
CONM2   98      2023    0       7.57993 -0.913420.3660770.085128
        0.      0.      0.      0.      0.      0.      
CONM2   99      2023    0       22.7398 1.29577 -0.51931-0.12076
        0.      0.      0.      0.      0.      0.      
CONM2   100     2024    0       6.99791 -0.897390.3596520.083634
        0.      0.      0.      0.      0.      0.      
CONM2   101     2024    0       20.9937 1.2614  -0.50553-0.11755
        0.      0.      0.      0.      0.      0.      
CONM2   102     2025    0       6.68674 -0.881140.3531370.082119
        0.      0.      0.      0.      0.      0.      
CONM2   103     2025    0       20.0602 1.22725 -0.49185-0.11437
        0.      0.      0.      0.      0.      0.      
CONM2   104     2026    0       6.38196 -0.864660.3465340.080583
        0.      0.      0.      0.      0.      0.      
CONM2   105     2026    0       19.1459 1.19333 -0.47825-0.11121
        0.      0.      0.      0.      0.      0.      
CONM2   106     2027    0       6.08357 -0.847960.3398410.079027
        0.      0.      0.      0.      0.      0.      
CONM2   107     2027    0       18.2507 1.15963 -0.46474-0.10807
        0.      0.      0.      0.      0.      0.      
CONM2   108     2028    0       5.79159 -0.831030.3330580.077450
        0.      0.      0.      0.      0.      0.      
CONM2   109     2028    0       17.3748 1.12615 -0.45133-0.10495
        0.      0.      0.      0.      0.      0.      
CONM2   110     2029    0       5.76295 -0.793900.3673460.040649
        0.      0.      0.      0.      0.      0.      
CONM2   111     2029    0       17.2888 1.07011 -0.49514-0.05479
        0.      0.      0.      0.      0.      0.      
CONM2   112     2030    0       5.78619 -0.777600.3598010.039814
        0.      0.      0.      0.      0.      0.      
CONM2   113     2030    0       17.3586 1.04651 -0.48422-0.05358
        0.      0.      0.      0.      0.      0.      
CONM2   114     2031    0       5.63322 -0.769760.3561750.039413
        0.      0.      0.      0.      0.      0.      
CONM2   115     2031    0       16.8997 1.03437 -0.47861-0.05296
        0.      0.      0.      0.      0.      0.      
CONM2   116     2032    0       5.51282 -0.761900.35254 0.039011
        0.      0.      0.      0.      0.      0.      
CONM2   117     2032    0       16.5385 1.02225 -0.47300-0.05234
        0.      0.      0.      0.      0.      0.      
CONM2   118     2033    0       5.39348 -0.754030.3488980.038607
        0.      0.      0.      0.      0.      0.      
CONM2   119     2033    0       16.1804 1.01014 -0.46739-0.05172
        0.      0.      0.      0.      0.      0.      
CONM2   120     2034    0       5.2752  -0.746140.3452470.038203
        0.      0.      0.      0.      0.      0.      
CONM2   121     2034    0       15.8256 0.998052-0.46180-0.05110
        0.      0.      0.      0.      0.      0.      
CONM2   122     2035    0       5.15799 -0.738240.3415880.037799
        0.      0.      0.      0.      0.      0.      
CONM2   123     2035    0       15.474  0.985981-0.45622-0.05048
        0.      0.      0.      0.      0.      0.      
CONM2   124     2036    0       5.04183 -0.730310.3379220.037393
        0.      0.      0.      0.      0.      0.      
CONM2   125     2036    0       15.1255 0.973926-0.45064-0.04986
        0.      0.      0.      0.      0.      0.      
CONM2   126     2037    0       4.92673 -0.722370.3342470.036986
        0.      0.      0.      0.      0.      0.      
CONM2   127     2037    0       14.7802 0.961889-0.44507-0.04925
        0.      0.      0.      0.      0.      0.      
CONM2   128     2038    0       4.81269 -0.714410.3305650.036579
        0.      0.      0.      0.      0.      0.      
CONM2   129     2038    0       14.4381 0.949869-0.43951-0.04863
        0.      0.      0.      0.      0.      0.      
CONM2   130     2039    0       4.69971 -0.706440.3268740.036170
        0.      0.      0.      0.      0.      0.      
CONM2   131     2039    0       14.0991 0.937867-0.43395-0.04802
        0.      0.      0.      0.      0.      0.      
CONM2   132     2040    0       4.58779 -0.698440.3231760.035761
        0.      0.      0.      0.      0.      0.      
CONM2   133     2040    0       13.7634 0.925882-0.42841-0.04740
        0.      0.      0.      0.      0.      0.      
CONM2   134     2041    0       4.47694 -0.690430.31947 0.035351
        0.      0.      0.      0.      0.      0.      
CONM2   135     2041    0       13.4308 0.913914-0.42287-0.04679
        0.      0.      0.      0.      0.      0.      
CONM2   136     2042    0       4.36714 -0.682400.3157550.034940
        0.      0.      0.      0.      0.      0.      
CONM2   137     2042    0       13.1014 0.901963-0.41734-0.04618
        0.      0.      0.      0.      0.      0.      
CONM2   138     2043    0       4.2584  -0.674360.3120330.034528
        0.      0.      0.      0.      0.      0.      
CONM2   139     2043    0       12.7752 0.890029-0.41182-0.04557
        0.      0.      0.      0.      0.      0.      
CONM2   140     2044    0       4.15072 -0.666300.3083020.034115
        0.      0.      0.      0.      0.      0.      
CONM2   141     2044    0       12.4522 0.878113-0.40630-0.04496
        0.      0.      0.      0.      0.      0.      
CONM2   142     2045    0       4.0441  -0.658220.3045640.033702
        0.      0.      0.      0.      0.      0.      
CONM2   143     2045    0       12.1323 0.866214-0.40080-0.04435
        0.      0.      0.      0.      0.      0.      
CONM2   144     2046    0       3.93854 -0.650120.3008170.033287
        0.      0.      0.      0.      0.      0.      
CONM2   145     2046    0       11.8156 0.854332-0.39530-0.04374
        0.      0.      0.      0.      0.      0.      
CONM2   146     2047    0       3.83405 -0.642010.2970630.032872
        0.      0.      0.      0.      0.      0.      
CONM2   147     2047    0       11.5021 0.842468-0.38981-0.04313
        0.      0.      0.      0.      0.      0.      
CONM2   148     2048    0       3.73061 -0.633880.2933010.032455
        0.      0.      0.      0.      0.      0.      
CONM2   149     2048    0       11.1918 0.83062 -0.38433-0.04252
        0.      0.      0.      0.      0.      0.      
CONM2   150     2049    0       3.62823 -0.625730.28953 0.032038
        0.      0.      0.      0.      0.      0.      
CONM2   151     2049    0       10.8847 0.81879 -0.37886-0.04192
        0.      0.      0.      0.      0.      0.      
CONM2   152     2050    0       3.52691 -0.617560.2857520.031620
        0.      0.      0.      0.      0.      0.      
CONM2   153     2050    0       10.5807 0.806978-0.37339-0.04131
        0.      0.      0.      0.      0.      0.      
CONM2   154     2051    0       3.42665 -0.609380.2819660.031201
        0.      0.      0.      0.      0.      0.      
CONM2   155     2051    0       10.28   0.795182-0.36793-0.04071
        0.      0.      0.      0.      0.      0.      
CONM2   156     2052    0       3.32745 -0.601180.2781710.030781
        0.      0.      0.      0.      0.      0.      
CONM2   157     2052    0       9.98235 0.783404-0.36248-0.04011
        0.      0.      0.      0.      0.      0.      
CONM2   158     2053    0       3.22931 -0.592960.2743690.030360
        0.      0.      0.      0.      0.      0.      
CONM2   159     2053    0       9.68794 0.771643-0.35704-0.03950
        0.      0.      0.      0.      0.      0.      
CONM2   160     2054    0       3.13223 -0.584730.2705590.029939
        0.      0.      0.      0.      0.      0.      
CONM2   161     2054    0       9.3967  0.7599  -0.35161-0.03890
        0.      0.      0.      0.      0.      0.      
CONM2   162     2055    0       3.03621 -0.576470.2667410.029516
        0.      0.      0.      0.      0.      0.      
CONM2   163     2055    0       9.10864 0.748173-0.34618-0.03830
        0.      0.      0.      0.      0.      0.      
CONM2   164     2056    0       2.94126 -0.568200.2629140.029093
        0.      0.      0.      0.      0.      0.      
CONM2   165     2056    0       8.82377 0.736464-0.34076-0.03770
        0.      0.      0.      0.      0.      0.      
CONM2   166     2057    0       2.84736 -0.559920.25908 0.028669
        0.      0.      0.      0.      0.      0.      
CONM2   167     2057    0       8.54207 0.724772-0.33535-0.03710
        0.      0.      0.      0.      0.      0.      
CONM2   168     2058    0       2.75452 -0.551610.2552380.028243
        0.      0.      0.      0.      0.      0.      
CONM2   169     2058    0       8.26355 0.713098-0.32995-0.03651
        0.      0.      0.      0.      0.      0.      
CONM2   170     2059    0       2.66274 -0.543290.2513880.027817
        0.      0.      0.      0.      0.      0.      
CONM2   171     2059    0       7.98821 0.70144 -0.32456-0.03591
        0.      0.      0.      0.      0.      0.      
CONM2   172     2060    0       2.57202 -0.534960.2475290.027390
        0.      0.      0.      0.      0.      0.      
CONM2   173     2060    0       7.71606 0.6898  -0.31917-0.03531
        0.      0.      0.      0.      0.      0.      
CONM2   174     2061    0       2.4845  -0.531250.2394670.019762
        0.      0.      0.      0.      0.      0.      
CONM2   175     2061    0       7.4535  0.684611-0.30859-0.02546
        0.      0.      0.      0.      0.      0.      
CONM2   176     2062    0       2.41138 -0.525500.2368760.019548
        0.      0.      0.      0.      0.      0.      
CONM2   177     2062    0       7.23414 0.677242-0.30527-0.02519
        0.      0.      0.      0.      0.      0.      
CONM2   178     2063    0       2.34734 -0.518410.2336780.019284
        0.      0.      0.      0.      0.      0.      
CONM2   179     2063    0       7.04201 0.668145-0.30117-0.02485
        0.      0.      0.      0.      0.      0.      
CONM2   180     2064    0       2.28109 -0.511310.2304790.019020
        0.      0.      0.      0.      0.      0.      
CONM2   181     2064    0       6.84328 0.659051-0.29707-0.02451
        0.      0.      0.      0.      0.      0.      
CONM2   182     2065    0       2.21574 -0.504210.22728 0.018756
        0.      0.      0.      0.      0.      0.      
CONM2   183     2065    0       6.64723 0.649959-0.29297-0.02417
        0.      0.      0.      0.      0.      0.      
CONM2   184     2066    0       2.15129 -0.497110.2240790.018492
        0.      0.      0.      0.      0.      0.      
CONM2   185     2066    0       6.45387 0.640869-0.28887-0.02384
        0.      0.      0.      0.      0.      0.      
CONM2   186     2067    0       2.08773 -0.490010.2208770.018228
        0.      0.      0.      0.      0.      0.      
CONM2   187     2067    0       6.26318 0.631782-0.28478-0.02350
        0.      0.      0.      0.      0.      0.      
CONM2   188     2068    0       2.02506 -0.482900.2176740.017963
        0.      0.      0.      0.      0.      0.      
CONM2   189     2068    0       6.07517 0.622697-0.28068-0.02316
        0.      0.      0.      0.      0.      0.      
CONM2   190     2069    0       1.96328 -0.475790.21447 0.017699
        0.      0.      0.      0.      0.      0.      
CONM2   191     2069    0       5.88985 0.613615-0.27659-0.02282
        0.      0.      0.      0.      0.      0.      
CONM2   192     2070    0       1.9024  -0.468680.2112640.017434
        0.      0.      0.      0.      0.      0.      
CONM2   193     2070    0       5.7072  0.604535-0.27249-0.02248
        0.      0.      0.      0.      0.      0.      
CONM2   194     2071    0       1.84241 -0.461570.2080580.017170
        0.      0.      0.      0.      0.      0.      
CONM2   195     2071    0       5.52724 0.595457-0.26840-0.02215
        0.      0.      0.      0.      0.      0.      
CONM2   196     2072    0       1.78332 -0.454460.2048510.016905
        0.      0.      0.      0.      0.      0.      
CONM2   197     2072    0       5.34995 0.586382-0.26431-0.02181
        0.      0.      0.      0.      0.      0.      
CONM2   198     2073    0       1.72512 -0.447340.2016420.016640
        0.      0.      0.      0.      0.      0.      
CONM2   199     2073    0       5.17535 0.577309-0.26022-0.02147
        0.      0.      0.      0.      0.      0.      
CONM2   200     2074    0       1.66781 -0.440220.1984330.016376
        0.      0.      0.      0.      0.      0.      
CONM2   201     2074    0       5.00343 0.568238-0.25613-0.02113
        0.      0.      0.      0.      0.      0.      
CONM2   202     2075    0       1.6114  -0.433090.1952220.016111
        0.      0.      0.      0.      0.      0.      
CONM2   203     2075    0       4.83419 0.55917 -0.25205-0.02080
        0.      0.      0.      0.      0.      0.      
CONM2   204     2076    0       1.55588 -0.425970.1920110.015846
        0.      0.      0.      0.      0.      0.      
CONM2   205     2076    0       4.66763 0.550105-0.24796-0.02046
        0.      0.      0.      0.      0.      0.      
CONM2   206     2077    0       1.50125 -0.418840.1887980.015580
        0.      0.      0.      0.      0.      0.      
CONM2   207     2077    0       4.50375 0.541041-0.24387-0.02012
        0.      0.      0.      0.      0.      0.      
CONM2   208     2078    0       1.44752 -0.411710.1855840.015315
        0.      0.      0.      0.      0.      0.      
CONM2   209     2078    0       4.34255 0.531981-0.23979-0.01978
        0.      0.      0.      0.      0.      0.      
CONM2   210     2079    0       1.39468 -0.404580.1823690.015050
        0.      0.      0.      0.      0.      0.      
CONM2   211     2079    0       4.18404 0.522922-0.23571-0.01945
        0.      0.      0.      0.      0.      0.      
CONM2   212     2080    0       1.34273 -0.397450.1791530.014784
        0.      0.      0.      0.      0.      0.      
CONM2   213     2080    0       4.0282  0.513866-0.23162-0.01911
        0.      0.      0.      0.      0.      0.      
CONM2   214     2081    0       1.29168 -0.390310.1759360.014519
        0.      0.      0.      0.      0.      0.      
CONM2   215     2081    0       3.87505 0.504812-0.22754-0.01877
        0.      0.      0.      0.      0.      0.      
CONM2   216     2082    0       1.24152 -0.383170.1727180.014253
        0.      0.      0.      0.      0.      0.      
CONM2   217     2082    0       3.72457 0.495761-0.22346-0.01844
        0.      0.      0.      0.      0.      0.      
CONM2   218     2083    0       1.19226 -0.376030.1694990.013988
        0.      0.      0.      0.      0.      0.      
CONM2   219     2083    0       3.57678 0.486712-0.21938-0.01810
        0.      0.      0.      0.      0.      0.      
CONM2   220     2084    0       1.14389 -0.368880.1662780.013722
        0.      0.      0.      0.      0.      0.      
CONM2   221     2084    0       3.43167 0.477666-0.21531-0.01776
        0.      0.      0.      0.      0.      0.      
CONM2   222     2085    0       1.09641 -0.361740.1630570.013456
        0.      0.      0.      0.      0.      0.      
CONM2   223     2085    0       3.28923 0.468622-0.21123-0.01743
        0.      0.      0.      0.      0.      0.      
CONM2   224     2086    0       1.04983 -0.354590.1598350.013190
        0.      0.      0.      0.      0.      0.      
CONM2   225     2086    0       3.14948 0.45958 -0.20715-0.01709
        0.      0.      0.      0.      0.      0.      
CONM2   226     2087    0       1.00414 -0.347440.1566110.012924
        0.      0.      0.      0.      0.      0.      
CONM2   227     2087    0       3.01241 0.450541-0.20308-0.01675
        0.      0.      0.      0.      0.      0.      
CONM2   228     2088    0       0.959341-0.340280.1533860.012658
        0.      0.      0.      0.      0.      0.      
CONM2   229     2088    0       2.87802 0.441504-0.19901-0.01642
        0.      0.      0.      0.      0.      0.      
CONM2   230     2089    0       0.915438-0.333130.1501610.012392
        0.      0.      0.      0.      0.      0.      
CONM2   231     2089    0       2.74632 0.43247 -0.19493-0.01608
        0.      0.      0.      0.      0.      0.      
CONM2   232     2090    0       0.872429-0.325970.1469340.012126
        0.      0.      0.      0.      0.      0.      
CONM2   233     2090    0       2.61729 0.423438-0.19086-0.01575
        0.      0.      0.      0.      0.      0.      
CONM2   234     2091    0       0.830314-0.318810.1437060.011859
        0.      0.      0.      0.      0.      0.      
CONM2   235     2091    0       2.49094 0.414408-0.18679-0.01541
        0.      0.      0.      0.      0.      0.      
CONM2   236     2092    0       0.789092-0.311640.1404770.011593
        0.      0.      0.      0.      0.      0.      
CONM2   237     2092    0       2.36728 0.405381-0.18272-0.01507
        0.      0.      0.      0.      0.      0.      
CONM2   238     2093    0       0.627468-0.119130.0032140.123729
        0.      0.      0.      0.      0.      0.      
CONM2   239     2093    0       1.8824  0.155027-0.00418-0.16100
        0.      0.      0.      0.      0.      0.      
CONM2   240     2094    0       0.250668-0.003709.98e-050.003843
        0.      0.      0.      0.      0.      0.      
CONM2   241     2094    0       0.7520030.004815-0.00012-0.00500
        0.      0.      0.      0.      0.      0.      
CONM2   242     2095    0       0.014703-0.003509.45e-050.003639
        0.      0.      0.      0.      0.      0.      
CONM2   243     2095    0       0.0441100.004560-0.00012-0.00473
        0.      0.      0.      0.      0.      0.      
CONM2   244     2096    0       0.013904-0.003308.92e-050.003436
        0.      0.      0.      0.      0.      0.      
CONM2   245     2096    0       0.0417130.004305-0.00011-0.00447
        0.      0.      0.      0.      0.      0.      
CONM2   246     2097    0       0.013105-0.003118.40e-050.003233
        0.      0.      0.      0.      0.      0.      
CONM2   247     2097    0       0.0393150.004050-0.00010-0.00420
        0.      0.      0.      0.      0.      0.      
CONM2   248     2098    0       0.012306-0.002917.87e-050.003029
        0.      0.      0.      0.      0.      0.      
CONM2   249     2098    0       0.0369180.003796-0.00010-0.00394
        0.      0.      0.      0.      0.      0.      
CONM2   250     2099    0       0.011506-0.002727.34e-050.002826
        0.      0.      0.      0.      0.      0.      
CONM2   251     2099    0       0.0345200.003541-9.5e-05-0.00367
        0.      0.      0.      0.      0.      0.      
CONM2   252     2100    0       0.010707-0.002526.81e-050.002623
        0.      0.      0.      0.      0.      0.      
CONM2   253     2100    0       0.0321230.003286-8.8e-05-0.00341
        0.      0.      0.      0.      0.      0.      
CONM2   254     2101    0       0.009908-0.002326.28e-050.002419
        0.      0.      0.      0.      0.      0.      
CONM2   255     2101    0       0.0297260.003031-8.1e-05-0.00314
        0.      0.      0.      0.      0.      0.      
CONM2   256     2102    0       0.009109-0.002135.75e-050.002216
        0.      0.      0.      0.      0.      0.      
CONM2   257     2102    0       0.0273280.002777-7.4e-05-0.00288
        0.      0.      0.      0.      0.      0.      
CONM2   258     2103    0       0.008310-0.001935.23e-050.002013
        0.      0.      0.      0.      0.      0.      
CONM2   259     2103    0       0.0249310.002522-6.8e-05-0.00261
        0.      0.      0.      0.      0.      0.      
CONM2   260     2104    0       0.007511-0.001744.70e-050.001809
        0.      0.      0.      0.      0.      0.      
CONM2   261     2104    0       0.0225330.002267-6.1e-05-0.00235
        0.      0.      0.      0.      0.      0.      
CONM2   262     2105    0       0.006712-0.001544.17e-050.001606
        0.      0.      0.      0.      0.      0.      
CONM2   263     2105    0       0.0201360.002012-5.4e-05-0.00209
        0.      0.      0.      0.      0.      0.      
CONM2   264     2106    0       0.005913-0.001353.64e-050.001402
        0.      0.      0.      0.      0.      0.      
CONM2   265     2106    0       0.0177390.001757-4.7e-05-0.00182
        0.      0.      0.      0.      0.      0.      
CONM2   266     2107    0       0.002756-0.001353.64e-050.001402
        0.      0.      0.      0.      0.      0.      
CONM2   267     2107    0       0.0082700.001757-4.7e-05-0.00182
        0.      0.      0.      0.      0.      0.      
CONM2   268     2000    0       12.984  -1.302060       0       
        0.      0.      0.      0.      0.      0.      
CONM2   269     2000    0       38.9521 2.25862 0       0       
        0.      0.      0.      0.      0.      0.      
CONM2   270     2108    0       25.9681 -1.302060       0       
        0.      0.      0.      0.      0.      0.      
CONM2   271     2108    0       77.9042 2.25862 0       0       
        0.      0.      0.      0.      0.      0.      
CONM2   272     2109    0       21.1403 -1.19853-0.480330.111699
        0.      0.      0.      0.      0.      0.      
CONM2   273     2109    0       63.421  2.06911 0.829241-0.19283
        0.      0.      0.      0.      0.      0.      
CONM2   274     2110    0       16.0724 -1.18718-0.475790.110641
        0.      0.      0.      0.      0.      0.      
CONM2   275     2110    0       48.2172 2.03005 0.813588-0.18919
        0.      0.      0.      0.      0.      0.      
CONM2   276     2111    0       15.5953 -1.17561-0.471150.109563
        0.      0.      0.      0.      0.      0.      
CONM2   277     2111    0       46.786  1.99121 0.798024-0.18557
        0.      0.      0.      0.      0.      0.      
CONM2   278     2112    0       15.1251 -1.16382-0.466420.108464
        0.      0.      0.      0.      0.      0.      
CONM2   279     2112    0       45.3754 1.9526  0.78255 -0.18197
        0.      0.      0.      0.      0.      0.      
CONM2   280     2113    0       14.6618 -1.15181-0.461610.107345
        0.      0.      0.      0.      0.      0.      
CONM2   281     2113    0       43.9854 1.91422 0.767165-0.17839
        0.      0.      0.      0.      0.      0.      
CONM2   282     2114    0       14.2053 -1.13957-0.456700.106204
        0.      0.      0.      0.      0.      0.      
CONM2   283     2114    0       42.6159 1.87605 0.75187 -0.17484
        0.      0.      0.      0.      0.      0.      
CONM2   284     2115    0       13.7557 -1.12711-0.451710.105043
        0.      0.      0.      0.      0.      0.      
CONM2   285     2115    0       41.267  1.83811 0.736664-0.17130
        0.      0.      0.      0.      0.      0.      
CONM2   286     2116    0       13.3129 -1.11443-0.446630.103861
        0.      0.      0.      0.      0.      0.      
CONM2   287     2116    0       39.9386 1.80039 0.721548-0.16779
        0.      0.      0.      0.      0.      0.      
CONM2   288     2117    0       12.8769 -1.10152-0.441460.102658
        0.      0.      0.      0.      0.      0.      
CONM2   289     2117    0       38.6308 1.7629  0.706521-0.16429
        0.      0.      0.      0.      0.      0.      
CONM2   290     2118    0       12.4478 -1.08839-0.436190.101434
        0.      0.      0.      0.      0.      0.      
CONM2   291     2118    0       37.3435 1.72562 0.691584-0.16082
        0.      0.      0.      0.      0.      0.      
CONM2   292     2119    0       12.0256 -1.07504-0.430840.10019 
        0.      0.      0.      0.      0.      0.      
CONM2   293     2119    0       36.0768 1.68858 0.676735-0.15737
        0.      0.      0.      0.      0.      0.      
CONM2   294     2120    0       11.6102 -1.06146-0.425400.098924
        0.      0.      0.      0.      0.      0.      
CONM2   295     2120    0       34.8306 1.65175 0.661977-0.15393
        0.      0.      0.      0.      0.      0.      
CONM2   296     2121    0       11.2017 -1.04766-0.419870.097638
        0.      0.      0.      0.      0.      0.      
CONM2   297     2121    0       33.605  1.61515 0.647308-0.15052
        0.      0.      0.      0.      0.      0.      
CONM2   298     2122    0       10.8    -1.03364-0.414250.096331
        0.      0.      0.      0.      0.      0.      
CONM2   299     2122    0       32.3999 1.57877 0.632728-0.14713
        0.      0.      0.      0.      0.      0.      
CONM2   300     2123    0       10.4051 -1.0194 -0.408540.095004
        0.      0.      0.      0.      0.      0.      
CONM2   301     2123    0       31.2154 1.54261 0.618238-0.14376
        0.      0.      0.      0.      0.      0.      
CONM2   302     2124    0       10.0171 -1.00493-0.402740.093655
        0.      0.      0.      0.      0.      0.      
CONM2   303     2124    0       30.0514 1.50668 0.603837-0.14041
        0.      0.      0.      0.      0.      0.      
CONM2   304     2125    0       9.63598 -0.99023-0.396850.092286
        0.      0.      0.      0.      0.      0.      
CONM2   305     2125    0       28.908  1.47097 0.589525-0.13709
        0.      0.      0.      0.      0.      0.      
CONM2   306     2126    0       9.26169 -0.97531-0.390880.090896
        0.      0.      0.      0.      0.      0.      
CONM2   307     2126    0       27.7851 1.43549 0.575304-0.13378
        0.      0.      0.      0.      0.      0.      
CONM2   308     2127    0       8.89425 -0.96018-0.384810.089485
        0.      0.      0.      0.      0.      0.      
CONM2   309     2127    0       26.6827 1.40022 0.561171-0.13049
        0.      0.      0.      0.      0.      0.      
CONM2   310     2128    0       8.53366 -0.94481-0.378650.088054
        0.      0.      0.      0.      0.      0.      
CONM2   311     2128    0       25.601  1.36518 0.547128-0.12723
        0.      0.      0.      0.      0.      0.      
CONM2   312     2129    0       8.17991 -0.92923-0.372410.086601
        0.      0.      0.      0.      0.      0.      
CONM2   313     2129    0       24.5397 1.33037 0.533174-0.12398
        0.      0.      0.      0.      0.      0.      
CONM2   314     2130    0       7.57993 -0.91342-0.366070.085128
        0.      0.      0.      0.      0.      0.      
CONM2   315     2130    0       22.7398 1.29577 0.51931 -0.12076
        0.      0.      0.      0.      0.      0.      
CONM2   316     2131    0       6.99791 -0.89739-0.359650.083634
        0.      0.      0.      0.      0.      0.      
CONM2   317     2131    0       20.9937 1.2614  0.505535-0.11755
        0.      0.      0.      0.      0.      0.      
CONM2   318     2132    0       6.68674 -0.88114-0.353130.082119
        0.      0.      0.      0.      0.      0.      
CONM2   319     2132    0       20.0602 1.22725 0.49185 -0.11437
        0.      0.      0.      0.      0.      0.      
CONM2   320     2133    0       6.38196 -0.86466-0.346530.080583
        0.      0.      0.      0.      0.      0.      
CONM2   321     2133    0       19.1459 1.19333 0.478254-0.11121
        0.      0.      0.      0.      0.      0.      
CONM2   322     2134    0       6.08357 -0.84796-0.339840.079027
        0.      0.      0.      0.      0.      0.      
CONM2   323     2134    0       18.2507 1.15963 0.464748-0.10807
        0.      0.      0.      0.      0.      0.      
CONM2   324     2135    0       5.79159 -0.83103-0.333050.077450
        0.      0.      0.      0.      0.      0.      
CONM2   325     2135    0       17.3748 1.12615 0.451331-0.10495
        0.      0.      0.      0.      0.      0.      
CONM2   326     2136    0       5.76295 -0.79390-0.367340.040649
        0.      0.      0.      0.      0.      0.      
CONM2   327     2136    0       17.2888 1.07011 0.495146-0.05479
        0.      0.      0.      0.      0.      0.      
CONM2   328     2137    0       5.78619 -0.77760-0.359800.039814
        0.      0.      0.      0.      0.      0.      
CONM2   329     2137    0       17.3586 1.04651 0.484228-0.05358
        0.      0.      0.      0.      0.      0.      
CONM2   330     2138    0       5.63322 -0.76976-0.356170.039413
        0.      0.      0.      0.      0.      0.      
CONM2   331     2138    0       16.8997 1.03437 0.47861 -0.05296
        0.      0.      0.      0.      0.      0.      
CONM2   332     2139    0       5.51282 -0.76190-0.352540.039011
        0.      0.      0.      0.      0.      0.      
CONM2   333     2139    0       16.5385 1.02225 0.473001-0.05234
        0.      0.      0.      0.      0.      0.      
CONM2   334     2140    0       5.39348 -0.75403-0.348890.038607
        0.      0.      0.      0.      0.      0.      
CONM2   335     2140    0       16.1804 1.01014 0.467399-0.05172
        0.      0.      0.      0.      0.      0.      
CONM2   336     2141    0       5.2752  -0.74614-0.345240.038203
        0.      0.      0.      0.      0.      0.      
CONM2   337     2141    0       15.8256 0.9980520.461805-0.05110
        0.      0.      0.      0.      0.      0.      
CONM2   338     2142    0       5.15799 -0.73824-0.341580.037799
        0.      0.      0.      0.      0.      0.      
CONM2   339     2142    0       15.474  0.9859810.45622 -0.05048
        0.      0.      0.      0.      0.      0.      
CONM2   340     2143    0       5.04183 -0.73031-0.337920.037393
        0.      0.      0.      0.      0.      0.      
CONM2   341     2143    0       15.1255 0.9739260.450642-0.04986
        0.      0.      0.      0.      0.      0.      
CONM2   342     2144    0       4.92673 -0.72237-0.334240.036986
        0.      0.      0.      0.      0.      0.      
CONM2   343     2144    0       14.7802 0.9618890.445073-0.04925
        0.      0.      0.      0.      0.      0.      
CONM2   344     2145    0       4.81269 -0.71441-0.330560.036579
        0.      0.      0.      0.      0.      0.      
CONM2   345     2145    0       14.4381 0.9498690.439511-0.04863
        0.      0.      0.      0.      0.      0.      
CONM2   346     2146    0       4.69971 -0.70644-0.326870.036170
        0.      0.      0.      0.      0.      0.      
CONM2   347     2146    0       14.0991 0.9378670.433957-0.04802
        0.      0.      0.      0.      0.      0.      
CONM2   348     2147    0       4.58779 -0.69844-0.323170.035761
        0.      0.      0.      0.      0.      0.      
CONM2   349     2147    0       13.7634 0.9258820.428412-0.04740
        0.      0.      0.      0.      0.      0.      
CONM2   350     2148    0       4.47694 -0.69043-0.319470.035351
        0.      0.      0.      0.      0.      0.      
CONM2   351     2148    0       13.4308 0.9139140.422874-0.04679
        0.      0.      0.      0.      0.      0.      
CONM2   352     2149    0       4.36714 -0.68240-0.315750.034940
        0.      0.      0.      0.      0.      0.      
CONM2   353     2149    0       13.1014 0.9019630.417344-0.04618
        0.      0.      0.      0.      0.      0.      
CONM2   354     2150    0       4.2584  -0.67436-0.312030.034528
        0.      0.      0.      0.      0.      0.      
CONM2   355     2150    0       12.7752 0.8900290.411822-0.04557
        0.      0.      0.      0.      0.      0.      
CONM2   356     2151    0       4.15072 -0.66630-0.308300.034115
        0.      0.      0.      0.      0.      0.      
CONM2   357     2151    0       12.4522 0.8781130.406309-0.04496
        0.      0.      0.      0.      0.      0.      
CONM2   358     2152    0       4.0441  -0.65822-0.304560.033702
        0.      0.      0.      0.      0.      0.      
CONM2   359     2152    0       12.1323 0.8662140.400803-0.04435
        0.      0.      0.      0.      0.      0.      
CONM2   360     2153    0       3.93854 -0.65012-0.300810.033287
        0.      0.      0.      0.      0.      0.      
CONM2   361     2153    0       11.8156 0.8543320.395305-0.04374
        0.      0.      0.      0.      0.      0.      
CONM2   362     2154    0       3.83405 -0.64201-0.297060.032872
        0.      0.      0.      0.      0.      0.      
CONM2   363     2154    0       11.5021 0.8424680.389815-0.04313
        0.      0.      0.      0.      0.      0.      
CONM2   364     2155    0       3.73061 -0.63388-0.293300.032455
        0.      0.      0.      0.      0.      0.      
CONM2   365     2155    0       11.1918 0.83062 0.384334-0.04252
        0.      0.      0.      0.      0.      0.      
CONM2   366     2156    0       3.62823 -0.62573-0.289530.032038
        0.      0.      0.      0.      0.      0.      
CONM2   367     2156    0       10.8847 0.81879 0.37886 -0.04192
        0.      0.      0.      0.      0.      0.      
CONM2   368     2157    0       3.52691 -0.61756-0.285750.031620
        0.      0.      0.      0.      0.      0.      
CONM2   369     2157    0       10.5807 0.8069780.373394-0.04131
        0.      0.      0.      0.      0.      0.      
CONM2   370     2158    0       3.42665 -0.60938-0.281960.031201
        0.      0.      0.      0.      0.      0.      
CONM2   371     2158    0       10.28   0.7951820.367936-0.04071
        0.      0.      0.      0.      0.      0.      
CONM2   372     2159    0       3.32745 -0.60118-0.278170.030781
        0.      0.      0.      0.      0.      0.      
CONM2   373     2159    0       9.98235 0.7834040.362486-0.04011
        0.      0.      0.      0.      0.      0.      
CONM2   374     2160    0       3.22931 -0.59296-0.274360.030360
        0.      0.      0.      0.      0.      0.      
CONM2   375     2160    0       9.68794 0.7716430.357044-0.03950
        0.      0.      0.      0.      0.      0.      
CONM2   376     2161    0       3.13223 -0.58473-0.270550.029939
        0.      0.      0.      0.      0.      0.      
CONM2   377     2161    0       9.3967  0.7599  0.351611-0.03890
        0.      0.      0.      0.      0.      0.      
CONM2   378     2162    0       3.03621 -0.57647-0.266740.029516
        0.      0.      0.      0.      0.      0.      
CONM2   379     2162    0       9.10864 0.7481730.346185-0.03830
        0.      0.      0.      0.      0.      0.      
CONM2   380     2163    0       2.94126 -0.56820-0.262910.029093
        0.      0.      0.      0.      0.      0.      
CONM2   381     2163    0       8.82377 0.7364640.340767-0.03770
        0.      0.      0.      0.      0.      0.      
CONM2   382     2164    0       2.84736 -0.55992-0.259080.028669
        0.      0.      0.      0.      0.      0.      
CONM2   383     2164    0       8.54207 0.7247720.335357-0.03710
        0.      0.      0.      0.      0.      0.      
CONM2   384     2165    0       2.75452 -0.55161-0.255230.028243
        0.      0.      0.      0.      0.      0.      
CONM2   385     2165    0       8.26355 0.7130980.329955-0.03651
        0.      0.      0.      0.      0.      0.      
CONM2   386     2166    0       2.66274 -0.54329-0.251380.027817
        0.      0.      0.      0.      0.      0.      
CONM2   387     2166    0       7.98821 0.70144 0.324561-0.03591
        0.      0.      0.      0.      0.      0.      
CONM2   388     2167    0       2.57202 -0.53496-0.247520.027390
        0.      0.      0.      0.      0.      0.      
CONM2   389     2167    0       7.71606 0.6898  0.319175-0.03531
        0.      0.      0.      0.      0.      0.      
CONM2   390     2168    0       2.4845  -0.53125-0.239460.019762
        0.      0.      0.      0.      0.      0.      
CONM2   391     2168    0       7.4535  0.6846110.308593-0.02546
        0.      0.      0.      0.      0.      0.      
CONM2   392     2169    0       2.41138 -0.52550-0.236870.019548
        0.      0.      0.      0.      0.      0.      
CONM2   393     2169    0       7.23414 0.6772420.305272-0.02519
        0.      0.      0.      0.      0.      0.      
CONM2   394     2170    0       2.34734 -0.51841-0.233670.019284
        0.      0.      0.      0.      0.      0.      
CONM2   395     2170    0       7.04201 0.6681450.301171-0.02485
        0.      0.      0.      0.      0.      0.      
CONM2   396     2171    0       2.28109 -0.51131-0.230470.019020
        0.      0.      0.      0.      0.      0.      
CONM2   397     2171    0       6.84328 0.6590510.297072-0.02451
        0.      0.      0.      0.      0.      0.      
CONM2   398     2172    0       2.21574 -0.50421-0.227280.018756
        0.      0.      0.      0.      0.      0.      
CONM2   399     2172    0       6.64723 0.6499590.292973-0.02417
        0.      0.      0.      0.      0.      0.      
CONM2   400     2173    0       2.15129 -0.49711-0.224070.018492
        0.      0.      0.      0.      0.      0.      
CONM2   401     2173    0       6.45387 0.6408690.288876-0.02384
        0.      0.      0.      0.      0.      0.      
CONM2   402     2174    0       2.08773 -0.49001-0.220870.018228
        0.      0.      0.      0.      0.      0.      
CONM2   403     2174    0       6.26318 0.6317820.28478 -0.02350
        0.      0.      0.      0.      0.      0.      
CONM2   404     2175    0       2.02506 -0.48290-0.217670.017963
        0.      0.      0.      0.      0.      0.      
CONM2   405     2175    0       6.07517 0.6226970.280685-0.02316
        0.      0.      0.      0.      0.      0.      
CONM2   406     2176    0       1.96328 -0.47579-0.214470.017699
        0.      0.      0.      0.      0.      0.      
CONM2   407     2176    0       5.88985 0.6136150.276591-0.02282
        0.      0.      0.      0.      0.      0.      
CONM2   408     2177    0       1.9024  -0.46868-0.211260.017434
        0.      0.      0.      0.      0.      0.      
CONM2   409     2177    0       5.7072  0.6045350.272498-0.02248
        0.      0.      0.      0.      0.      0.      
CONM2   410     2178    0       1.84241 -0.46157-0.208050.017170
        0.      0.      0.      0.      0.      0.      
CONM2   411     2178    0       5.52724 0.5954570.268406-0.02215
        0.      0.      0.      0.      0.      0.      
CONM2   412     2179    0       1.78332 -0.45446-0.204850.016905
        0.      0.      0.      0.      0.      0.      
CONM2   413     2179    0       5.34995 0.5863820.264316-0.02181
        0.      0.      0.      0.      0.      0.      
CONM2   414     2180    0       1.72512 -0.44734-0.201640.016640
        0.      0.      0.      0.      0.      0.      
CONM2   415     2180    0       5.17535 0.5773090.260226-0.02147
        0.      0.      0.      0.      0.      0.      
CONM2   416     2181    0       1.66781 -0.44022-0.198430.016376
        0.      0.      0.      0.      0.      0.      
CONM2   417     2181    0       5.00343 0.5682380.256137-0.02113
        0.      0.      0.      0.      0.      0.      
CONM2   418     2182    0       1.6114  -0.43309-0.195220.016111
        0.      0.      0.      0.      0.      0.      
CONM2   419     2182    0       4.83419 0.55917 0.25205 -0.02080
        0.      0.      0.      0.      0.      0.      
CONM2   420     2183    0       1.55588 -0.42597-0.192010.015846
        0.      0.      0.      0.      0.      0.      
CONM2   421     2183    0       4.66763 0.5501050.247963-0.02046
        0.      0.      0.      0.      0.      0.      
CONM2   422     2184    0       1.50125 -0.41884-0.188790.015580
        0.      0.      0.      0.      0.      0.      
CONM2   423     2184    0       4.50375 0.5410410.243878-0.02012
        0.      0.      0.      0.      0.      0.      
CONM2   424     2185    0       1.44752 -0.41171-0.185580.015315
        0.      0.      0.      0.      0.      0.      
CONM2   425     2185    0       4.34255 0.5319810.239794-0.01978
        0.      0.      0.      0.      0.      0.      
CONM2   426     2186    0       1.39468 -0.40458-0.182360.015050
        0.      0.      0.      0.      0.      0.      
CONM2   427     2186    0       4.18404 0.5229220.235711-0.01945
        0.      0.      0.      0.      0.      0.      
CONM2   428     2187    0       1.34273 -0.39745-0.179150.014784
        0.      0.      0.      0.      0.      0.      
CONM2   429     2187    0       4.0282  0.5138660.231629-0.01911
        0.      0.      0.      0.      0.      0.      
CONM2   430     2188    0       1.29168 -0.39031-0.175930.014519
        0.      0.      0.      0.      0.      0.      
CONM2   431     2188    0       3.87505 0.5048120.227548-0.01877
        0.      0.      0.      0.      0.      0.      
CONM2   432     2189    0       1.24152 -0.38317-0.172710.014253
        0.      0.      0.      0.      0.      0.      
CONM2   433     2189    0       3.72457 0.4957610.223468-0.01844
        0.      0.      0.      0.      0.      0.      
CONM2   434     2190    0       1.19226 -0.37603-0.169490.013988
        0.      0.      0.      0.      0.      0.      
CONM2   435     2190    0       3.57678 0.4867120.219389-0.01810
        0.      0.      0.      0.      0.      0.      
CONM2   436     2191    0       1.14389 -0.36888-0.166270.013722
        0.      0.      0.      0.      0.      0.      
CONM2   437     2191    0       3.43167 0.4776660.215311-0.01776
        0.      0.      0.      0.      0.      0.      
CONM2   438     2192    0       1.09641 -0.36174-0.163050.013456
        0.      0.      0.      0.      0.      0.      
CONM2   439     2192    0       3.28923 0.4686220.211234-0.01743
        0.      0.      0.      0.      0.      0.      
CONM2   440     2193    0       1.04983 -0.35459-0.159830.013190
        0.      0.      0.      0.      0.      0.      
CONM2   441     2193    0       3.14948 0.45958 0.207159-0.01709
        0.      0.      0.      0.      0.      0.      
CONM2   442     2194    0       1.00414 -0.34744-0.156610.012924
        0.      0.      0.      0.      0.      0.      
CONM2   443     2194    0       3.01241 0.4505410.203084-0.01675
        0.      0.      0.      0.      0.      0.      
CONM2   444     2195    0       0.959341-0.34028-0.153380.012658
        0.      0.      0.      0.      0.      0.      
CONM2   445     2195    0       2.87802 0.4415040.199011-0.01642
        0.      0.      0.      0.      0.      0.      
CONM2   446     2196    0       0.915438-0.33313-0.150160.012392
        0.      0.      0.      0.      0.      0.      
CONM2   447     2196    0       2.74632 0.43247 0.194939-0.01608
        0.      0.      0.      0.      0.      0.      
CONM2   448     2197    0       0.872429-0.32597-0.146930.012126
        0.      0.      0.      0.      0.      0.      
CONM2   449     2197    0       2.61729 0.4234380.190867-0.01575
        0.      0.      0.      0.      0.      0.      
CONM2   450     2198    0       0.830314-0.31881-0.143700.011859
        0.      0.      0.      0.      0.      0.      
CONM2   451     2198    0       2.49094 0.4144080.186797-0.01541
        0.      0.      0.      0.      0.      0.      
CONM2   452     2199    0       0.789092-0.31164-0.140470.011593
        0.      0.      0.      0.      0.      0.      
CONM2   453     2199    0       2.36728 0.4053810.182728-0.01507
        0.      0.      0.      0.      0.      0.      
CONM2   454     2200    0       0.627468-0.11913-0.003210.123729
        0.      0.      0.      0.      0.      0.      
CONM2   455     2200    0       1.8824  0.1550270.004183-0.16100
        0.      0.      0.      0.      0.      0.      
CONM2   456     2201    0       0.250668-0.00370-9.9e-050.003843
        0.      0.      0.      0.      0.      0.      
CONM2   457     2201    0       0.7520030.0048150.000129-0.00500
        0.      0.      0.      0.      0.      0.      
CONM2   458     2202    0       0.014703-0.00350-9.4e-050.003639
        0.      0.      0.      0.      0.      0.      
CONM2   459     2202    0       0.0441100.0045600.000123-0.00473
        0.      0.      0.      0.      0.      0.      
CONM2   460     2203    0       0.013904-0.00330-8.9e-050.003436
        0.      0.      0.      0.      0.      0.      
CONM2   461     2203    0       0.0417130.0043050.000116-0.00447
        0.      0.      0.      0.      0.      0.      
CONM2   462     2204    0       0.013105-0.00311-8.4e-050.003233
        0.      0.      0.      0.      0.      0.      
CONM2   463     2204    0       0.0393150.0040500.000109-0.00420
        0.      0.      0.      0.      0.      0.      
CONM2   464     2205    0       0.012306-0.00291-7.8e-050.003029
        0.      0.      0.      0.      0.      0.      
CONM2   465     2205    0       0.0369180.0037960.000102-0.00394
        0.      0.      0.      0.      0.      0.      
CONM2   466     2206    0       0.011506-0.00272-7.3e-050.002826
        0.      0.      0.      0.      0.      0.      
CONM2   467     2206    0       0.0345200.0035419.55e-05-0.00367
        0.      0.      0.      0.      0.      0.      
CONM2   468     2207    0       0.010707-0.00252-6.8e-050.002623
        0.      0.      0.      0.      0.      0.      
CONM2   469     2207    0       0.0321230.0032868.86e-05-0.00341
        0.      0.      0.      0.      0.      0.      
CONM2   470     2208    0       0.009908-0.00232-6.2e-050.002419
        0.      0.      0.      0.      0.      0.      
CONM2   471     2208    0       0.0297260.0030318.18e-05-0.00314
        0.      0.      0.      0.      0.      0.      
CONM2   472     2209    0       0.009109-0.00213-5.7e-050.002216
        0.      0.      0.      0.      0.      0.      
CONM2   473     2209    0       0.0273280.0027777.49e-05-0.00288
        0.      0.      0.      0.      0.      0.      
CONM2   474     2210    0       0.008310-0.00193-5.2e-050.002013
        0.      0.      0.      0.      0.      0.      
CONM2   475     2210    0       0.0249310.0025226.80e-05-0.00261
        0.      0.      0.      0.      0.      0.      
CONM2   476     2211    0       0.007511-0.00174-4.7e-050.001809
        0.      0.      0.      0.      0.      0.      
CONM2   477     2211    0       0.0225330.0022676.11e-05-0.00235
        0.      0.      0.      0.      0.      0.      
CONM2   478     2212    0       0.006712-0.00154-4.1e-050.001606
        0.      0.      0.      0.      0.      0.      
CONM2   479     2212    0       0.0201360.0020125.43e-05-0.00209
        0.      0.      0.      0.      0.      0.      
CONM2   480     2213    0       0.005913-0.00135-3.6e-050.001402
        0.      0.      0.      0.      0.      0.      
CONM2   481     2213    0       0.0177390.0017574.74e-05-0.00182
        0.      0.      0.      0.      0.      0.      
CONM2   482     2214    0       0.002756-0.00135-3.6e-050.001402
        0.      0.      0.      0.      0.      0.      
CONM2   483     2214    0       0.0082700.0017574.74e-05-0.00182
        0.      0.      0.      0.      0.      0.      

$-------2-------3-------4-------5-------6-------7-------8-------9-------10
$ Lumped masses: VTAIL 1078.138 Kg
$-------2-------3-------4-------5-------6-------7-------8-------9-------10
CONM2   484     3000    0       8.40744 -1.141860       0.679269
        0.      0.      0.      0.      0.      0.      
CONM2   485     3000    0       25.2223 1.38655 0       -0.82482
        0.      0.      0.      0.      0.      0.      
CONM2   486     3001    0       16.4734 -1.118430       0.66533 
        0.      0.      0.      0.      0.      0.      
CONM2   487     3001    0       49.4201 1.35809 0       -0.8079 
        0.      0.      0.      0.      0.      0.      
CONM2   488     3002    0       15.7974 -1.095  0       0.65139 
        0.      0.      0.      0.      0.      0.      
CONM2   489     3002    0       47.3923 1.32964 0       -0.79097
        0.      0.      0.      0.      0.      0.      
CONM2   490     3003    0       15.1356 -1.071570       0.637451
        0.      0.      0.      0.      0.      0.      
CONM2   491     3003    0       45.4069 1.30119 0       -0.77404
        0.      0.      0.      0.      0.      0.      
CONM2   492     3004    0       14.488  -1.048130       0.623512
        0.      0.      0.      0.      0.      0.      
CONM2   493     3004    0       43.464  1.27273 0       -0.75712
        0.      0.      0.      0.      0.      0.      
CONM2   494     3005    0       13.8545 -1.0247 0       0.609573
        0.      0.      0.      0.      0.      0.      
CONM2   495     3005    0       41.5636 1.24428 0       -0.74019
        0.      0.      0.      0.      0.      0.      
CONM2   496     3006    0       13.2352 -1.001270       0.595633
        0.      0.      0.      0.      0.      0.      
CONM2   497     3006    0       39.7057 1.21583 0       -0.72326
        0.      0.      0.      0.      0.      0.      
CONM2   498     3007    0       12.6301 -0.977830       0.581694
        0.      0.      0.      0.      0.      0.      
CONM2   499     3007    0       37.8903 1.18738 0       -0.70634
        0.      0.      0.      0.      0.      0.      
CONM2   500     3008    0       12.0391 -0.954400       0.567755
        0.      0.      0.      0.      0.      0.      
CONM2   501     3008    0       36.1173 1.15892 0       -0.68941
        0.      0.      0.      0.      0.      0.      
CONM2   502     3009    0       11.4623 -0.930970       0.553816
        0.      0.      0.      0.      0.      0.      
CONM2   503     3009    0       34.3869 1.13047 0       -0.67249
        0.      0.      0.      0.      0.      0.      
CONM2   504     3010    0       10.8996 -0.907540       0.539877
        0.      0.      0.      0.      0.      0.      
CONM2   505     3010    0       32.6989 1.10202 0       -0.65556
        0.      0.      0.      0.      0.      0.      
CONM2   506     3011    0       10.3511 -0.884110       0.525937
        0.      0.      0.      0.      0.      0.      
CONM2   507     3011    0       31.0534 1.07356 0       -0.63863
        0.      0.      0.      0.      0.      0.      
CONM2   508     3012    0       9.8168  -0.860670       0.511998
        0.      0.      0.      0.      0.      0.      
CONM2   509     3012    0       29.4504 1.04511 0       -0.62171
        0.      0.      0.      0.      0.      0.      
CONM2   510     3013    0       9.29662 -0.837240       0.498059
        0.      0.      0.      0.      0.      0.      
CONM2   511     3013    0       27.8899 1.01666 0       -0.60478
        0.      0.      0.      0.      0.      0.      
CONM2   512     3014    0       8.79061 -0.813810       0.48412 
        0.      0.      0.      0.      0.      0.      
CONM2   513     3014    0       26.3718 0.9882030       -0.58786
        0.      0.      0.      0.      0.      0.      
CONM2   514     3015    0       8.29876 -0.790380       0.470181
        0.      0.      0.      0.      0.      0.      
CONM2   515     3015    0       24.8963 0.9597490       -0.57093
        0.      0.      0.      0.      0.      0.      
CONM2   516     3016    0       7.82108 -0.766950       0.456241
        0.      0.      0.      0.      0.      0.      
CONM2   517     3016    0       23.4632 0.9312960       -0.55400
        0.      0.      0.      0.      0.      0.      
CONM2   518     3017    0       7.35755 -0.743510       0.442302
        0.      0.      0.      0.      0.      0.      
CONM2   519     3017    0       22.0727 0.9028430       -0.53708
        0.      0.      0.      0.      0.      0.      
CONM2   520     3018    0       6.90819 -0.720080       0.428363
        0.      0.      0.      0.      0.      0.      
CONM2   521     3018    0       20.7246 0.87439 0       -0.52015
        0.      0.      0.      0.      0.      0.      
CONM2   522     3019    0       6.47299 -0.696650       0.414424
        0.      0.      0.      0.      0.      0.      
CONM2   523     3019    0       19.419  0.8459360       -0.50322
        0.      0.      0.      0.      0.      0.      
CONM2   524     3020    0       6.05195 -0.673220       0.400484
        0.      0.      0.      0.      0.      0.      
CONM2   525     3020    0       18.1558 0.8174830       -0.48630
        0.      0.      0.      0.      0.      0.      
CONM2   526     3021    0       5.64507 -0.649780       0.386545
        0.      0.      0.      0.      0.      0.      
CONM2   527     3021    0       16.9352 0.78903 0       -0.46937
        0.      0.      0.      0.      0.      0.      
CONM2   528     3022    0       5.25235 -0.626350       0.372606
        0.      0.      0.      0.      0.      0.      
CONM2   529     3022    0       15.7571 0.7605770       -0.45245
        0.      0.      0.      0.      0.      0.      
CONM2   530     3023    0       4.8738  -0.602920       0.358667
        0.      0.      0.      0.      0.      0.      
CONM2   531     3023    0       14.6214 0.7321230       -0.43552
        0.      0.      0.      0.      0.      0.      
CONM2   532     3024    0       4.5094  -0.579490       0.344728
        0.      0.      0.      0.      0.      0.      
CONM2   533     3024    0       13.5282 0.70367 0       -0.41859
        0.      0.      0.      0.      0.      0.      
CONM2   534     3025    0       4.15917 -0.556060       0.330788
        0.      0.      0.      0.      0.      0.      
CONM2   535     3025    0       12.4775 0.6752170       -0.40167
        0.      0.      0.      0.      0.      0.      
CONM2   536     3026    0       3.8231  -0.532620       0.316849
        0.      0.      0.      0.      0.      0.      
CONM2   537     3026    0       11.4693 0.6467640       -0.38474
        0.      0.      0.      0.      0.      0.      
CONM2   538     3027    0       3.50119 -0.509190       0.30291 
        0.      0.      0.      0.      0.      0.      
CONM2   539     3027    0       10.5036 0.6183110       -0.36781
        0.      0.      0.      0.      0.      0.      
CONM2   540     3028    0       3.19345 -0.485760       0.288971
        0.      0.      0.      0.      0.      0.      
CONM2   541     3028    0       9.58034 0.5898570       -0.35089
        0.      0.      0.      0.      0.      0.      
CONM2   542     3029    0       2.89986 -0.462330       0.275031
        0.      0.      0.      0.      0.      0.      
CONM2   543     3029    0       8.69959 0.5614040       -0.33396
        0.      0.      0.      0.      0.      0.      
CONM2   544     3030    0       2.62044 -0.438900       0.261092
        0.      0.      0.      0.      0.      0.      
CONM2   545     3030    0       7.86132 0.5329510       -0.31704
        0.      0.      0.      0.      0.      0.      
CONM2   546     3031    0       2.35518 -0.415460       0.247153
        0.      0.      0.      0.      0.      0.      
CONM2   547     3031    0       7.06554 0.5044980       -0.30011
        0.      0.      0.      0.      0.      0.      
CONM2   548     3032    0       1.11304 -0.415460       0.247153
        0.      0.      0.      0.      0.      0.      
CONM2   549     3032    0       3.33913 0.5044980       -0.30011
        0.      0.      0.      0.      0.      0.      

$-------2-------3-------4-------5-------6-------7-------8-------9-------10
$ Lumped masses: HTAIL 195.5429 Kg
$-------2-------3-------4-------5-------6-------7-------8-------9-------10
CONM2   550     4002    0       0.25707 -0.657050.3079480.032366
        0.      0.      0.      0.      0.      0.      
CONM2   551     4002    0       0.77121 0.85923 -0.40270-0.04232
        0.      0.      0.      0.      0.      0.      
CONM2   552     4003    0       0.769588-0.650520.3048880.032045
        0.      0.      0.      0.      0.      0.      
CONM2   553     4003    0       2.30876 0.850691-0.39869-0.04190
        0.      0.      0.      0.      0.      0.      
CONM2   554     4004    0       0.754292-0.643990.3018270.031723
        0.      0.      0.      0.      0.      0.      
CONM2   555     4004    0       2.26288 0.842151-0.39469-0.04148
        0.      0.      0.      0.      0.      0.      
CONM2   556     4005    0       0.739149-0.637460.2987670.031401
        0.      0.      0.      0.      0.      0.      
CONM2   557     4005    0       2.21745 0.833612-0.39069-0.04106
        0.      0.      0.      0.      0.      0.      
CONM2   558     4006    0       0.72416 -0.630930.2957060.03108 
        0.      0.      0.      0.      0.      0.      
CONM2   559     4006    0       2.17248 0.825073-0.38669-0.04064
        0.      0.      0.      0.      0.      0.      
CONM2   560     4007    0       0.709325-0.624400.2926460.030758
        0.      0.      0.      0.      0.      0.      
CONM2   561     4007    0       2.12797 0.816533-0.38269-0.04022
        0.      0.      0.      0.      0.      0.      
CONM2   562     4008    0       0.694643-0.617870.2895850.030436
        0.      0.      0.      0.      0.      0.      
CONM2   563     4008    0       2.08393 0.807994-0.37868-0.03980
        0.      0.      0.      0.      0.      0.      
CONM2   564     4009    0       0.680115-0.611340.2865250.030114
        0.      0.      0.      0.      0.      0.      
CONM2   565     4009    0       2.04034 0.799455-0.37468-0.03938
        0.      0.      0.      0.      0.      0.      
CONM2   566     4010    0       0.66574 -0.604810.2834640.029793
        0.      0.      0.      0.      0.      0.      
CONM2   567     4010    0       1.99722 0.790915-0.37068-0.03896
        0.      0.      0.      0.      0.      0.      
CONM2   568     4011    0       0.651518-0.598280.2804040.029471
        0.      0.      0.      0.      0.      0.      
CONM2   569     4011    0       1.95456 0.782376-0.36668-0.03853
        0.      0.      0.      0.      0.      0.      
CONM2   570     4012    0       0.637451-0.591750.2773430.029149
        0.      0.      0.      0.      0.      0.      
CONM2   571     4012    0       1.91235 0.773837-0.36267-0.03811
        0.      0.      0.      0.      0.      0.      
CONM2   572     4013    0       0.623537-0.585220.2742830.028828
        0.      0.      0.      0.      0.      0.      
CONM2   573     4013    0       1.87061 0.765298-0.35867-0.03769
        0.      0.      0.      0.      0.      0.      
CONM2   574     4014    0       0.609776-0.578690.2712220.028506
        0.      0.      0.      0.      0.      0.      
CONM2   575     4014    0       1.82933 0.756758-0.35467-0.03727
        0.      0.      0.      0.      0.      0.      
CONM2   576     4015    0       0.596169-0.572160.2681620.028184
        0.      0.      0.      0.      0.      0.      
CONM2   577     4015    0       1.78851 0.748219-0.35067-0.03685
        0.      0.      0.      0.      0.      0.      
CONM2   578     4016    0       0.582715-0.565630.2651010.027863
        0.      0.      0.      0.      0.      0.      
CONM2   579     4016    0       1.74815 0.73968 -0.34667-0.03643
        0.      0.      0.      0.      0.      0.      
CONM2   580     4017    0       0.569415-0.559100.2620410.027541
        0.      0.      0.      0.      0.      0.      
CONM2   581     4017    0       1.70825 0.73114 -0.34266-0.03601
        0.      0.      0.      0.      0.      0.      
CONM2   582     4018    0       0.556269-0.552570.25898 0.027219
        0.      0.      0.      0.      0.      0.      
CONM2   583     4018    0       1.66881 0.722601-0.33866-0.03559
        0.      0.      0.      0.      0.      0.      
CONM2   584     4019    0       0.543276-0.546040.25592 0.026898
        0.      0.      0.      0.      0.      0.      
CONM2   585     4019    0       1.62983 0.714062-0.33466-0.03517
        0.      0.      0.      0.      0.      0.      
CONM2   586     4020    0       0.530436-0.539510.2528590.026576
        0.      0.      0.      0.      0.      0.      
CONM2   587     4020    0       1.59131 0.705522-0.33066-0.03475
        0.      0.      0.      0.      0.      0.      
CONM2   588     4021    0       0.517751-0.532980.2497990.026254
        0.      0.      0.      0.      0.      0.      
CONM2   589     4021    0       1.55325 0.696983-0.32666-0.03433
        0.      0.      0.      0.      0.      0.      
CONM2   590     4022    0       0.505218-0.526450.2467380.025933
        0.      0.      0.      0.      0.      0.      
CONM2   591     4022    0       1.51565 0.688444-0.32265-0.03391
        0.      0.      0.      0.      0.      0.      
CONM2   592     4023    0       0.492839-0.519920.2436780.025611
        0.      0.      0.      0.      0.      0.      
CONM2   593     4023    0       1.47852 0.679904-0.31865-0.03349
        0.      0.      0.      0.      0.      0.      
CONM2   594     4024    0       0.480614-0.513390.2406170.025289
        0.      0.      0.      0.      0.      0.      
CONM2   595     4024    0       1.44184 0.671365-0.31465-0.03307
        0.      0.      0.      0.      0.      0.      
CONM2   596     4025    0       0.476673-0.506750.2375020.024962
        0.      0.      0.      0.      0.      0.      
CONM2   597     4025    0       1.43002 0.662674-0.31058-0.03264
        0.      0.      0.      0.      0.      0.      
CONM2   598     4026    0       0.472458-0.499980.2343330.024629
        0.      0.      0.      0.      0.      0.      
CONM2   599     4026    0       1.41737 0.65383 -0.30643-0.03220
        0.      0.      0.      0.      0.      0.      
CONM2   600     4027    0       0.459849-0.493220.2311630.024296
        0.      0.      0.      0.      0.      0.      
CONM2   601     4027    0       1.37955 0.644986-0.30229-0.03177
        0.      0.      0.      0.      0.      0.      
CONM2   602     4028    0       0.44741 -0.486460.2279940.023963
        0.      0.      0.      0.      0.      0.      
CONM2   603     4028    0       1.34223 0.636143-0.29814-0.03133
        0.      0.      0.      0.      0.      0.      
CONM2   604     4029    0       0.435143-0.479690.2248240.02363 
        0.      0.      0.      0.      0.      0.      
CONM2   605     4029    0       1.30543 0.627299-0.29400-0.03090
        0.      0.      0.      0.      0.      0.      
CONM2   606     4030    0       0.423045-0.472930.2216550.023296
        0.      0.      0.      0.      0.      0.      
CONM2   607     4030    0       1.26914 0.618456-0.28985-0.03046
        0.      0.      0.      0.      0.      0.      
CONM2   608     4031    0       0.411118-0.466170.2184850.022963
        0.      0.      0.      0.      0.      0.      
CONM2   609     4031    0       1.23335 0.609612-0.28571-0.03002
        0.      0.      0.      0.      0.      0.      
CONM2   610     4032    0       0.399362-0.459410.2153150.022630
        0.      0.      0.      0.      0.      0.      
CONM2   611     4032    0       1.19809 0.600769-0.28156-0.02959
        0.      0.      0.      0.      0.      0.      
CONM2   612     4033    0       0.387776-0.452640.2121460.022297
        0.      0.      0.      0.      0.      0.      
CONM2   613     4033    0       1.16333 0.591925-0.27742-0.02915
        0.      0.      0.      0.      0.      0.      
CONM2   614     4034    0       0.376361-0.445880.2089760.021964
        0.      0.      0.      0.      0.      0.      
CONM2   615     4034    0       1.12908 0.583081-0.27327-0.02872
        0.      0.      0.      0.      0.      0.      
CONM2   616     4035    0       0.365116-0.439120.2058070.021631
        0.      0.      0.      0.      0.      0.      
CONM2   617     4035    0       1.09535 0.574238-0.26913-0.02828
        0.      0.      0.      0.      0.      0.      
CONM2   618     4036    0       0.354042-0.432360.2026370.021298
        0.      0.      0.      0.      0.      0.      
CONM2   619     4036    0       1.06213 0.565394-0.26498-0.02785
        0.      0.      0.      0.      0.      0.      
CONM2   620     4037    0       0.343139-0.425590.1994680.020964
        0.      0.      0.      0.      0.      0.      
CONM2   621     4037    0       1.02942 0.556551-0.26084-0.02741
        0.      0.      0.      0.      0.      0.      
CONM2   622     4038    0       0.332406-0.418830.1962980.020631
        0.      0.      0.      0.      0.      0.      
CONM2   623     4038    0       0.9972170.547707-0.25669-0.02698
        0.      0.      0.      0.      0.      0.      
CONM2   624     4039    0       0.321843-0.412070.1931290.020298
        0.      0.      0.      0.      0.      0.      
CONM2   625     4039    0       0.96553 0.538864-0.25255-0.02654
        0.      0.      0.      0.      0.      0.      
CONM2   626     4040    0       0.311451-0.405300.1899590.019965
        0.      0.      0.      0.      0.      0.      
CONM2   627     4040    0       0.9343540.53002 -0.24840-0.02610
        0.      0.      0.      0.      0.      0.      
CONM2   628     4041    0       0.30123 -0.398540.18679 0.019632
        0.      0.      0.      0.      0.      0.      
CONM2   629     4041    0       0.90369 0.521176-0.24426-0.02567
        0.      0.      0.      0.      0.      0.      
CONM2   630     4042    0       0.291179-0.391780.18362 0.019299
        0.      0.      0.      0.      0.      0.      
CONM2   631     4042    0       0.8735370.512333-0.24011-0.02523
        0.      0.      0.      0.      0.      0.      
CONM2   632     4043    0       0.281299-0.385020.1804510.018966
        0.      0.      0.      0.      0.      0.      
CONM2   633     4043    0       0.8438960.503489-0.23597-0.02480
        0.      0.      0.      0.      0.      0.      
CONM2   634     4044    0       0.271589-0.378250.1772810.018633
        0.      0.      0.      0.      0.      0.      
CONM2   635     4044    0       0.8147670.494646-0.23182-0.02436
        0.      0.      0.      0.      0.      0.      
CONM2   636     4045    0       0.26205 -0.371490.1741120.018299
        0.      0.      0.      0.      0.      0.      
CONM2   637     4045    0       0.78615 0.485802-0.22768-0.02393
        0.      0.      0.      0.      0.      0.      
CONM2   638     4046    0       0.252681-0.364730.1709420.017966
        0.      0.      0.      0.      0.      0.      
CONM2   639     4046    0       0.7580440.476959-0.22354-0.02349
        0.      0.      0.      0.      0.      0.      
CONM2   640     4047    0       0.243483-0.357970.1677720.017633
        0.      0.      0.      0.      0.      0.      
CONM2   641     4047    0       0.73045 0.468115-0.21939-0.02305
        0.      0.      0.      0.      0.      0.      
CONM2   642     4048    0       0.234456-0.351200.1646030.017300
        0.      0.      0.      0.      0.      0.      
CONM2   643     4048    0       0.7033670.459271-0.21525-0.02262
        0.      0.      0.      0.      0.      0.      
CONM2   644     4049    0       0.225599-0.344440.1614330.016967
        0.      0.      0.      0.      0.      0.      
CONM2   645     4049    0       0.6767960.450428-0.21110-0.02218
        0.      0.      0.      0.      0.      0.      
CONM2   646     4050    0       0.216912-0.337680.1582640.016634
        0.      0.      0.      0.      0.      0.      
CONM2   647     4050    0       0.6507370.441584-0.20696-0.02175
        0.      0.      0.      0.      0.      0.      
CONM2   648     4051    0       0.208396-0.330910.1550940.016301
        0.      0.      0.      0.      0.      0.      
CONM2   649     4051    0       0.6251890.432741-0.20281-0.02131
        0.      0.      0.      0.      0.      0.      
CONM2   650     4052    0       0.200051-0.324150.1519250.015967
        0.      0.      0.      0.      0.      0.      
CONM2   651     4052    0       0.6001530.423897-0.19867-0.02088
        0.      0.      0.      0.      0.      0.      
CONM2   652     4053    0       0.191876-0.317390.1487550.015634
        0.      0.      0.      0.      0.      0.      
CONM2   653     4053    0       0.5756280.415054-0.19452-0.02044
        0.      0.      0.      0.      0.      0.      
CONM2   654     4054    0       0.183872-0.310630.1455860.015301
        0.      0.      0.      0.      0.      0.      
CONM2   655     4054    0       0.5516160.40621 -0.19038-0.02000
        0.      0.      0.      0.      0.      0.      
CONM2   656     4055    0       0.176038-0.303860.1424160.014968
        0.      0.      0.      0.      0.      0.      
CONM2   657     4055    0       0.5281140.397367-0.18623-0.01957
        0.      0.      0.      0.      0.      0.      
CONM2   658     4056    0       0.168375-0.297100.1392470.014635
        0.      0.      0.      0.      0.      0.      
CONM2   659     4056    0       0.5051250.388523-0.18209-0.01913
        0.      0.      0.      0.      0.      0.      
CONM2   660     4057    0       0.160882-0.290340.1360770.014302
        0.      0.      0.      0.      0.      0.      
CONM2   661     4057    0       0.4826470.379679-0.17794-0.01870
        0.      0.      0.      0.      0.      0.      
CONM2   662     4058    0       0.15356 -0.283580.1329080.013969
        0.      0.      0.      0.      0.      0.      
CONM2   663     4058    0       0.4606810.370836-0.17380-0.01826
        0.      0.      0.      0.      0.      0.      
CONM2   664     4059    0       0.146409-0.276810.1297380.013636
        0.      0.      0.      0.      0.      0.      
CONM2   665     4059    0       0.4392260.361992-0.16965-0.01783
        0.      0.      0.      0.      0.      0.      
CONM2   666     4060    0       0.139428-0.270050.1265680.013302
        0.      0.      0.      0.      0.      0.      
CONM2   667     4060    0       0.4182830.353149-0.16551-0.01739
        0.      0.      0.      0.      0.      0.      
CONM2   668     4061    0       0.132617-0.263290.1233990.012969
        0.      0.      0.      0.      0.      0.      
CONM2   669     4061    0       0.3978520.344305-0.16136-0.01696
        0.      0.      0.      0.      0.      0.      
CONM2   670     4062    0       0.125977-0.256520.1202290.012636
        0.      0.      0.      0.      0.      0.      
CONM2   671     4062    0       0.3779320.335462-0.15722-0.01652
        0.      0.      0.      0.      0.      0.      
CONM2   672     4063    0       0.061350-0.256520.1202290.012636
        0.      0.      0.      0.      0.      0.      
CONM2   673     4063    0       0.18405 0.335462-0.15722-0.01652
        0.      0.      0.      0.      0.      0.      
CONM2   674     4065    0       0.25707 -0.65705-0.307940.032366
        0.      0.      0.      0.      0.      0.      
CONM2   675     4065    0       0.77121 0.85923 0.402701-0.04232
        0.      0.      0.      0.      0.      0.      
CONM2   676     4066    0       0.769588-0.65052-0.304880.032045
        0.      0.      0.      0.      0.      0.      
CONM2   677     4066    0       2.30876 0.8506910.398699-0.04190
        0.      0.      0.      0.      0.      0.      
CONM2   678     4067    0       0.754292-0.64399-0.301820.031723
        0.      0.      0.      0.      0.      0.      
CONM2   679     4067    0       2.26288 0.8421510.394697-0.04148
        0.      0.      0.      0.      0.      0.      
CONM2   680     4068    0       0.739149-0.63746-0.298760.031401
        0.      0.      0.      0.      0.      0.      
CONM2   681     4068    0       2.21745 0.8336120.390695-0.04106
        0.      0.      0.      0.      0.      0.      
CONM2   682     4069    0       0.72416 -0.63093-0.295700.03108 
        0.      0.      0.      0.      0.      0.      
CONM2   683     4069    0       2.17248 0.8250730.386693-0.04064
        0.      0.      0.      0.      0.      0.      
CONM2   684     4070    0       0.709325-0.62440-0.292640.030758
        0.      0.      0.      0.      0.      0.      
CONM2   685     4070    0       2.12797 0.8165330.38269 -0.04022
        0.      0.      0.      0.      0.      0.      
CONM2   686     4071    0       0.694643-0.61787-0.289580.030436
        0.      0.      0.      0.      0.      0.      
CONM2   687     4071    0       2.08393 0.8079940.378688-0.03980
        0.      0.      0.      0.      0.      0.      
CONM2   688     4072    0       0.680115-0.61134-0.286520.030114
        0.      0.      0.      0.      0.      0.      
CONM2   689     4072    0       2.04034 0.7994550.374686-0.03938
        0.      0.      0.      0.      0.      0.      
CONM2   690     4073    0       0.66574 -0.60481-0.283460.029793
        0.      0.      0.      0.      0.      0.      
CONM2   691     4073    0       1.99722 0.7909150.370684-0.03896
        0.      0.      0.      0.      0.      0.      
CONM2   692     4074    0       0.651518-0.59828-0.280400.029471
        0.      0.      0.      0.      0.      0.      
CONM2   693     4074    0       1.95456 0.7823760.366682-0.03853
        0.      0.      0.      0.      0.      0.      
CONM2   694     4075    0       0.637451-0.59175-0.277340.029149
        0.      0.      0.      0.      0.      0.      
CONM2   695     4075    0       1.91235 0.7738370.362679-0.03811
        0.      0.      0.      0.      0.      0.      
CONM2   696     4076    0       0.623537-0.58522-0.274280.028828
        0.      0.      0.      0.      0.      0.      
CONM2   697     4076    0       1.87061 0.7652980.358677-0.03769
        0.      0.      0.      0.      0.      0.      
CONM2   698     4077    0       0.609776-0.57869-0.271220.028506
        0.      0.      0.      0.      0.      0.      
CONM2   699     4077    0       1.82933 0.7567580.354675-0.03727
        0.      0.      0.      0.      0.      0.      
CONM2   700     4078    0       0.596169-0.57216-0.268160.028184
        0.      0.      0.      0.      0.      0.      
CONM2   701     4078    0       1.78851 0.7482190.350673-0.03685
        0.      0.      0.      0.      0.      0.      
CONM2   702     4079    0       0.582715-0.56563-0.265100.027863
        0.      0.      0.      0.      0.      0.      
CONM2   703     4079    0       1.74815 0.73968 0.346671-0.03643
        0.      0.      0.      0.      0.      0.      
CONM2   704     4080    0       0.569415-0.55910-0.262040.027541
        0.      0.      0.      0.      0.      0.      
CONM2   705     4080    0       1.70825 0.73114 0.342669-0.03601
        0.      0.      0.      0.      0.      0.      
CONM2   706     4081    0       0.556269-0.55257-0.258980.027219
        0.      0.      0.      0.      0.      0.      
CONM2   707     4081    0       1.66881 0.7226010.338666-0.03559
        0.      0.      0.      0.      0.      0.      
CONM2   708     4082    0       0.543276-0.54604-0.255920.026898
        0.      0.      0.      0.      0.      0.      
CONM2   709     4082    0       1.62983 0.7140620.334664-0.03517
        0.      0.      0.      0.      0.      0.      
CONM2   710     4083    0       0.530436-0.53951-0.252850.026576
        0.      0.      0.      0.      0.      0.      
CONM2   711     4083    0       1.59131 0.7055220.330662-0.03475
        0.      0.      0.      0.      0.      0.      
CONM2   712     4084    0       0.517751-0.53298-0.249790.026254
        0.      0.      0.      0.      0.      0.      
CONM2   713     4084    0       1.55325 0.6969830.32666 -0.03433
        0.      0.      0.      0.      0.      0.      
CONM2   714     4085    0       0.505218-0.52645-0.246730.025933
        0.      0.      0.      0.      0.      0.      
CONM2   715     4085    0       1.51565 0.6884440.322658-0.03391
        0.      0.      0.      0.      0.      0.      
CONM2   716     4086    0       0.492839-0.51992-0.243670.025611
        0.      0.      0.      0.      0.      0.      
CONM2   717     4086    0       1.47852 0.6799040.318655-0.03349
        0.      0.      0.      0.      0.      0.      
CONM2   718     4087    0       0.480614-0.51339-0.240610.025289
        0.      0.      0.      0.      0.      0.      
CONM2   719     4087    0       1.44184 0.6713650.314653-0.03307
        0.      0.      0.      0.      0.      0.      
CONM2   720     4088    0       0.476673-0.50675-0.237500.024962
        0.      0.      0.      0.      0.      0.      
CONM2   721     4088    0       1.43002 0.6626740.31058 -0.03264
        0.      0.      0.      0.      0.      0.      
CONM2   722     4089    0       0.472458-0.49998-0.234330.024629
        0.      0.      0.      0.      0.      0.      
CONM2   723     4089    0       1.41737 0.65383 0.306435-0.03220
        0.      0.      0.      0.      0.      0.      
CONM2   724     4090    0       0.459849-0.49322-0.231160.024296
        0.      0.      0.      0.      0.      0.      
CONM2   725     4090    0       1.37955 0.6449860.30229 -0.03177
        0.      0.      0.      0.      0.      0.      
CONM2   726     4091    0       0.44741 -0.48646-0.227990.023963
        0.      0.      0.      0.      0.      0.      
CONM2   727     4091    0       1.34223 0.6361430.298145-0.03133
        0.      0.      0.      0.      0.      0.      
CONM2   728     4092    0       0.435143-0.47969-0.224820.02363 
        0.      0.      0.      0.      0.      0.      
CONM2   729     4092    0       1.30543 0.6272990.294001-0.03090
        0.      0.      0.      0.      0.      0.      
CONM2   730     4093    0       0.423045-0.47293-0.221650.023296
        0.      0.      0.      0.      0.      0.      
CONM2   731     4093    0       1.26914 0.6184560.289856-0.03046
        0.      0.      0.      0.      0.      0.      
CONM2   732     4094    0       0.411118-0.46617-0.218480.022963
        0.      0.      0.      0.      0.      0.      
CONM2   733     4094    0       1.23335 0.6096120.285711-0.03002
        0.      0.      0.      0.      0.      0.      
CONM2   734     4095    0       0.399362-0.45941-0.215310.022630
        0.      0.      0.      0.      0.      0.      
CONM2   735     4095    0       1.19809 0.6007690.281566-0.02959
        0.      0.      0.      0.      0.      0.      
CONM2   736     4096    0       0.387776-0.45264-0.212140.022297
        0.      0.      0.      0.      0.      0.      
CONM2   737     4096    0       1.16333 0.5919250.277422-0.02915
        0.      0.      0.      0.      0.      0.      
CONM2   738     4097    0       0.376361-0.44588-0.208970.021964
        0.      0.      0.      0.      0.      0.      
CONM2   739     4097    0       1.12908 0.5830810.273277-0.02872
        0.      0.      0.      0.      0.      0.      
CONM2   740     4098    0       0.365116-0.43912-0.205800.021631
        0.      0.      0.      0.      0.      0.      
CONM2   741     4098    0       1.09535 0.5742380.269132-0.02828
        0.      0.      0.      0.      0.      0.      
CONM2   742     4099    0       0.354042-0.43236-0.202630.021298
        0.      0.      0.      0.      0.      0.      
CONM2   743     4099    0       1.06213 0.5653940.264987-0.02785
        0.      0.      0.      0.      0.      0.      
CONM2   744     4100    0       0.343139-0.42559-0.199460.020964
        0.      0.      0.      0.      0.      0.      
CONM2   745     4100    0       1.02942 0.5565510.260842-0.02741
        0.      0.      0.      0.      0.      0.      
CONM2   746     4101    0       0.332406-0.41883-0.196290.020631
        0.      0.      0.      0.      0.      0.      
CONM2   747     4101    0       0.9972170.5477070.256698-0.02698
        0.      0.      0.      0.      0.      0.      
CONM2   748     4102    0       0.321843-0.41207-0.193120.020298
        0.      0.      0.      0.      0.      0.      
CONM2   749     4102    0       0.96553 0.5388640.252553-0.02654
        0.      0.      0.      0.      0.      0.      
CONM2   750     4103    0       0.311451-0.40530-0.189950.019965
        0.      0.      0.      0.      0.      0.      
CONM2   751     4103    0       0.9343540.53002 0.248408-0.02610
        0.      0.      0.      0.      0.      0.      
CONM2   752     4104    0       0.30123 -0.39854-0.186790.019632
        0.      0.      0.      0.      0.      0.      
CONM2   753     4104    0       0.90369 0.5211760.244263-0.02567
        0.      0.      0.      0.      0.      0.      
CONM2   754     4105    0       0.291179-0.39178-0.183620.019299
        0.      0.      0.      0.      0.      0.      
CONM2   755     4105    0       0.8735370.5123330.240119-0.02523
        0.      0.      0.      0.      0.      0.      
CONM2   756     4106    0       0.281299-0.38502-0.180450.018966
        0.      0.      0.      0.      0.      0.      
CONM2   757     4106    0       0.8438960.5034890.235974-0.02480
        0.      0.      0.      0.      0.      0.      
CONM2   758     4107    0       0.271589-0.37825-0.177280.018633
        0.      0.      0.      0.      0.      0.      
CONM2   759     4107    0       0.8147670.4946460.231829-0.02436
        0.      0.      0.      0.      0.      0.      
CONM2   760     4108    0       0.26205 -0.37149-0.174110.018299
        0.      0.      0.      0.      0.      0.      
CONM2   761     4108    0       0.78615 0.4858020.227684-0.02393
        0.      0.      0.      0.      0.      0.      
CONM2   762     4109    0       0.252681-0.36473-0.170940.017966
        0.      0.      0.      0.      0.      0.      
CONM2   763     4109    0       0.7580440.4769590.22354 -0.02349
        0.      0.      0.      0.      0.      0.      
CONM2   764     4110    0       0.243483-0.35797-0.167770.017633
        0.      0.      0.      0.      0.      0.      
CONM2   765     4110    0       0.73045 0.4681150.219395-0.02305
        0.      0.      0.      0.      0.      0.      
CONM2   766     4111    0       0.234456-0.35120-0.164600.017300
        0.      0.      0.      0.      0.      0.      
CONM2   767     4111    0       0.7033670.4592710.21525 -0.02262
        0.      0.      0.      0.      0.      0.      
CONM2   768     4112    0       0.225599-0.34444-0.161430.016967
        0.      0.      0.      0.      0.      0.      
CONM2   769     4112    0       0.6767960.4504280.211105-0.02218
        0.      0.      0.      0.      0.      0.      
CONM2   770     4113    0       0.216912-0.33768-0.158260.016634
        0.      0.      0.      0.      0.      0.      
CONM2   771     4113    0       0.6507370.4415840.20696 -0.02175
        0.      0.      0.      0.      0.      0.      
CONM2   772     4114    0       0.208396-0.33091-0.155090.016301
        0.      0.      0.      0.      0.      0.      
CONM2   773     4114    0       0.6251890.4327410.202816-0.02131
        0.      0.      0.      0.      0.      0.      
CONM2   774     4115    0       0.200051-0.32415-0.151920.015967
        0.      0.      0.      0.      0.      0.      
CONM2   775     4115    0       0.6001530.4238970.198671-0.02088
        0.      0.      0.      0.      0.      0.      
CONM2   776     4116    0       0.191876-0.31739-0.148750.015634
        0.      0.      0.      0.      0.      0.      
CONM2   777     4116    0       0.5756280.4150540.194526-0.02044
        0.      0.      0.      0.      0.      0.      
CONM2   778     4117    0       0.183872-0.31063-0.145580.015301
        0.      0.      0.      0.      0.      0.      
CONM2   779     4117    0       0.5516160.40621 0.190381-0.02000
        0.      0.      0.      0.      0.      0.      
CONM2   780     4118    0       0.176038-0.30386-0.142410.014968
        0.      0.      0.      0.      0.      0.      
CONM2   781     4118    0       0.5281140.3973670.186237-0.01957
        0.      0.      0.      0.      0.      0.      
CONM2   782     4119    0       0.168375-0.29710-0.139240.014635
        0.      0.      0.      0.      0.      0.      
CONM2   783     4119    0       0.5051250.3885230.182092-0.01913
        0.      0.      0.      0.      0.      0.      
CONM2   784     4120    0       0.160882-0.29034-0.136070.014302
        0.      0.      0.      0.      0.      0.      
CONM2   785     4120    0       0.4826470.3796790.177947-0.01870
        0.      0.      0.      0.      0.      0.      
CONM2   786     4121    0       0.15356 -0.28358-0.132900.013969
        0.      0.      0.      0.      0.      0.      
CONM2   787     4121    0       0.4606810.3708360.173802-0.01826
        0.      0.      0.      0.      0.      0.      
CONM2   788     4122    0       0.146409-0.27681-0.129730.013636
        0.      0.      0.      0.      0.      0.      
CONM2   789     4122    0       0.4392260.3619920.169657-0.01783
        0.      0.      0.      0.      0.      0.      
CONM2   790     4123    0       0.139428-0.27005-0.126560.013302
        0.      0.      0.      0.      0.      0.      
CONM2   791     4123    0       0.4182830.3531490.165513-0.01739
        0.      0.      0.      0.      0.      0.      
CONM2   792     4124    0       0.132617-0.26329-0.123390.012969
        0.      0.      0.      0.      0.      0.      
CONM2   793     4124    0       0.3978520.3443050.161368-0.01696
        0.      0.      0.      0.      0.      0.      
CONM2   794     4125    0       0.125977-0.25652-0.120220.012636
        0.      0.      0.      0.      0.      0.      
CONM2   795     4125    0       0.3779320.3354620.157223-0.01652
        0.      0.      0.      0.      0.      0.      
CONM2   796     4126    0       0.061350-0.25652-0.120220.012636
        0.      0.      0.      0.      0.      0.      
CONM2   797     4126    0       0.18405 0.3354620.157223-0.01652
        0.      0.      0.      0.      0.      0.      

$-------2-------3-------4-------5-------6-------7-------8-------9-------10
$ Lumped masses: ENGINES 6937.0478 Kg
$-------2-------3-------4-------5-------6-------7-------8-------9-------10
CONM2   798     2024    0       3468.52 -1.33664-0.07018-1.29653
        0.      0.      0.      0.      0.      0.      
CONM2   799     2131    0       3468.52 -1.336640.070183-1.29653
        0.      0.      0.      0.      0.      0.      

$-------2-------3-------4-------5-------6-------7-------8-------9-------10
$ Lumped masses: MAIN LANDING GEAR 2314.9974 Kg
$-------2-------3-------4-------5-------6-------7-------8-------9-------10
CONM2   800     1023    0       2315    0.4606320       -2.12276
        0.      0.      0.      0.      0.      0.      
PARAM   LANDG   1023

$-------2-------3-------4-------5-------6-------7-------8-------9-------10
$ Lumped masses: NOSE LANDING GEAR 379.12 Kg
$-------2-------3-------4-------5-------6-------7-------8-------9-------10
CONM2   801     1005    0       379.12  0.5696070       -2.76117
        0.      0.      0.      0.      0.      0.      

$-------2-------3-------4-------5-------6-------7-------8-------9-------10
$ Lumped masses: PASSENGERS 17100 Kg
$ Fuselage beams: from 11 to 32
$ Fraction of cabin length : from 0 to 100 %
$ Cabin length = 31.3864 m.
$-------2-------3-------4-------5-------6-------7-------8-------9-------10
CONM2   802     1011    0       791.669 0       0       0       
        0.      0.      0.      0.      0.      0.      
CONM2   803     1012    0       791.98  0       0       0       
        0.      0.      0.      0.      0.      0.      
CONM2   804     1013    0       792.291 0       0       0       
        0.      0.      0.      0.      0.      0.      
CONM2   805     1014    0       792.603 0       0       0       
        0.      0.      0.      0.      0.      0.      
CONM2   806     1015    0       792.914 0       0       0       
        0.      0.      0.      0.      0.      0.      
CONM2   807     1016    0       793.225 0       0       0       
        0.      0.      0.      0.      0.      0.      
CONM2   808     1017    0       793.537 0       0       0       
        0.      0.      0.      0.      0.      0.      
CONM2   809     1018    0       793.848 0       0       0       
        0.      0.      0.      0.      0.      0.      
CONM2   810     1019    0       807.753 0       0       0       
        0.      0.      0.      0.      0.      0.      
CONM2   811     1020    0       794.481 0       0       0       
        0.      0.      0.      0.      0.      0.      
CONM2   812     1021    0       781.188 0       0       0       
        0.      0.      0.      0.      0.      0.      
CONM2   813     1022    0       795.093 0       0       0       
        0.      0.      0.      0.      0.      0.      
CONM2   814     1023    0       795.404 0       0       0       
        0.      0.      0.      0.      0.      0.      
CONM2   815     1024    0       795.716 0       0       0       
        0.      0.      0.      0.      0.      0.      
CONM2   816     1025    0       796.027 0       0       0       
        0.      0.      0.      0.      0.      0.      
CONM2   817     1026    0       796.338 0       0       0       
        0.      0.      0.      0.      0.      0.      
CONM2   818     1027    0       796.65  0       0       0       
        0.      0.      0.      0.      0.      0.      
CONM2   819     1028    0       796.961 0       0       0       
        0.      0.      0.      0.      0.      0.      
CONM2   820     1029    0       797.272 0       0       0       
        0.      0.      0.      0.      0.      0.      
CONM2   821     1030    0       797.584 0       0       0       
        0.      0.      0.      0.      0.      0.      
CONM2   822     1031    0       797.895 0       0       0       
        0.      0.      0.      0.      0.      0.      
CONM2   823     1032    0       409.57  0       0       0       
        0.      0.      0.      0.      0.      0.      

$-------2-------3-------4-------5-------6-------7-------8-------9-------10
$ Lumped masses: WING TANK FUEL 822.7278 Kg
$ Wing beams: from 3 to 28
$ Span fraction: from 11.2377 to 36 %
$-------2-------3-------4-------5-------6-------7-------8-------9-------10
CONM2   824     2002    0       11.8361 0       0       0       
        0.7246641.68234 4.14521 0.1557220.3803680.071122
CONM2   825     2003    0       23.3236 0       0       0       
        1.41154 3.27497 8.07022 0.3031410.7404520.13931 
CONM2   826     2004    0       22.6313 0       0       0       
        1.33746 3.09914 7.63864 0.2868650.7006980.133529
CONM2   827     2005    0       21.949  0       0       0       
        1.26631 2.93041 7.22443 0.2712470.6625490.127928
CONM2   828     2006    0       21.2766 0       0       0       
        1.19802 2.76859 6.82712 0.2562690.6259620.122501
CONM2   829     2007    0       20.6141 0       0       0       
        1.13251 2.61348 6.44625 0.2419120.5908940.117245
CONM2   830     2008    0       19.9616 0       0       0       
        1.0697  2.46491 6.08137 0.2281590.5573020.112156
CONM2   831     2009    0       19.3191 0       0       0       
        1.00953 2.32268 5.73202 0.2149940.5251460.107229
CONM2   832     2010    0       18.6865 0       0       0       
        0.9519032.18662 5.39775 0.2024  0.4943830.102462
CONM2   833     2011    0       18.0638 0       0       0       
        0.8967612.05655 5.07814 0.19036 0.4649740.097850
CONM2   834     2012    0       17.451  0       0       0       
        0.8440281.93228 4.77275 0.1788580.4368790.093390
CONM2   835     2013    0       16.8482 0       0       0       
        0.7936321.81366 4.48116 0.1678770.4100570.089079
CONM2   836     2014    0       16.2554 0       0       0       
        0.7455041.70049 4.20295 0.1574020.3844720.084912
CONM2   837     2015    0       15.6725 0       0       0       
        0.6995751.59262 3.93771 0.1474180.3600840.080885
CONM2   838     2016    0       15.0995 0       0       0       
        0.6557761.48989 3.68502 0.1379080.3368550.076997
CONM2   839     2017    0       14.5364 0       0       0       
        0.6140411.39212 3.4445  0.1288590.31475 0.073242
CONM2   840     2018    0       13.9833 0       0       0       
        0.5743041.29916 3.21575 0.1202540.2937320.069618
CONM2   841     2019    0       13.4402 0       0       0       
        0.5365  1.21084 2.99839 0.1120790.2737650.066122
CONM2   842     2020    0       12.907  0       0       0       
        0.5005661.12702 2.79203 0.10432 0.2548130.062750
CONM2   843     2021    0       12.3837 0       0       0       
        0.4664391.04754 2.5963  0.0969630.2368430.059499
CONM2   844     2022    0       11.8703 0       0       0       
        0.4340570.97225 2.41084 0.0899940.21982 0.056365
CONM2   845     2023    0       10.9997 0       0       0       
        0.3889850.8735272.16504 0.0808560.1975  0.049644
CONM2   846     2024    0       10.1551 0       0       0       
        0.3468810.7816441.93612 0.0723510.1767250.043234
CONM2   847     2025    0       9.70351 0       0       0       
        0.3219680.7237111.79342 0.0669880.1636270.040827
CONM2   848     2026    0       9.26123 0       0       0       
        0.2983820.6689591.65851 0.0619200.1512480.038510
CONM2   849     2027    0       8.82823 0       0       0       
        0.2760760.6172731.53112 0.0571360.1395620.036283
CONM2   850     2028    0       4.30702 0       0       0       
        0.1326190.2960910.7346320.0274070.0669440.017595
CONM2   851     2109    0       11.8361 0       0       0       
        0.724664-1.682344.14521 0.155722-0.380360.071122
CONM2   852     2110    0       23.3236 0       0       0       
        1.41154 -3.274978.07022 0.303141-0.740450.13931 
CONM2   853     2111    0       22.6313 0       0       0       
        1.33746 -3.099147.63864 0.286865-0.700690.133529
CONM2   854     2112    0       21.949  0       0       0       
        1.26631 -2.930417.22443 0.271247-0.662540.127928
CONM2   855     2113    0       21.2766 0       0       0       
        1.19802 -2.768596.82712 0.256269-0.625960.122501
CONM2   856     2114    0       20.6141 0       0       0       
        1.13251 -2.613486.44625 0.241912-0.590890.117245
CONM2   857     2115    0       19.9616 0       0       0       
        1.0697  -2.464916.08137 0.228159-0.557300.112156
CONM2   858     2116    0       19.3191 0       0       0       
        1.00953 -2.322685.73202 0.214994-0.525140.107229
CONM2   859     2117    0       18.6865 0       0       0       
        0.951903-2.186625.39775 0.2024  -0.494380.102462
CONM2   860     2118    0       18.0638 0       0       0       
        0.896761-2.056555.07814 0.19036 -0.464970.097850
CONM2   861     2119    0       17.451  0       0       0       
        0.844028-1.932284.77275 0.178858-0.436870.093390
CONM2   862     2120    0       16.8482 0       0       0       
        0.793632-1.813664.48116 0.167877-0.410050.089079
CONM2   863     2121    0       16.2554 0       0       0       
        0.745504-1.700494.20295 0.157402-0.384470.084912
CONM2   864     2122    0       15.6725 0       0       0       
        0.699575-1.592623.93771 0.147418-0.360080.080885
CONM2   865     2123    0       15.0995 0       0       0       
        0.655776-1.489893.68502 0.137908-0.336850.076997
CONM2   866     2124    0       14.5364 0       0       0       
        0.614041-1.392123.4445  0.128859-0.314750.073242
CONM2   867     2125    0       13.9833 0       0       0       
        0.574304-1.299163.21575 0.120254-0.293730.069618
CONM2   868     2126    0       13.4402 0       0       0       
        0.5365  -1.210842.99839 0.112079-0.273760.066122
CONM2   869     2127    0       12.907  0       0       0       
        0.500566-1.127022.79203 0.10432 -0.254810.062750
CONM2   870     2128    0       12.3837 0       0       0       
        0.466439-1.047542.5963  0.096963-0.236840.059499
CONM2   871     2129    0       11.8703 0       0       0       
        0.434057-0.972252.41084 0.089994-0.219820.056365
CONM2   872     2130    0       10.9997 0       0       0       
        0.388985-0.873522.16504 0.080856-0.1975 0.049644
CONM2   873     2131    0       10.1551 0       0       0       
        0.346881-0.781641.93612 0.072351-0.176720.043234
CONM2   874     2132    0       9.70351 0       0       0       
        0.321968-0.723711.79342 0.066988-0.163620.040827
CONM2   875     2133    0       9.26123 0       0       0       
        0.298382-0.668951.65851 0.061920-0.151240.038510
CONM2   876     2134    0       8.82823 0       0       0       
        0.276076-0.617271.53112 0.057136-0.139560.036283
CONM2   877     2135    0       4.30702 0       0       0       
        0.132619-0.296090.7346320.027407-0.066940.017595

$-------2-------3-------4-------5-------6-------7-------8-------9-------10
$ Lumped masses: DUMMY (row #13),525.3487 Kg
$-------2-------3-------4-------5-------6-------7-------8-------9-------10
$ Uncomment cards below to substitute mass offset with RBE2 link. 
$ Remember to comment CONM2 card with offset
$GRID   8000    0       19.3907 -5.8119 -1.144830       0       0       
$RBE2   4       2128    123456  8000    
$CONM2  878     8000    0       525.349 0       0       0       
        0.      0.      0.      0.      0.      0.      
CONM2   878     2128    -1      525.349 19.3907 -5.8119 -1.14483
        0.      0.      0.      0.      0.      0.      

$-------2-------3-------4-------5-------6-------7-------8-------9-------10
$ Lumped masses: DUMMY (row #14),525.3487 Kg
$-------2-------3-------4-------5-------6-------7-------8-------9-------10
$ Uncomment cards below to substitute mass offset with RBE2 link. 
$ Remember to comment CONM2 card with offset
$GRID   8001    0       19.3907 5.8119  -1.144830       0       0       
$RBE2   5       2021    123456  8001    
$CONM2  879     8001    0       525.349 0       0       0       
        0.      0.      0.      0.      0.      0.      
CONM2   879     2021    -1      525.349 19.3907 5.8119  -1.14483
        0.      0.      0.      0.      0.      0.      

$-------2-------3-------4-------5-------6-------7-------8-------9-------10
$ Lumped masses: DUMMY (row #15),3350.5754 Kg
$-------2-------3-------4-------5-------6-------7-------8-------9-------10
$ Uncomment cards below to substitute mass offset with RBE2 link. 
$ Remember to comment CONM2 card with offset
$GRID   8002    0       5.46757 0.      0.      0       0       0       
$RBE2   6       1006    123456  8002    
$CONM2  880     8002    0       3350.58 0       0       0       
        0.      0.      0.      0.      0.      0.      
CONM2   880     1006    -1      3350.58 5.46757 0       0       
        0.      0.      0.      0.      0.      0.      

$-------2-------3-------4-------5-------6-------7-------8-------9-------10
$ Lumped masses: DUMMY (row #16),3387.6421 Kg
$-------2-------3-------4-------5-------6-------7-------8-------9-------10
$ Uncomment cards below to substitute mass offset with RBE2 link. 
$ Remember to comment CONM2 card with offset
$GRID   8003    0       38.138  0.      0.19324 0       0       0       
$RBE2   7       1041    123456  8003    
$CONM2  881     8003    0       3387.64 0       0       0       
        0.      0.      0.      0.      0.      0.      
CONM2   881     1041    -1      3387.64 38.138  0       0.19324 
        0.      0.      0.      0.      0.      0.      

$-------2-------3-------4-------5-------6-------7-------8-------9-------10
$ Lumped masses: DUMMY (row #26),4199.425 Kg
$-------2-------3-------4-------5-------6-------7-------8-------9-------10
$ Uncomment cards below to substitute mass offset with RBE2 link. 
$ Remember to comment CONM2 card with offset
$GRID   8004    0       21.3002 0.      0.      0       0       0       
$RBE2   8       1023    123456  8004    
$CONM2  882     8004    0       4199.43 0       0       0       
        0.      0.      0.      0.      0.      0.      
CONM2   882     1023    -1      4199.43 21.3002 0       0       
        0.      0.      0.      0.      0.      0.      

$-------2-------3-------4-------5-------6-------7-------8-------9-------10
$ Lumped masses: DUMMY (row #28),601.7 Kg
$-------2-------3-------4-------5-------6-------7-------8-------9-------10
$ Uncomment cards below to substitute mass offset with RBE2 link. 
$ Remember to comment CONM2 card with offset
$GRID   8005    0       20.     4.      -0.5838 0       0       0       
$RBE2   9       2014    123456  8005    
$CONM2  883     8005    0       601.7   0       0       0       
        0.      0.      0.      0.      0.      0.      
CONM2   883     2014    -1      601.7   20      4       -0.5838 
        0.      0.      0.      0.      0.      0.      

$-------2-------3-------4-------5-------6-------7-------8-------9-------10
$ Lumped masses: DUMMY (row #30),601.7 Kg
$-------2-------3-------4-------5-------6-------7-------8-------9-------10
$ Uncomment cards below to substitute mass offset with RBE2 link. 
$ Remember to comment CONM2 card with offset
$GRID   8006    0       20.     -4.     -0.5838 0       0       0       
$RBE2   10      2121    123456  8006    
$CONM2  884     8006    0       601.7   0       0       0       
        0.      0.      0.      0.      0.      0.      
CONM2   884     2121    -1      601.7   20      -4      -0.5838 
        0.      0.      0.      0.      0.      0.      

$ Summary of secondary structural masses (as CONM2): 
$ Fuselage: 2019.2874
$ Wing: 4174.731
$ Canard: 0
$ Htail: 195.5429
$ Vtail: 1078.138
$ Summary of secondary masses (as CONM2): 
$ Engines: 6937.0478
$ Engines2: 0
$ Nose landing gear: 379.12
$ Main landing gear: 2314.9974
$ Dummy mass (row #13): 525.3487 kg.
$ Dummy mass (row #14): 525.3487 kg.
$ Dummy mass (row #15): 3350.5754 kg.
$ Dummy mass (row #16): 3387.6421 kg.
$ Dummy mass (row #26): 4199.425 kg.
$ Dummy mass (row #28): 601.7 kg.
$ Dummy mass (row #30): 601.7 kg.
$ Summary of payload (as CONM2): 
$ Wing tank: 822.7278
$ Central tank: 0
$ Auxiliary tank: 0
$ Passengers: 17100
$ Baggage: 0
$-------2-------3-------4-------5-------6-------7-------8-------9-------10