
$-------2-------3-------4-------5-------6-------7-------8-------9-------10
$ Material definition
$-------2-------3-------4-------5-------6-------7-------8-------9-------10
MAT1    100     7.37e+10        0.3     2795.72 
        4.03e+083.72e+082.23e+08
MAT1    200     5.71e+10        0.3     1500    
        2.51e+082.51e+081.45e+08
MAT1    300     7.37e+10        0.3     2795.72 
        2.37e+082.37e+081.37e+08
MAT1    400     7.37e+10        0.3     2795.72 
        2.37e+082.37e+081.37e+08
MAT1    500     5.71e+10        0.3     1500    
        2.51e+082.51e+081.45e+08

$-------2-------3-------4-------5-------6-------7-------8-------9-------10
$ Node definition
$-------2-------3-------4-------5-------6-------7-------8-------9-------10
GRID    1000    0       0.      0.      -0.825180       0       0       
GRID    1001    0       0.8902  0.      -0.661170       0       0       
GRID    1002    0       1.7804  0.      -0.497160       0       0       
GRID    1003    0       2.6706  0.      -0.333150       0       0       
GRID    1004    0       3.5608  0.      -0.169150       0       0       
GRID    1005    0       4.4789  0.      -9.2e-070       0       0       
GRID    1006    0       5.3412  0.      -8.6e-070       0       0       
GRID    1007    0       6.2314  0.      -8.0e-070       0       0       
GRID    1008    0       7.1216  0.      -7.4e-070       0       0       
GRID    1009    0       8.0118  0.      -6.8e-070       0       0       
GRID    1010    0       8.902   0.      -6.3e-070       0       0       
GRID    1011    0       9.7922  0.      -5.7e-070       0       0       
GRID    1012    0       10.6824 0.      -5.1e-070       0       0       
GRID    1013    0       11.5726 0.      -4.5e-070       0       0       
GRID    1014    0       12.4628 0.      -3.9e-070       0       0       
GRID    1015    0       13.353  0.      -3.3e-070       0       0       
GRID    1016    0       14.2432 0.      -2.7e-070       0       0       
GRID    1017    0       15.1334 0.      -2.2e-070       0       0       
GRID    1018    0       16.0236 0.      -1.6e-070       0       0       
GRID    1019    0       16.9138 0.      -1.0e-070       0       0       
GRID    1020    0       17.4892 0.      -6.6e-080       0       0       
GRID    1021    0       18.4992 0.      0.      0       0       0       
GRID    1022    0       19.5844 0.      0.      0       0       0       
GRID    1023    0       20.4746 0.      0.      0       0       0       
GRID    1024    0       21.3648 0.      0.      0       0       0       
GRID    1025    0       22.255  0.      0.      0       0       0       
GRID    1026    0       23.0121 0.      0.      0       0       0       
GRID    1027    0       24.0354 0.      0.      0       0       0       
GRID    1028    0       24.9256 0.      0.      0       0       0       
GRID    1029    0       25.8158 0.      0.      0       0       0       
GRID    1030    0       26.706  0.      0.      0       0       0       
GRID    1031    0       27.5962 0.      0.      0       0       0       
GRID    1032    0       28.4864 0.      0.      0       0       0       
GRID    1033    0       29.3766 0.      0.      0       0       0       
GRID    1034    0       30.2668 0.      0.      0       0       0       
GRID    1035    0       31.157  0.      0.      0       0       0       
GRID    1036    0       32.0472 0.      0.      0       0       0       
GRID    1037    0       32.5194 0.      0.      0       0       0       
GRID    1038    0       33.8276 0.      0.1446810       0       0       
GRID    1039    0       34.7178 0.      0.2431330       0       0       
GRID    1040    0       35.608  0.      0.3415850       0       0       
GRID    1041    0       36.4982 0.      0.4400380       0       0       
GRID    1042    0       37.7315 0.      0.5764360       0       0       
GRID    1043    0       38.2786 0.      0.6369420       0       0       
GRID    1044    0       39.1688 0.      0.7353940       0       0       
GRID    1045    0       40.059  0.      0.8338460       0       0       
GRID    1046    0       40.9492 0.      0.9322980       0       0       
GRID    1047    0       41.8394 0.      1.03075 0       0       0       
GRID    1048    0       42.7296 0.      1.1292  0       0       0       
GRID    1049    0       43.6198 0.      1.22765 0       0       0       
GRID    1050    0       44.51   0.      1.32611 0       0       0       
GRID    2001    0       17.4892 1.01139 1.975   0       0       0       
GRID    2002    0       17.4892 2.02278 1.975   0       0       0       
GRID    2003    0       17.5841 2.26804 1.96225 0       0       0       
GRID    2004    0       17.6789 2.5133  1.94951 0       0       0       
GRID    2005    0       17.7738 2.75856 1.93676 0       0       0       
GRID    2006    0       17.8686 3.00382 1.92401 0       0       0       
GRID    2007    0       17.9635 3.24908 1.91127 0       0       0       
GRID    2008    0       18.0583 3.49434 1.89852 0       0       0       
GRID    2009    0       18.1532 3.7396  1.88577 0       0       0       
GRID    2010    0       18.248  3.98486 1.87303 0       0       0       
GRID    2011    0       18.3429 4.23012 1.86028 0       0       0       
GRID    2012    0       18.4377 4.47538 1.84754 0       0       0       
GRID    2013    0       18.5326 4.72064 1.83479 0       0       0       
GRID    2014    0       18.6274 4.9659  1.82204 0       0       0       
GRID    2015    0       18.7223 5.21116 1.8093  0       0       0       
GRID    2016    0       18.8171 5.45642 1.79655 0       0       0       
GRID    2017    0       18.912  5.70168 1.7838  0       0       0       
GRID    2018    0       19.0068 5.94694 1.77106 0       0       0       
GRID    2019    0       19.1017 6.1922  1.75831 0       0       0       
GRID    2020    0       19.2006 6.44789 1.74502 0       0       0       
GRID    2021    0       19.2994 6.70359 1.73173 0       0       0       
GRID    2022    0       19.3983 6.95928 1.71844 0       0       0       
GRID    2023    0       19.4972 7.21497 1.70516 0       0       0       
GRID    2024    0       19.5961 7.47067 1.69187 0       0       0       
GRID    2025    0       19.695  7.72636 1.67858 0       0       0       
GRID    2026    0       19.7939 7.98205 1.66529 0       0       0       
GRID    2027    0       19.8927 8.23774 1.652   0       0       0       
GRID    2028    0       19.9916 8.49344 1.63871 0       0       0       
GRID    2029    0       20.0905 8.74913 1.62542 0       0       0       
GRID    2030    0       20.1894 9.00482 1.61213 0       0       0       
GRID    2031    0       20.2883 9.26052 1.59885 0       0       0       
GRID    2032    0       20.3872 9.51621 1.58556 0       0       0       
GRID    2033    0       20.486  9.7719  1.57227 0       0       0       
GRID    2034    0       20.5849 10.0276 1.55898 0       0       0       
GRID    2035    0       20.6838 10.2833 1.54569 0       0       0       
GRID    2036    0       20.7827 10.539  1.5324  0       0       0       
GRID    2037    0       20.8816 10.7947 1.51911 0       0       0       
GRID    2038    0       20.9805 11.0504 1.50583 0       0       0       
GRID    2039    0       21.0794 11.3061 1.49254 0       0       0       
GRID    2040    0       21.1782 11.5618 1.47925 0       0       0       
GRID    2041    0       21.2771 11.8174 1.46596 0       0       0       
GRID    2042    0       21.376  12.0731 1.45267 0       0       0       
GRID    2043    0       21.4749 12.3288 1.43938 0       0       0       
GRID    2044    0       21.5738 12.5845 1.42609 0       0       0       
GRID    2045    0       21.6727 12.8402 1.4128  0       0       0       
GRID    2046    0       21.7715 13.0959 1.39952 0       0       0       
GRID    2047    0       21.8704 13.3516 1.38623 0       0       0       
GRID    2048    0       21.9693 13.6073 1.37294 0       0       0       
GRID    2049    0       22.0635 13.8587 1.36171 0       0       0       
GRID    2050    0       22.1577 14.11   1.35047 0       0       0       
GRID    2051    0       22.2519 14.3614 1.33924 0       0       0       
GRID    2052    0       22.3461 14.6128 1.32801 0       0       0       
GRID    2053    0       22.4403 14.8642 1.31678 0       0       0       
GRID    2054    0       22.5345 15.1155 1.30554 0       0       0       
GRID    2055    0       22.6288 15.3669 1.29431 0       0       0       
GRID    2056    0       22.723  15.6183 1.28308 0       0       0       
GRID    2057    0       22.8172 15.8697 1.27185 0       0       0       
GRID    2058    0       22.9114 16.121  1.26062 0       0       0       
GRID    2059    0       23.0056 16.3724 1.24938 0       0       0       
GRID    2060    0       23.0998 16.6238 1.23815 0       0       0       
GRID    2061    0       23.194  16.8751 1.22692 0       0       0       
GRID    2062    0       23.2882 17.1265 1.21569 0       0       0       
GRID    2063    0       23.3824 17.3779 1.20445 0       0       0       
GRID    2064    0       23.4766 17.6293 1.19322 0       0       0       
GRID    2065    0       23.5708 17.8806 1.18199 0       0       0       
GRID    2066    0       23.6626 18.1256 1.16915 0       0       0       
GRID    2067    0       23.7543 18.3706 1.15631 0       0       0       
GRID    2068    0       23.8461 18.6155 1.14347 0       0       0       
GRID    2069    0       23.9378 18.8605 1.13064 0       0       0       
GRID    2070    0       24.0296 19.1055 1.1178  0       0       0       
GRID    2071    0       24.1214 19.3504 1.10496 0       0       0       
GRID    2072    0       24.2131 19.5954 1.09212 0       0       0       
GRID    2073    0       24.3049 19.8404 1.07928 0       0       0       
GRID    2074    0       24.3966 20.0853 1.06645 0       0       0       
GRID    2075    0       24.4884 20.3303 1.05361 0       0       0       
GRID    2076    0       24.5801 20.5753 1.04077 0       0       0       
GRID    2077    0       24.6719 20.8202 1.02793 0       0       0       
GRID    2078    0       24.7637 21.0652 1.01509 0       0       0       
GRID    2079    0       24.8554 21.3102 1.00226 0       0       0       
GRID    2080    0       24.9472 21.5551 0.9894180       0       0       
GRID    2081    0       25.0389 21.8001 0.97658 0       0       0       
GRID    2082    0       25.1307 22.0451 0.9637420       0       0       
GRID    2083    0       25.2225 22.29   0.9509030       0       0       
GRID    2084    0       25.3142 22.535  0.9380650       0       0       
GRID    2085    0       25.406  22.7799 0.9252270       0       0       
GRID    2086    0       25.4977 23.0249 0.9123890       0       0       
GRID    2087    0       25.5895 23.2699 0.8995510       0       0       
GRID    2088    0       25.6812 23.5148 0.8867130       0       0       
GRID    2089    0       25.773  23.7598 0.8738750       0       0       
GRID    2090    0       25.8648 24.0048 0.8610370       0       0       
GRID    2091    0       25.9565 24.2497 0.8481990       0       0       
GRID    2092    0       26.0483 24.4947 0.8353610       0       0       
GRID    2093    0       26.14   24.7397 0.8225230       0       0       
GRID    2000    0       17.4892 0.      1.975   0       0       0       
GRID    2094    0       17.4892 -1.011391.975   0       0       0       
GRID    2095    0       17.4892 -2.022781.975   0       0       0       
GRID    2096    0       17.5841 -2.268041.96225 0       0       0       
GRID    2097    0       17.6789 -2.5133 1.94951 0       0       0       
GRID    2098    0       17.7738 -2.758561.93676 0       0       0       
GRID    2099    0       17.8686 -3.003821.92401 0       0       0       
GRID    2100    0       17.9635 -3.249081.91127 0       0       0       
GRID    2101    0       18.0583 -3.494341.89852 0       0       0       
GRID    2102    0       18.1532 -3.7396 1.88577 0       0       0       
GRID    2103    0       18.248  -3.984861.87303 0       0       0       
GRID    2104    0       18.3429 -4.230121.86028 0       0       0       
GRID    2105    0       18.4377 -4.475381.84754 0       0       0       
GRID    2106    0       18.5326 -4.720641.83479 0       0       0       
GRID    2107    0       18.6274 -4.9659 1.82204 0       0       0       
GRID    2108    0       18.7223 -5.211161.8093  0       0       0       
GRID    2109    0       18.8171 -5.456421.79655 0       0       0       
GRID    2110    0       18.912  -5.701681.7838  0       0       0       
GRID    2111    0       19.0068 -5.946941.77106 0       0       0       
GRID    2112    0       19.1017 -6.1922 1.75831 0       0       0       
GRID    2113    0       19.2006 -6.447891.74502 0       0       0       
GRID    2114    0       19.2994 -6.703591.73173 0       0       0       
GRID    2115    0       19.3983 -6.959281.71844 0       0       0       
GRID    2116    0       19.4972 -7.214971.70516 0       0       0       
GRID    2117    0       19.5961 -7.470671.69187 0       0       0       
GRID    2118    0       19.695  -7.726361.67858 0       0       0       
GRID    2119    0       19.7939 -7.982051.66529 0       0       0       
GRID    2120    0       19.8927 -8.237741.652   0       0       0       
GRID    2121    0       19.9916 -8.493441.63871 0       0       0       
GRID    2122    0       20.0905 -8.749131.62542 0       0       0       
GRID    2123    0       20.1894 -9.004821.61213 0       0       0       
GRID    2124    0       20.2883 -9.260521.59885 0       0       0       
GRID    2125    0       20.3872 -9.516211.58556 0       0       0       
GRID    2126    0       20.486  -9.7719 1.57227 0       0       0       
GRID    2127    0       20.5849 -10.02761.55898 0       0       0       
GRID    2128    0       20.6838 -10.28331.54569 0       0       0       
GRID    2129    0       20.7827 -10.539 1.5324  0       0       0       
GRID    2130    0       20.8816 -10.79471.51911 0       0       0       
GRID    2131    0       20.9805 -11.05041.50583 0       0       0       
GRID    2132    0       21.0794 -11.30611.49254 0       0       0       
GRID    2133    0       21.1782 -11.56181.47925 0       0       0       
GRID    2134    0       21.2771 -11.81741.46596 0       0       0       
GRID    2135    0       21.376  -12.07311.45267 0       0       0       
GRID    2136    0       21.4749 -12.32881.43938 0       0       0       
GRID    2137    0       21.5738 -12.58451.42609 0       0       0       
GRID    2138    0       21.6727 -12.84021.4128  0       0       0       
GRID    2139    0       21.7715 -13.09591.39952 0       0       0       
GRID    2140    0       21.8704 -13.35161.38623 0       0       0       
GRID    2141    0       21.9693 -13.60731.37294 0       0       0       
GRID    2142    0       22.0635 -13.85871.36171 0       0       0       
GRID    2143    0       22.1577 -14.11  1.35047 0       0       0       
GRID    2144    0       22.2519 -14.36141.33924 0       0       0       
GRID    2145    0       22.3461 -14.61281.32801 0       0       0       
GRID    2146    0       22.4403 -14.86421.31678 0       0       0       
GRID    2147    0       22.5345 -15.11551.30554 0       0       0       
GRID    2148    0       22.6288 -15.36691.29431 0       0       0       
GRID    2149    0       22.723  -15.61831.28308 0       0       0       
GRID    2150    0       22.8172 -15.86971.27185 0       0       0       
GRID    2151    0       22.9114 -16.121 1.26062 0       0       0       
GRID    2152    0       23.0056 -16.37241.24938 0       0       0       
GRID    2153    0       23.0998 -16.62381.23815 0       0       0       
GRID    2154    0       23.194  -16.87511.22692 0       0       0       
GRID    2155    0       23.2882 -17.12651.21569 0       0       0       
GRID    2156    0       23.3824 -17.37791.20445 0       0       0       
GRID    2157    0       23.4766 -17.62931.19322 0       0       0       
GRID    2158    0       23.5708 -17.88061.18199 0       0       0       
GRID    2159    0       23.6626 -18.12561.16915 0       0       0       
GRID    2160    0       23.7543 -18.37061.15631 0       0       0       
GRID    2161    0       23.8461 -18.61551.14347 0       0       0       
GRID    2162    0       23.9378 -18.86051.13064 0       0       0       
GRID    2163    0       24.0296 -19.10551.1178  0       0       0       
GRID    2164    0       24.1214 -19.35041.10496 0       0       0       
GRID    2165    0       24.2131 -19.59541.09212 0       0       0       
GRID    2166    0       24.3049 -19.84041.07928 0       0       0       
GRID    2167    0       24.3966 -20.08531.06645 0       0       0       
GRID    2168    0       24.4884 -20.33031.05361 0       0       0       
GRID    2169    0       24.5801 -20.57531.04077 0       0       0       
GRID    2170    0       24.6719 -20.82021.02793 0       0       0       
GRID    2171    0       24.7637 -21.06521.01509 0       0       0       
GRID    2172    0       24.8554 -21.31021.00226 0       0       0       
GRID    2173    0       24.9472 -21.55510.9894180       0       0       
GRID    2174    0       25.0389 -21.80010.97658 0       0       0       
GRID    2175    0       25.1307 -22.04510.9637420       0       0       
GRID    2176    0       25.2225 -22.29  0.9509030       0       0       
GRID    2177    0       25.3142 -22.535 0.9380650       0       0       
GRID    2178    0       25.406  -22.77990.9252270       0       0       
GRID    2179    0       25.4977 -23.02490.9123890       0       0       
GRID    2180    0       25.5895 -23.26990.8995510       0       0       
GRID    2181    0       25.6812 -23.51480.8867130       0       0       
GRID    2182    0       25.773  -23.75980.8738750       0       0       
GRID    2183    0       25.8648 -24.00480.8610370       0       0       
GRID    2184    0       25.9565 -24.24970.8481990       0       0       
GRID    2185    0       26.0483 -24.49470.8353610       0       0       
GRID    2186    0       26.14   -24.73970.8225230       0       0       
GRID    3000    0       37.7315 0.      1.7254  0       0       0       
GRID    3001    0       37.8477 0.      1.87603 0       0       0       
GRID    3002    0       37.964  0.      2.02665 0       0       0       
GRID    3003    0       38.0802 0.      2.17728 0       0       0       
GRID    3004    0       38.1965 0.      2.3279  0       0       0       
GRID    3005    0       38.3127 0.      2.47853 0       0       0       
GRID    3006    0       38.4289 0.      2.62915 0       0       0       
GRID    3007    0       38.5452 0.      2.77978 0       0       0       
GRID    3008    0       38.6614 0.      2.9304  0       0       0       
GRID    3009    0       38.7777 0.      3.08103 0       0       0       
GRID    3010    0       38.8939 0.      3.23165 0       0       0       
GRID    3011    0       39.0101 0.      3.38228 0       0       0       
GRID    3012    0       39.1264 0.      3.5329  0       0       0       
GRID    3013    0       39.2426 0.      3.68353 0       0       0       
GRID    3014    0       39.3589 0.      3.83415 0       0       0       
GRID    3015    0       39.4751 0.      3.98478 0       0       0       
GRID    3016    0       39.5913 0.      4.1354  0       0       0       
GRID    3017    0       39.7064 0.      4.28453 0       0       0       
GRID    3018    0       39.8215 0.      4.43367 0       0       0       
GRID    3019    0       39.9366 0.      4.5828  0       0       0       
GRID    3020    0       40.0517 0.      4.73193 0       0       0       
GRID    3021    0       40.1668 0.      4.88107 0       0       0       
GRID    3022    0       40.2819 0.      5.0302  0       0       0       
GRID    3023    0       40.397  0.      5.17933 0       0       0       
GRID    3024    0       40.5121 0.      5.32847 0       0       0       
GRID    3025    0       40.6271 0.      5.4776  0       0       0       
GRID    3026    0       40.7422 0.      5.62673 0       0       0       
GRID    3027    0       40.8573 0.      5.77587 0       0       0       
GRID    3028    0       40.9724 0.      5.925   0       0       0       
GRID    3029    0       41.0921 0.      6.0801  0       0       0       
GRID    3030    0       41.2118 0.      6.2352  0       0       0       
GRID    3031    0       41.3315 0.      6.3903  0       0       0       
GRID    3032    0       41.4512 0.      6.5454  0       0       0       
GRID    5001    0       23.0121 0.218523-1.975  0       0       0       
GRID    5002    0       23.0121 0.437046-1.975  0       0       0       
GRID    5003    0       23.0393 0.645754-1.930640       0       0       
GRID    5004    0       23.0665 0.854463-1.886280       0       0       
GRID    5005    0       23.0937 1.06317 -1.841910       0       0       
GRID    5006    0       23.1209 1.27188 -1.797550       0       0       
GRID    5007    0       23.1481 1.48059 -1.753190       0       0       
GRID    5008    0       23.1753 1.6893  -1.708830       0       0       
GRID    5009    0       23.2025 1.89801 -1.664460       0       0       
GRID    5010    0       23.2297 2.10671 -1.6201 0       0       0       
GRID    5011    0       23.2569 2.31542 -1.575740       0       0       
GRID    5012    0       23.2841 2.52413 -1.531380       0       0       
GRID    5013    0       23.3114 2.73284 -1.487010       0       0       
GRID    5014    0       23.3386 2.94155 -1.442650       0       0       
GRID    5015    0       23.3096 3.15288 -1.393860       0       0       
GRID    5016    0       23.2806 3.36421 -1.345070       0       0       
GRID    5017    0       23.2516 3.57553 -1.296280       0       0       
GRID    5018    0       23.2226 3.78686 -1.2475 0       0       0       
GRID    5019    0       23.1936 3.99819 -1.198710       0       0       
GRID    5020    0       23.1646 4.20952 -1.149920       0       0       
GRID    5021    0       23.1357 4.42085 -1.101130       0       0       
GRID    5022    0       23.1067 4.63218 -1.052340       0       0       
GRID    5023    0       23.0777 4.84351 -1.003550       0       0       
GRID    5024    0       23.0487 5.05484 -0.954760       0       0       
GRID    5025    0       23.0197 5.26617 -0.905970       0       0       
GRID    5026    0       22.9907 5.4775  -0.857180       0       0       
GRID    5027    0       22.9618 5.68882 -0.808390       0       0       
GRID    5028    0       22.9328 5.90015 -0.759600       0       0       
GRID    5029    0       22.9038 6.11148 -0.710810       0       0       
GRID    5030    0       22.8748 6.32281 -0.662020       0       0       
GRID    5031    0       22.8458 6.53414 -0.613230       0       0       
GRID    5032    0       22.8168 6.74547 -0.564440       0       0       
GRID    5033    0       22.7879 6.9568  -0.515650       0       0       
GRID    5034    0       22.7589 7.16813 -0.466860       0       0       
GRID    5035    0       22.7299 7.37946 -0.418080       0       0       
GRID    5036    0       22.7009 7.59078 -0.369290       0       0       
GRID    5037    0       22.6719 7.80211 -0.320500       0       0       
GRID    5038    0       22.6429 8.01344 -0.271710       0       0       
GRID    5039    0       22.6139 8.22477 -0.222920       0       0       
GRID    5040    0       22.585  8.4361  -0.174130       0       0       
GRID    5041    0       22.556  8.64743 -0.125340       0       0       
GRID    5042    0       22.527  8.85876 -0.076550       0       0       
GRID    5043    0       22.498  9.07009 -0.027760       0       0       
GRID    5044    0       22.469  9.28142 0.0210220       0       0       
GRID    5045    0       22.44   9.49274 0.0698110       0       0       
GRID    5046    0       22.4111 9.70407 0.1186010       0       0       
GRID    5047    0       22.3821 9.9154  0.16739 0       0       0       
GRID    5048    0       22.3531 10.1267 0.2161790       0       0       
GRID    5049    0       22.3241 10.3381 0.2649680       0       0       
GRID    5050    0       22.2951 10.5494 0.3137570       0       0       
GRID    5051    0       22.2661 10.7607 0.3625460       0       0       
GRID    5052    0       22.2372 10.972  0.4113350       0       0       
GRID    5053    0       22.2082 11.1834 0.4601240       0       0       
GRID    5054    0       22.1792 11.3947 0.5089140       0       0       
GRID    5055    0       22.1502 11.606  0.5577030       0       0       
GRID    5056    0       22.1212 11.8174 0.6064920       0       0       
GRID    5057    0       22.0922 12.0287 0.6552810       0       0       
GRID    5058    0       22.0632 12.24   0.70407 0       0       0       
GRID    5059    0       22.0343 12.4514 0.7528590       0       0       
GRID    5060    0       22.0053 12.6627 0.8016480       0       0       
GRID    5061    0       21.9763 12.874  0.8504370       0       0       
GRID    5062    0       21.9473 13.0853 0.8992270       0       0       
GRID    5063    0       21.9183 13.2967 0.9480160       0       0       
GRID    5000    0       23.0121 0.      -1.975  0       0       0       
GRID    5064    0       23.0121 -0.21852-1.975  0       0       0       
GRID    5065    0       23.0121 -0.43704-1.975  0       0       0       
GRID    5066    0       23.0393 -0.64575-1.930640       0       0       
GRID    5067    0       23.0665 -0.85446-1.886280       0       0       
GRID    5068    0       23.0937 -1.06317-1.841910       0       0       
GRID    5069    0       23.1209 -1.27188-1.797550       0       0       
GRID    5070    0       23.1481 -1.48059-1.753190       0       0       
GRID    5071    0       23.1753 -1.6893 -1.708830       0       0       
GRID    5072    0       23.2025 -1.89801-1.664460       0       0       
GRID    5073    0       23.2297 -2.10671-1.6201 0       0       0       
GRID    5074    0       23.2569 -2.31542-1.575740       0       0       
GRID    5075    0       23.2841 -2.52413-1.531380       0       0       
GRID    5076    0       23.3114 -2.73284-1.487010       0       0       
GRID    5077    0       23.3386 -2.94155-1.442650       0       0       
GRID    5078    0       23.3096 -3.15288-1.393860       0       0       
GRID    5079    0       23.2806 -3.36421-1.345070       0       0       
GRID    5080    0       23.2516 -3.57553-1.296280       0       0       
GRID    5081    0       23.2226 -3.78686-1.2475 0       0       0       
GRID    5082    0       23.1936 -3.99819-1.198710       0       0       
GRID    5083    0       23.1646 -4.20952-1.149920       0       0       
GRID    5084    0       23.1357 -4.42085-1.101130       0       0       
GRID    5085    0       23.1067 -4.63218-1.052340       0       0       
GRID    5086    0       23.0777 -4.84351-1.003550       0       0       
GRID    5087    0       23.0487 -5.05484-0.954760       0       0       
GRID    5088    0       23.0197 -5.26617-0.905970       0       0       
GRID    5089    0       22.9907 -5.4775 -0.857180       0       0       
GRID    5090    0       22.9618 -5.68882-0.808390       0       0       
GRID    5091    0       22.9328 -5.90015-0.759600       0       0       
GRID    5092    0       22.9038 -6.11148-0.710810       0       0       
GRID    5093    0       22.8748 -6.32281-0.662020       0       0       
GRID    5094    0       22.8458 -6.53414-0.613230       0       0       
GRID    5095    0       22.8168 -6.74547-0.564440       0       0       
GRID    5096    0       22.7879 -6.9568 -0.515650       0       0       
GRID    5097    0       22.7589 -7.16813-0.466860       0       0       
GRID    5098    0       22.7299 -7.37946-0.418080       0       0       
GRID    5099    0       22.7009 -7.59078-0.369290       0       0       
GRID    5100    0       22.6719 -7.80211-0.320500       0       0       
GRID    5101    0       22.6429 -8.01344-0.271710       0       0       
GRID    5102    0       22.6139 -8.22477-0.222920       0       0       
GRID    5103    0       22.585  -8.4361 -0.174130       0       0       
GRID    5104    0       22.556  -8.64743-0.125340       0       0       
GRID    5105    0       22.527  -8.85876-0.076550       0       0       
GRID    5106    0       22.498  -9.07009-0.027760       0       0       
GRID    5107    0       22.469  -9.281420.0210220       0       0       
GRID    5108    0       22.44   -9.492740.0698110       0       0       
GRID    5109    0       22.4111 -9.704070.1186010       0       0       
GRID    5110    0       22.3821 -9.9154 0.16739 0       0       0       
GRID    5111    0       22.3531 -10.12670.2161790       0       0       
GRID    5112    0       22.3241 -10.33810.2649680       0       0       
GRID    5113    0       22.2951 -10.54940.3137570       0       0       
GRID    5114    0       22.2661 -10.76070.3625460       0       0       
GRID    5115    0       22.2372 -10.972 0.4113350       0       0       
GRID    5116    0       22.2082 -11.18340.4601240       0       0       
GRID    5117    0       22.1792 -11.39470.5089140       0       0       
GRID    5118    0       22.1502 -11.606 0.5577030       0       0       
GRID    5119    0       22.1212 -11.81740.6064920       0       0       
GRID    5120    0       22.0922 -12.02870.6552810       0       0       
GRID    5121    0       22.0632 -12.24  0.70407 0       0       0       
GRID    5122    0       22.0343 -12.45140.7528590       0       0       
GRID    5123    0       22.0053 -12.66270.8016480       0       0       
GRID    5124    0       21.9763 -12.874 0.8504370       0       0       
GRID    5125    0       21.9473 -13.08530.8992270       0       0       
GRID    5126    0       21.9183 -13.29670.9480160       0       0       
GRID    4001    0       41.4148 0.1093695.925   0       0       0       
GRID    4002    0       41.4148 0.2187385.925   0       0       0       
GRID    4003    0       41.4639 0.3150425.92248 0       0       0       
GRID    4004    0       41.5129 0.4113455.91996 0       0       0       
GRID    4005    0       41.562  0.5076495.91743 0       0       0       
GRID    4006    0       41.6111 0.6039525.91491 0       0       0       
GRID    4007    0       41.6601 0.7002565.91239 0       0       0       
GRID    4008    0       41.7092 0.79656 5.90987 0       0       0       
GRID    4009    0       41.7582 0.8928635.90735 0       0       0       
GRID    4010    0       41.8073 0.9891675.90483 0       0       0       
GRID    4011    0       41.8564 1.08547 5.9023  0       0       0       
GRID    4012    0       41.9054 1.18177 5.89978 0       0       0       
GRID    4013    0       41.9545 1.27808 5.89726 0       0       0       
GRID    4014    0       42.0036 1.37438 5.89474 0       0       0       
GRID    4015    0       42.0526 1.47068 5.89222 0       0       0       
GRID    4016    0       42.1017 1.56699 5.88969 0       0       0       
GRID    4017    0       42.1507 1.66329 5.88717 0       0       0       
GRID    4018    0       42.1998 1.7596  5.88465 0       0       0       
GRID    4019    0       42.2489 1.8559  5.88213 0       0       0       
GRID    4020    0       42.2979 1.9522  5.87961 0       0       0       
GRID    4021    0       42.347  2.04851 5.87709 0       0       0       
GRID    4022    0       42.396  2.14481 5.87456 0       0       0       
GRID    4023    0       42.4451 2.24111 5.87204 0       0       0       
GRID    4024    0       42.4942 2.33742 5.86952 0       0       0       
GRID    4025    0       42.5432 2.43372 5.867   0       0       0       
GRID    4026    0       42.5923 2.53002 5.86448 0       0       0       
GRID    4027    0       42.6414 2.62633 5.86196 0       0       0       
GRID    4028    0       42.6904 2.72263 5.85943 0       0       0       
GRID    4029    0       42.7395 2.81894 5.85691 0       0       0       
GRID    4030    0       42.7885 2.91524 5.85439 0       0       0       
GRID    4031    0       42.8376 3.01154 5.85187 0       0       0       
GRID    4032    0       42.8894 3.10565 5.8494  0       0       0       
GRID    4033    0       42.9413 3.19976 5.84694 0       0       0       
GRID    4034    0       42.9931 3.29387 5.84447 0       0       0       
GRID    4035    0       43.0449 3.38798 5.84201 0       0       0       
GRID    4036    0       43.0968 3.48208 5.83955 0       0       0       
GRID    4037    0       43.1486 3.57619 5.83708 0       0       0       
GRID    4038    0       43.2004 3.6703  5.83462 0       0       0       
GRID    4039    0       43.2523 3.76441 5.83215 0       0       0       
GRID    4040    0       43.3041 3.85852 5.82969 0       0       0       
GRID    4041    0       43.3559 3.95263 5.82722 0       0       0       
GRID    4042    0       43.4078 4.04673 5.82476 0       0       0       
GRID    4043    0       43.4596 4.14084 5.8223  0       0       0       
GRID    4044    0       43.5114 4.23495 5.81983 0       0       0       
GRID    4045    0       43.5633 4.32906 5.81737 0       0       0       
GRID    4046    0       43.6151 4.42317 5.8149  0       0       0       
GRID    4047    0       43.6669 4.51728 5.81244 0       0       0       
GRID    4048    0       43.7188 4.61138 5.80997 0       0       0       
GRID    4049    0       43.7706 4.70549 5.80751 0       0       0       
GRID    4050    0       43.8224 4.7996  5.80505 0       0       0       
GRID    4051    0       43.8742 4.89371 5.80258 0       0       0       
GRID    4052    0       43.9261 4.98782 5.80012 0       0       0       
GRID    4053    0       43.9779 5.08193 5.79765 0       0       0       
GRID    4054    0       44.0297 5.17604 5.79519 0       0       0       
GRID    4055    0       44.0816 5.27014 5.79272 0       0       0       
GRID    4056    0       44.1334 5.36425 5.79026 0       0       0       
GRID    4057    0       44.1852 5.45836 5.7878  0       0       0       
GRID    4058    0       44.2371 5.55247 5.78533 0       0       0       
GRID    4059    0       44.2889 5.64658 5.78287 0       0       0       
GRID    4060    0       44.3407 5.74069 5.7804  0       0       0       
GRID    4061    0       44.3926 5.83479 5.77794 0       0       0       
GRID    4062    0       44.4444 5.9289  5.77547 0       0       0       
GRID    4063    0       44.4962 6.02301 5.77301 0       0       0       
GRID    4000    0       41.4148 0.      5.925   0       0       0       
GRID    4064    0       41.4148 -0.109365.925   0       0       0       
GRID    4065    0       41.4148 -0.218735.925   0       0       0       
GRID    4066    0       41.4639 -0.315045.92248 0       0       0       
GRID    4067    0       41.5129 -0.411345.91996 0       0       0       
GRID    4068    0       41.562  -0.507645.91743 0       0       0       
GRID    4069    0       41.6111 -0.603955.91491 0       0       0       
GRID    4070    0       41.6601 -0.700255.91239 0       0       0       
GRID    4071    0       41.7092 -0.796565.90987 0       0       0       
GRID    4072    0       41.7582 -0.892865.90735 0       0       0       
GRID    4073    0       41.8073 -0.989165.90483 0       0       0       
GRID    4074    0       41.8564 -1.085475.9023  0       0       0       
GRID    4075    0       41.9054 -1.181775.89978 0       0       0       
GRID    4076    0       41.9545 -1.278085.89726 0       0       0       
GRID    4077    0       42.0036 -1.374385.89474 0       0       0       
GRID    4078    0       42.0526 -1.470685.89222 0       0       0       
GRID    4079    0       42.1017 -1.566995.88969 0       0       0       
GRID    4080    0       42.1507 -1.663295.88717 0       0       0       
GRID    4081    0       42.1998 -1.7596 5.88465 0       0       0       
GRID    4082    0       42.2489 -1.8559 5.88213 0       0       0       
GRID    4083    0       42.2979 -1.9522 5.87961 0       0       0       
GRID    4084    0       42.347  -2.048515.87709 0       0       0       
GRID    4085    0       42.396  -2.144815.87456 0       0       0       
GRID    4086    0       42.4451 -2.241115.87204 0       0       0       
GRID    4087    0       42.4942 -2.337425.86952 0       0       0       
GRID    4088    0       42.5432 -2.433725.867   0       0       0       
GRID    4089    0       42.5923 -2.530025.86448 0       0       0       
GRID    4090    0       42.6414 -2.626335.86196 0       0       0       
GRID    4091    0       42.6904 -2.722635.85943 0       0       0       
GRID    4092    0       42.7395 -2.818945.85691 0       0       0       
GRID    4093    0       42.7885 -2.915245.85439 0       0       0       
GRID    4094    0       42.8376 -3.011545.85187 0       0       0       
GRID    4095    0       42.8894 -3.105655.8494  0       0       0       
GRID    4096    0       42.9413 -3.199765.84694 0       0       0       
GRID    4097    0       42.9931 -3.293875.84447 0       0       0       
GRID    4098    0       43.0449 -3.387985.84201 0       0       0       
GRID    4099    0       43.0968 -3.482085.83955 0       0       0       
GRID    4100    0       43.1486 -3.576195.83708 0       0       0       
GRID    4101    0       43.2004 -3.6703 5.83462 0       0       0       
GRID    4102    0       43.2523 -3.764415.83215 0       0       0       
GRID    4103    0       43.3041 -3.858525.82969 0       0       0       
GRID    4104    0       43.3559 -3.952635.82722 0       0       0       
GRID    4105    0       43.4078 -4.046735.82476 0       0       0       
GRID    4106    0       43.4596 -4.140845.8223  0       0       0       
GRID    4107    0       43.5114 -4.234955.81983 0       0       0       
GRID    4108    0       43.5633 -4.329065.81737 0       0       0       
GRID    4109    0       43.6151 -4.423175.8149  0       0       0       
GRID    4110    0       43.6669 -4.517285.81244 0       0       0       
GRID    4111    0       43.7188 -4.611385.80997 0       0       0       
GRID    4112    0       43.7706 -4.705495.80751 0       0       0       
GRID    4113    0       43.8224 -4.7996 5.80505 0       0       0       
GRID    4114    0       43.8742 -4.893715.80258 0       0       0       
GRID    4115    0       43.9261 -4.987825.80012 0       0       0       
GRID    4116    0       43.9779 -5.081935.79765 0       0       0       
GRID    4117    0       44.0297 -5.176045.79519 0       0       0       
GRID    4118    0       44.0816 -5.270145.79272 0       0       0       
GRID    4119    0       44.1334 -5.364255.79026 0       0       0       
GRID    4120    0       44.1852 -5.458365.7878  0       0       0       
GRID    4121    0       44.2371 -5.552475.78533 0       0       0       
GRID    4122    0       44.2889 -5.646585.78287 0       0       0       
GRID    4123    0       44.3407 -5.740695.7804  0       0       0       
GRID    4124    0       44.3926 -5.834795.77794 0       0       0       
GRID    4125    0       44.4444 -5.9289 5.77547 0       0       0       
GRID    4126    0       44.4962 -6.023015.77301 0       0       0       

$-------2-------3-------4-------5-------6-------7-------8-------9-------10
$ Beam definition
$-------2-------3-------4-------5-------6-------7-------8-------9-------10
CBAR    1000    1000    1000    1001    -0.181180.0     0.983448GGG     
CBAR    1001    1001    1001    1002    -0.181180.0     0.983448GGG     
CBAR    1002    1002    1002    1003    -0.181180.0     0.983448GGG     
CBAR    1003    1003    1003    1004    -0.181180.0     0.983448GGG     
CBAR    1004    1004    1004    1005    -0.181180.0     0.983448GGG     
CBAR    1005    1005    1005    1006    -6.5e-080.0     1       GGG     
CBAR    1006    1006    1006    1007    -6.5e-080.0     1       GGG     
CBAR    1007    1007    1007    1008    -6.5e-080.0     1       GGG     
CBAR    1008    1008    1008    1009    -6.5e-080.0     1       GGG     
CBAR    1009    1009    1009    1010    -6.5e-080.0     1       GGG     
CBAR    1010    1010    1010    1011    -6.5e-080.0     1       GGG     
CBAR    1011    1011    1011    1012    -6.5e-080.0     1       GGG     
CBAR    1012    1012    1012    1013    -6.5e-080.0     1       GGG     
CBAR    1013    1013    1013    1014    -6.5e-080.0     1       GGG     
CBAR    1014    1014    1014    1015    -6.5e-080.0     1       GGG     
CBAR    1015    1015    1015    1016    -6.5e-080.0     1       GGG     
CBAR    1016    1016    1016    1017    -6.5e-080.0     1       GGG     
CBAR    1017    1017    1017    1018    -6.5e-080.0     1       GGG     
CBAR    1018    1018    1018    1019    -6.5e-080.0     1       GGG     
CBAR    1019    1019    1019    1020    -6.5e-080.0     1       GGG     
CBAR    1020    1020    1020    1021    -6.5e-080.0     1       GGG     
CBAR    1021    1021    1021    1022    0.0     0.0     1.0     GGG     
CBAR    1022    1022    1022    1023    0.0     0.0     1.0     GGG     
CBAR    1023    1023    1023    1024    0.0     0.0     1.0     GGG     
CBAR    1024    1024    1024    1025    0.0     0.0     1.0     GGG     
CBAR    1025    1025    1025    1026    0.0     0.0     1.0     GGG     
CBAR    1026    1026    1026    1027    0.0     0.0     1.0     GGG     
CBAR    1027    1027    1027    1028    0.0     0.0     1.0     GGG     
CBAR    1028    1028    1028    1029    0.0     0.0     1.0     GGG     
CBAR    1029    1029    1029    1030    0.0     0.0     1.0     GGG     
CBAR    1030    1030    1030    1031    0.0     0.0     1.0     GGG     
CBAR    1031    1031    1031    1032    0.0     0.0     1.0     GGG     
CBAR    1032    1032    1032    1033    0.0     0.0     1.0     GGG     
CBAR    1033    1033    1033    1034    0.0     0.0     1.0     GGG     
CBAR    1034    1034    1034    1035    0.0     0.0     1.0     GGG     
CBAR    1035    1035    1035    1036    0.0     0.0     1.0     GGG     
CBAR    1036    1036    1036    1037    0.0     0.0     1.0     GGG     
CBAR    1037    1037    1037    1038    -0.109920.0     0.99394 GGG     
CBAR    1038    1038    1038    1039    -0.109920.0     0.99394 GGG     
CBAR    1039    1039    1039    1040    -0.109920.0     0.99394 GGG     
CBAR    1040    1040    1040    1041    -0.109920.0     0.99394 GGG     
CBAR    1041    1041    1041    1042    -0.109920.0     0.99394 GGG     
CBAR    1042    1042    1042    1043    -0.109920.0     0.99394 GGG     
CBAR    1043    1043    1043    1044    -0.109920.0     0.99394 GGG     
CBAR    1044    1044    1044    1045    -0.109920.0     0.99394 GGG     
CBAR    1045    1045    1045    1046    -0.109920.0     0.99394 GGG     
CBAR    1046    1046    1046    1047    -0.109920.0     0.99394 GGG     
CBAR    1047    1047    1047    1048    -0.109920.0     0.99394 GGG     
CBAR    1048    1048    1048    1049    -0.109920.0     0.99394 GGG     
CBAR    1049    1049    1049    1050    -0.109920.0     0.99394 GGG     
CBAR    2000    2000    2000    2001    0.0     0.0     1.0     GGG     
CBAR    2001    2001    2001    2002    0.0     0.0     1.0     GGG     
CBAR    2002    2002    2002    2003    0.0488300.0329960.998262GGG     
CBAR    2003    2003    2003    2004    0.0488300.0329960.998262GGG     
CBAR    2004    2004    2004    2005    0.0488300.0329960.998262GGG     
CBAR    2005    2005    2005    2006    0.0488300.0329960.998262GGG     
CBAR    2006    2006    2006    2007    0.0488300.0329960.998262GGG     
CBAR    2007    2007    2007    2008    0.0488300.0329960.998262GGG     
CBAR    2008    2008    2008    2009    0.0488300.0329960.998262GGG     
CBAR    2009    2009    2009    2010    0.0488300.0329960.998262GGG     
CBAR    2010    2010    2010    2011    0.0488300.0329960.998262GGG     
CBAR    2011    2011    2011    2012    0.0488300.0329960.998262GGG     
CBAR    2012    2012    2012    2013    0.0488300.0329960.998262GGG     
CBAR    2013    2013    2013    2014    0.0488300.0329960.998262GGG     
CBAR    2014    2014    2014    2015    0.0488300.0329960.998262GGG     
CBAR    2015    2015    2015    2016    0.0488300.0329960.998262GGG     
CBAR    2016    2016    2016    2017    0.0488300.0329960.998262GGG     
CBAR    2017    2017    2017    2018    0.0488300.0329960.998262GGG     
CBAR    2018    2018    2018    2019    0.0488300.0329960.998262GGG     
CBAR    2019    2019    2019    2020    0.0488300.0329960.998262GGG     
CBAR    2020    2020    2020    2021    0.0488300.0329960.998262GGG     
CBAR    2021    2021    2021    2022    0.0488300.0329960.998262GGG     
CBAR    2022    2022    2022    2023    0.0488300.0329960.998262GGG     
CBAR    2023    2023    2023    2024    0.0488300.0329960.998262GGG     
CBAR    2024    2024    2024    2025    0.0488300.0329960.998262GGG     
CBAR    2025    2025    2025    2026    0.0488300.0329960.998262GGG     
CBAR    2026    2026    2026    2027    0.0488300.0329960.998262GGG     
CBAR    2027    2027    2027    2028    0.0488300.0329960.998262GGG     
CBAR    2028    2028    2028    2029    0.0488300.0329960.998262GGG     
CBAR    2029    2029    2029    2030    0.0488300.0329960.998262GGG     
CBAR    2030    2030    2030    2031    0.0488300.0329960.998262GGG     
CBAR    2031    2031    2031    2032    0.0488300.0329960.998262GGG     
CBAR    2032    2032    2032    2033    0.0488300.0329960.998262GGG     
CBAR    2033    2033    2033    2034    0.0488300.0329960.998262GGG     
CBAR    2034    2034    2034    2035    0.0488300.0329960.998262GGG     
CBAR    2035    2035    2035    2036    0.0488300.0329960.998262GGG     
CBAR    2036    2036    2036    2037    0.0488300.0329960.998262GGG     
CBAR    2037    2037    2037    2038    0.0488300.0329960.998262GGG     
CBAR    2038    2038    2038    2039    0.0488300.0329960.998262GGG     
CBAR    2039    2039    2039    2040    0.0488300.0329960.998262GGG     
CBAR    2040    2040    2040    2041    0.0488300.0329960.998262GGG     
CBAR    2041    2041    2041    2042    0.0488300.0329960.998262GGG     
CBAR    2042    2042    2042    2043    0.0488300.0329960.998262GGG     
CBAR    2043    2043    2043    2044    0.0488300.0329960.998262GGG     
CBAR    2044    2044    2044    2045    0.0488300.0329960.998262GGG     
CBAR    2045    2045    2045    2046    0.0488300.0329960.998262GGG     
CBAR    2046    2046    2046    2047    0.0488300.0329960.998262GGG     
CBAR    2047    2047    2047    2048    0.0488300.0329960.998262GGG     
CBAR    2048    2048    2048    2049    0.0275200.0343270.999032GGG     
CBAR    2049    2049    2049    2050    0.0275200.0343270.999032GGG     
CBAR    2050    2050    2050    2051    0.0275200.0343270.999032GGG     
CBAR    2051    2051    2051    2052    0.0275200.0343270.999032GGG     
CBAR    2052    2052    2052    2053    0.0275200.0343270.999032GGG     
CBAR    2053    2053    2053    2054    0.0275200.0343270.999032GGG     
CBAR    2054    2054    2054    2055    0.0275200.0343270.999032GGG     
CBAR    2055    2055    2055    2056    0.0275200.0343270.999032GGG     
CBAR    2056    2056    2056    2057    0.0275200.0343270.999032GGG     
CBAR    2057    2057    2057    2058    0.0275200.0343270.999032GGG     
CBAR    2058    2058    2058    2059    0.0275200.0343270.999032GGG     
CBAR    2059    2059    2059    2060    0.0275200.0343270.999032GGG     
CBAR    2060    2060    2060    2061    0.0275200.0343270.999032GGG     
CBAR    2061    2061    2061    2062    0.0275200.0343270.999032GGG     
CBAR    2062    2062    2062    2063    0.0275200.0343270.999032GGG     
CBAR    2063    2063    2063    2064    0.0275200.0343270.999032GGG     
CBAR    2064    2064    2064    2065    0.0275200.0343270.999032GGG     
CBAR    2065    2065    2065    2066    0.0     0.0523360.99863 GGG     
CBAR    2066    2066    2066    2067    0.0     0.0523360.99863 GGG     
CBAR    2067    2067    2067    2068    0.0     0.0523360.99863 GGG     
CBAR    2068    2068    2068    2069    0.0     0.0523360.99863 GGG     
CBAR    2069    2069    2069    2070    0.0     0.0523360.99863 GGG     
CBAR    2070    2070    2070    2071    0.0     0.0523360.99863 GGG     
CBAR    2071    2071    2071    2072    0.0     0.0523360.99863 GGG     
CBAR    2072    2072    2072    2073    0.0     0.0523360.99863 GGG     
CBAR    2073    2073    2073    2074    0.0     0.0523360.99863 GGG     
CBAR    2074    2074    2074    2075    0.0     0.0523360.99863 GGG     
CBAR    2075    2075    2075    2076    0.0     0.0523360.99863 GGG     
CBAR    2076    2076    2076    2077    0.0     0.0523360.99863 GGG     
CBAR    2077    2077    2077    2078    0.0     0.0523360.99863 GGG     
CBAR    2078    2078    2078    2079    0.0     0.0523360.99863 GGG     
CBAR    2079    2079    2079    2080    0.0     0.0523360.99863 GGG     
CBAR    2080    2080    2080    2081    0.0     0.0523360.99863 GGG     
CBAR    2081    2081    2081    2082    0.0     0.0523360.99863 GGG     
CBAR    2082    2082    2082    2083    0.0     0.0523360.99863 GGG     
CBAR    2083    2083    2083    2084    0.0     0.0523360.99863 GGG     
CBAR    2084    2084    2084    2085    0.0     0.0523360.99863 GGG     
CBAR    2085    2085    2085    2086    0.0     0.0523360.99863 GGG     
CBAR    2086    2086    2086    2087    0.0     0.0523360.99863 GGG     
CBAR    2087    2087    2087    2088    0.0     0.0523360.99863 GGG     
CBAR    2088    2088    2088    2089    0.0     0.0523360.99863 GGG     
CBAR    2089    2089    2089    2090    0.0     0.0523360.99863 GGG     
CBAR    2090    2090    2090    2091    0.0     0.0523360.99863 GGG     
CBAR    2091    2091    2091    2092    0.0     0.0523360.99863 GGG     
CBAR    2092    2092    2092    2093    0.0     0.0523360.99863 GGG     
CBAR    2093    2000    2000    2094    0.0     0.0     1.0     GGG     
CBAR    2094    2001    2094    2095    0.0     0.0     1.0     GGG     
CBAR    2095    2002    2095    2096    0.048830-0.032990.998262GGG     
CBAR    2096    2003    2096    2097    0.048830-0.032990.998262GGG     
CBAR    2097    2004    2097    2098    0.048830-0.032990.998262GGG     
CBAR    2098    2005    2098    2099    0.048830-0.032990.998262GGG     
CBAR    2099    2006    2099    2100    0.048830-0.032990.998262GGG     
CBAR    2100    2007    2100    2101    0.048830-0.032990.998262GGG     
CBAR    2101    2008    2101    2102    0.048830-0.032990.998262GGG     
CBAR    2102    2009    2102    2103    0.048830-0.032990.998262GGG     
CBAR    2103    2010    2103    2104    0.048830-0.032990.998262GGG     
CBAR    2104    2011    2104    2105    0.048830-0.032990.998262GGG     
CBAR    2105    2012    2105    2106    0.048830-0.032990.998262GGG     
CBAR    2106    2013    2106    2107    0.048830-0.032990.998262GGG     
CBAR    2107    2014    2107    2108    0.048830-0.032990.998262GGG     
CBAR    2108    2015    2108    2109    0.048830-0.032990.998262GGG     
CBAR    2109    2016    2109    2110    0.048830-0.032990.998262GGG     
CBAR    2110    2017    2110    2111    0.048830-0.032990.998262GGG     
CBAR    2111    2018    2111    2112    0.048830-0.032990.998262GGG     
CBAR    2112    2019    2112    2113    0.048830-0.032990.998262GGG     
CBAR    2113    2020    2113    2114    0.048830-0.032990.998262GGG     
CBAR    2114    2021    2114    2115    0.048830-0.032990.998262GGG     
CBAR    2115    2022    2115    2116    0.048830-0.032990.998262GGG     
CBAR    2116    2023    2116    2117    0.048830-0.032990.998262GGG     
CBAR    2117    2024    2117    2118    0.048830-0.032990.998262GGG     
CBAR    2118    2025    2118    2119    0.048830-0.032990.998262GGG     
CBAR    2119    2026    2119    2120    0.048830-0.032990.998262GGG     
CBAR    2120    2027    2120    2121    0.048830-0.032990.998262GGG     
CBAR    2121    2028    2121    2122    0.048830-0.032990.998262GGG     
CBAR    2122    2029    2122    2123    0.048830-0.032990.998262GGG     
CBAR    2123    2030    2123    2124    0.048830-0.032990.998262GGG     
CBAR    2124    2031    2124    2125    0.048830-0.032990.998262GGG     
CBAR    2125    2032    2125    2126    0.048830-0.032990.998262GGG     
CBAR    2126    2033    2126    2127    0.048830-0.032990.998262GGG     
CBAR    2127    2034    2127    2128    0.048830-0.032990.998262GGG     
CBAR    2128    2035    2128    2129    0.048830-0.032990.998262GGG     
CBAR    2129    2036    2129    2130    0.048830-0.032990.998262GGG     
CBAR    2130    2037    2130    2131    0.048830-0.032990.998262GGG     
CBAR    2131    2038    2131    2132    0.048830-0.032990.998262GGG     
CBAR    2132    2039    2132    2133    0.048830-0.032990.998262GGG     
CBAR    2133    2040    2133    2134    0.048830-0.032990.998262GGG     
CBAR    2134    2041    2134    2135    0.048830-0.032990.998262GGG     
CBAR    2135    2042    2135    2136    0.048830-0.032990.998262GGG     
CBAR    2136    2043    2136    2137    0.048830-0.032990.998262GGG     
CBAR    2137    2044    2137    2138    0.048830-0.032990.998262GGG     
CBAR    2138    2045    2138    2139    0.048830-0.032990.998262GGG     
CBAR    2139    2046    2139    2140    0.048830-0.032990.998262GGG     
CBAR    2140    2047    2140    2141    0.048830-0.032990.998262GGG     
CBAR    2141    2048    2141    2142    0.027520-0.034320.999032GGG     
CBAR    2142    2049    2142    2143    0.027520-0.034320.999032GGG     
CBAR    2143    2050    2143    2144    0.027520-0.034320.999032GGG     
CBAR    2144    2051    2144    2145    0.027520-0.034320.999032GGG     
CBAR    2145    2052    2145    2146    0.027520-0.034320.999032GGG     
CBAR    2146    2053    2146    2147    0.027520-0.034320.999032GGG     
CBAR    2147    2054    2147    2148    0.027520-0.034320.999032GGG     
CBAR    2148    2055    2148    2149    0.027520-0.034320.999032GGG     
CBAR    2149    2056    2149    2150    0.027520-0.034320.999032GGG     
CBAR    2150    2057    2150    2151    0.027520-0.034320.999032GGG     
CBAR    2151    2058    2151    2152    0.027520-0.034320.999032GGG     
CBAR    2152    2059    2152    2153    0.027520-0.034320.999032GGG     
CBAR    2153    2060    2153    2154    0.027520-0.034320.999032GGG     
CBAR    2154    2061    2154    2155    0.027520-0.034320.999032GGG     
CBAR    2155    2062    2155    2156    0.027520-0.034320.999032GGG     
CBAR    2156    2063    2156    2157    0.027520-0.034320.999032GGG     
CBAR    2157    2064    2157    2158    0.027520-0.034320.999032GGG     
CBAR    2158    2065    2158    2159    0.0     -0.052330.99863 GGG     
CBAR    2159    2066    2159    2160    0.0     -0.052330.99863 GGG     
CBAR    2160    2067    2160    2161    0.0     -0.052330.99863 GGG     
CBAR    2161    2068    2161    2162    0.0     -0.052330.99863 GGG     
CBAR    2162    2069    2162    2163    0.0     -0.052330.99863 GGG     
CBAR    2163    2070    2163    2164    0.0     -0.052330.99863 GGG     
CBAR    2164    2071    2164    2165    0.0     -0.052330.99863 GGG     
CBAR    2165    2072    2165    2166    0.0     -0.052330.99863 GGG     
CBAR    2166    2073    2166    2167    0.0     -0.052330.99863 GGG     
CBAR    2167    2074    2167    2168    0.0     -0.052330.99863 GGG     
CBAR    2168    2075    2168    2169    0.0     -0.052330.99863 GGG     
CBAR    2169    2076    2169    2170    0.0     -0.052330.99863 GGG     
CBAR    2170    2077    2170    2171    0.0     -0.052330.99863 GGG     
CBAR    2171    2078    2171    2172    0.0     -0.052330.99863 GGG     
CBAR    2172    2079    2172    2173    0.0     -0.052330.99863 GGG     
CBAR    2173    2080    2173    2174    0.0     -0.052330.99863 GGG     
CBAR    2174    2081    2174    2175    0.0     -0.052330.99863 GGG     
CBAR    2175    2082    2175    2176    0.0     -0.052330.99863 GGG     
CBAR    2176    2083    2176    2177    0.0     -0.052330.99863 GGG     
CBAR    2177    2084    2177    2178    0.0     -0.052330.99863 GGG     
CBAR    2178    2085    2178    2179    0.0     -0.052330.99863 GGG     
CBAR    2179    2086    2179    2180    0.0     -0.052330.99863 GGG     
CBAR    2180    2087    2180    2181    0.0     -0.052330.99863 GGG     
CBAR    2181    2088    2181    2182    0.0     -0.052330.99863 GGG     
CBAR    2182    2089    2182    2183    0.0     -0.052330.99863 GGG     
CBAR    2183    2090    2183    2184    0.0     -0.052330.99863 GGG     
CBAR    2184    2091    2184    2185    0.0     -0.052330.99863 GGG     
CBAR    2185    2092    2185    2186    0.0     -0.052330.99863 GGG     
CBAR    3000    3000    3000    3001    0.0     -1.0    0.0     GGG     
CBAR    3001    3001    3001    3002    0.0     -1.0    0.0     GGG     
CBAR    3002    3002    3002    3003    0.0     -1.0    0.0     GGG     
CBAR    3003    3003    3003    3004    0.0     -1.0    0.0     GGG     
CBAR    3004    3004    3004    3005    0.0     -1.0    0.0     GGG     
CBAR    3005    3005    3005    3006    0.0     -1.0    0.0     GGG     
CBAR    3006    3006    3006    3007    0.0     -1.0    0.0     GGG     
CBAR    3007    3007    3007    3008    0.0     -1.0    0.0     GGG     
CBAR    3008    3008    3008    3009    0.0     -1.0    0.0     GGG     
CBAR    3009    3009    3009    3010    0.0     -1.0    0.0     GGG     
CBAR    3010    3010    3010    3011    0.0     -1.0    0.0     GGG     
CBAR    3011    3011    3011    3012    0.0     -1.0    0.0     GGG     
CBAR    3012    3012    3012    3013    0.0     -1.0    0.0     GGG     
CBAR    3013    3013    3013    3014    0.0     -1.0    0.0     GGG     
CBAR    3014    3014    3014    3015    0.0     -1.0    0.0     GGG     
CBAR    3015    3015    3015    3016    0.0     -1.0    0.0     GGG     
CBAR    3016    3016    3016    3017    0.0     -1.0    0.0     GGG     
CBAR    3017    3017    3017    3018    0.0     -1.0    0.0     GGG     
CBAR    3018    3018    3018    3019    0.0     -1.0    0.0     GGG     
CBAR    3019    3019    3019    3020    0.0     -1.0    0.0     GGG     
CBAR    3020    3020    3020    3021    0.0     -1.0    0.0     GGG     
CBAR    3021    3021    3021    3022    0.0     -1.0    0.0     GGG     
CBAR    3022    3022    3022    3023    0.0     -1.0    0.0     GGG     
CBAR    3023    3023    3023    3024    0.0     -1.0    0.0     GGG     
CBAR    3024    3024    3024    3025    0.0     -1.0    0.0     GGG     
CBAR    3025    3025    3025    3026    0.0     -1.0    0.0     GGG     
CBAR    3026    3026    3026    3027    0.0     -1.0    0.0     GGG     
CBAR    3027    3027    3027    3028    0.0     -1.0    0.0     GGG     
CBAR    3028    3028    3028    3029    0.0     -1.0    0.0     GGG     
CBAR    3029    3029    3029    3030    0.0     -1.0    0.0     GGG     
CBAR    3030    3030    3030    3031    0.0     -1.0    0.0     GGG     
CBAR    3031    3031    3031    3032    0.0     -1.0    0.0     GGG     
CBAR    4000    4000    4000    4001    0.0     0.0     1.0     GGG     
CBAR    4001    4001    4001    4002    0.0     0.0     1.0     GGG     
CBAR    4002    4002    4002    4003    0.0     0.0261760.999657GGG     
CBAR    4003    4003    4003    4004    0.0     0.0261760.999657GGG     
CBAR    4004    4004    4004    4005    0.0     0.0261760.999657GGG     
CBAR    4005    4005    4005    4006    0.0     0.0261760.999657GGG     
CBAR    4006    4006    4006    4007    0.0     0.0261760.999657GGG     
CBAR    4007    4007    4007    4008    0.0     0.0261760.999657GGG     
CBAR    4008    4008    4008    4009    0.0     0.0261760.999657GGG     
CBAR    4009    4009    4009    4010    0.0     0.0261760.999657GGG     
CBAR    4010    4010    4010    4011    0.0     0.0261760.999657GGG     
CBAR    4011    4011    4011    4012    0.0     0.0261760.999657GGG     
CBAR    4012    4012    4012    4013    0.0     0.0261760.999657GGG     
CBAR    4013    4013    4013    4014    0.0     0.0261760.999657GGG     
CBAR    4014    4014    4014    4015    0.0     0.0261760.999657GGG     
CBAR    4015    4015    4015    4016    0.0     0.0261760.999657GGG     
CBAR    4016    4016    4016    4017    0.0     0.0261760.999657GGG     
CBAR    4017    4017    4017    4018    0.0     0.0261760.999657GGG     
CBAR    4018    4018    4018    4019    0.0     0.0261760.999657GGG     
CBAR    4019    4019    4019    4020    0.0     0.0261760.999657GGG     
CBAR    4020    4020    4020    4021    0.0     0.0261760.999657GGG     
CBAR    4021    4021    4021    4022    0.0     0.0261760.999657GGG     
CBAR    4022    4022    4022    4023    0.0     0.0261760.999657GGG     
CBAR    4023    4023    4023    4024    0.0     0.0261760.999657GGG     
CBAR    4024    4024    4024    4025    0.0     0.0261760.999657GGG     
CBAR    4025    4025    4025    4026    0.0     0.0261760.999657GGG     
CBAR    4026    4026    4026    4027    0.0     0.0261760.999657GGG     
CBAR    4027    4027    4027    4028    0.0     0.0261760.999657GGG     
CBAR    4028    4028    4028    4029    0.0     0.0261760.999657GGG     
CBAR    4029    4029    4029    4030    0.0     0.0261760.999657GGG     
CBAR    4030    4030    4030    4031    0.0     0.0261760.999657GGG     
CBAR    4031    4031    4031    4032    0.0     0.0261760.999657GGG     
CBAR    4032    4032    4032    4033    0.0     0.0261760.999657GGG     
CBAR    4033    4033    4033    4034    0.0     0.0261760.999657GGG     
CBAR    4034    4034    4034    4035    0.0     0.0261760.999657GGG     
CBAR    4035    4035    4035    4036    0.0     0.0261760.999657GGG     
CBAR    4036    4036    4036    4037    0.0     0.0261760.999657GGG     
CBAR    4037    4037    4037    4038    0.0     0.0261760.999657GGG     
CBAR    4038    4038    4038    4039    0.0     0.0261760.999657GGG     
CBAR    4039    4039    4039    4040    0.0     0.0261760.999657GGG     
CBAR    4040    4040    4040    4041    0.0     0.0261760.999657GGG     
CBAR    4041    4041    4041    4042    0.0     0.0261760.999657GGG     
CBAR    4042    4042    4042    4043    0.0     0.0261760.999657GGG     
CBAR    4043    4043    4043    4044    0.0     0.0261760.999657GGG     
CBAR    4044    4044    4044    4045    0.0     0.0261760.999657GGG     
CBAR    4045    4045    4045    4046    0.0     0.0261760.999657GGG     
CBAR    4046    4046    4046    4047    0.0     0.0261760.999657GGG     
CBAR    4047    4047    4047    4048    0.0     0.0261760.999657GGG     
CBAR    4048    4048    4048    4049    0.0     0.0261760.999657GGG     
CBAR    4049    4049    4049    4050    0.0     0.0261760.999657GGG     
CBAR    4050    4050    4050    4051    0.0     0.0261760.999657GGG     
CBAR    4051    4051    4051    4052    0.0     0.0261760.999657GGG     
CBAR    4052    4052    4052    4053    0.0     0.0261760.999657GGG     
CBAR    4053    4053    4053    4054    0.0     0.0261760.999657GGG     
CBAR    4054    4054    4054    4055    0.0     0.0261760.999657GGG     
CBAR    4055    4055    4055    4056    0.0     0.0261760.999657GGG     
CBAR    4056    4056    4056    4057    0.0     0.0261760.999657GGG     
CBAR    4057    4057    4057    4058    0.0     0.0261760.999657GGG     
CBAR    4058    4058    4058    4059    0.0     0.0261760.999657GGG     
CBAR    4059    4059    4059    4060    0.0     0.0261760.999657GGG     
CBAR    4060    4060    4060    4061    0.0     0.0261760.999657GGG     
CBAR    4061    4061    4061    4062    0.0     0.0261760.999657GGG     
CBAR    4062    4062    4062    4063    0.0     0.0261760.999657GGG     
CBAR    4063    4000    4000    4064    0.0     0.0     1.0     GGG     
CBAR    4064    4001    4064    4065    0.0     0.0     1.0     GGG     
CBAR    4065    4002    4065    4066    0.0     -0.026170.999657GGG     
CBAR    4066    4003    4066    4067    0.0     -0.026170.999657GGG     
CBAR    4067    4004    4067    4068    0.0     -0.026170.999657GGG     
CBAR    4068    4005    4068    4069    0.0     -0.026170.999657GGG     
CBAR    4069    4006    4069    4070    0.0     -0.026170.999657GGG     
CBAR    4070    4007    4070    4071    0.0     -0.026170.999657GGG     
CBAR    4071    4008    4071    4072    0.0     -0.026170.999657GGG     
CBAR    4072    4009    4072    4073    0.0     -0.026170.999657GGG     
CBAR    4073    4010    4073    4074    0.0     -0.026170.999657GGG     
CBAR    4074    4011    4074    4075    0.0     -0.026170.999657GGG     
CBAR    4075    4012    4075    4076    0.0     -0.026170.999657GGG     
CBAR    4076    4013    4076    4077    0.0     -0.026170.999657GGG     
CBAR    4077    4014    4077    4078    0.0     -0.026170.999657GGG     
CBAR    4078    4015    4078    4079    0.0     -0.026170.999657GGG     
CBAR    4079    4016    4079    4080    0.0     -0.026170.999657GGG     
CBAR    4080    4017    4080    4081    0.0     -0.026170.999657GGG     
CBAR    4081    4018    4081    4082    0.0     -0.026170.999657GGG     
CBAR    4082    4019    4082    4083    0.0     -0.026170.999657GGG     
CBAR    4083    4020    4083    4084    0.0     -0.026170.999657GGG     
CBAR    4084    4021    4084    4085    0.0     -0.026170.999657GGG     
CBAR    4085    4022    4085    4086    0.0     -0.026170.999657GGG     
CBAR    4086    4023    4086    4087    0.0     -0.026170.999657GGG     
CBAR    4087    4024    4087    4088    0.0     -0.026170.999657GGG     
CBAR    4088    4025    4088    4089    0.0     -0.026170.999657GGG     
CBAR    4089    4026    4089    4090    0.0     -0.026170.999657GGG     
CBAR    4090    4027    4090    4091    0.0     -0.026170.999657GGG     
CBAR    4091    4028    4091    4092    0.0     -0.026170.999657GGG     
CBAR    4092    4029    4092    4093    0.0     -0.026170.999657GGG     
CBAR    4093    4030    4093    4094    0.0     -0.026170.999657GGG     
CBAR    4094    4031    4094    4095    0.0     -0.026170.999657GGG     
CBAR    4095    4032    4095    4096    0.0     -0.026170.999657GGG     
CBAR    4096    4033    4096    4097    0.0     -0.026170.999657GGG     
CBAR    4097    4034    4097    4098    0.0     -0.026170.999657GGG     
CBAR    4098    4035    4098    4099    0.0     -0.026170.999657GGG     
CBAR    4099    4036    4099    4100    0.0     -0.026170.999657GGG     
CBAR    4100    4037    4100    4101    0.0     -0.026170.999657GGG     
CBAR    4101    4038    4101    4102    0.0     -0.026170.999657GGG     
CBAR    4102    4039    4102    4103    0.0     -0.026170.999657GGG     
CBAR    4103    4040    4103    4104    0.0     -0.026170.999657GGG     
CBAR    4104    4041    4104    4105    0.0     -0.026170.999657GGG     
CBAR    4105    4042    4105    4106    0.0     -0.026170.999657GGG     
CBAR    4106    4043    4106    4107    0.0     -0.026170.999657GGG     
CBAR    4107    4044    4107    4108    0.0     -0.026170.999657GGG     
CBAR    4108    4045    4108    4109    0.0     -0.026170.999657GGG     
CBAR    4109    4046    4109    4110    0.0     -0.026170.999657GGG     
CBAR    4110    4047    4110    4111    0.0     -0.026170.999657GGG     
CBAR    4111    4048    4111    4112    0.0     -0.026170.999657GGG     
CBAR    4112    4049    4112    4113    0.0     -0.026170.999657GGG     
CBAR    4113    4050    4113    4114    0.0     -0.026170.999657GGG     
CBAR    4114    4051    4114    4115    0.0     -0.026170.999657GGG     
CBAR    4115    4052    4115    4116    0.0     -0.026170.999657GGG     
CBAR    4116    4053    4116    4117    0.0     -0.026170.999657GGG     
CBAR    4117    4054    4117    4118    0.0     -0.026170.999657GGG     
CBAR    4118    4055    4118    4119    0.0     -0.026170.999657GGG     
CBAR    4119    4056    4119    4120    0.0     -0.026170.999657GGG     
CBAR    4120    4057    4120    4121    0.0     -0.026170.999657GGG     
CBAR    4121    4058    4121    4122    0.0     -0.026170.999657GGG     
CBAR    4122    4059    4122    4123    0.0     -0.026170.999657GGG     
CBAR    4123    4060    4123    4124    0.0     -0.026170.999657GGG     
CBAR    4124    4061    4124    4125    0.0     -0.026170.999657GGG     
CBAR    4125    4062    4125    4126    0.0     -0.026170.999657GGG     
CBAR    5000    5000    5000    5001    0.0     0.0     1.0     GGG     
CBAR    5001    5001    5001    5002    0.0     0.0     1.0     GGG     
CBAR    5002    5002    5002    5003    0.0     -0.207910.978148GGG     
CBAR    5003    5003    5003    5004    0.0     -0.207910.978148GGG     
CBAR    5004    5004    5004    5005    0.0     -0.207910.978148GGG     
CBAR    5005    5005    5005    5006    0.0     -0.207910.978148GGG     
CBAR    5006    5006    5006    5007    0.0     -0.207910.978148GGG     
CBAR    5007    5007    5007    5008    0.0     -0.207910.978148GGG     
CBAR    5008    5008    5008    5009    0.0     -0.207910.978148GGG     
CBAR    5009    5009    5009    5010    0.0     -0.207910.978148GGG     
CBAR    5010    5010    5010    5011    0.0     -0.207910.978148GGG     
CBAR    5011    5011    5011    5012    0.0     -0.207910.978148GGG     
CBAR    5012    5012    5012    5013    0.0     -0.207910.978148GGG     
CBAR    5013    5013    5013    5014    0.0     -0.207910.978148GGG     
CBAR    5014    5014    5014    5015    0.0     -0.224950.97437 GGG     
CBAR    5015    5015    5015    5016    0.0     -0.224950.97437 GGG     
CBAR    5016    5016    5016    5017    0.0     -0.224950.97437 GGG     
CBAR    5017    5017    5017    5018    0.0     -0.224950.97437 GGG     
CBAR    5018    5018    5018    5019    0.0     -0.224950.97437 GGG     
CBAR    5019    5019    5019    5020    0.0     -0.224950.97437 GGG     
CBAR    5020    5020    5020    5021    0.0     -0.224950.97437 GGG     
CBAR    5021    5021    5021    5022    0.0     -0.224950.97437 GGG     
CBAR    5022    5022    5022    5023    0.0     -0.224950.97437 GGG     
CBAR    5023    5023    5023    5024    0.0     -0.224950.97437 GGG     
CBAR    5024    5024    5024    5025    0.0     -0.224950.97437 GGG     
CBAR    5025    5025    5025    5026    0.0     -0.224950.97437 GGG     
CBAR    5026    5026    5026    5027    0.0     -0.224950.97437 GGG     
CBAR    5027    5027    5027    5028    0.0     -0.224950.97437 GGG     
CBAR    5028    5028    5028    5029    0.0     -0.224950.97437 GGG     
CBAR    5029    5029    5029    5030    0.0     -0.224950.97437 GGG     
CBAR    5030    5030    5030    5031    0.0     -0.224950.97437 GGG     
CBAR    5031    5031    5031    5032    0.0     -0.224950.97437 GGG     
CBAR    5032    5032    5032    5033    0.0     -0.224950.97437 GGG     
CBAR    5033    5033    5033    5034    0.0     -0.224950.97437 GGG     
CBAR    5034    5034    5034    5035    0.0     -0.224950.97437 GGG     
CBAR    5035    5035    5035    5036    0.0     -0.224950.97437 GGG     
CBAR    5036    5036    5036    5037    0.0     -0.224950.97437 GGG     
CBAR    5037    5037    5037    5038    0.0     -0.224950.97437 GGG     
CBAR    5038    5038    5038    5039    0.0     -0.224950.97437 GGG     
CBAR    5039    5039    5039    5040    0.0     -0.224950.97437 GGG     
CBAR    5040    5040    5040    5041    0.0     -0.224950.97437 GGG     
CBAR    5041    5041    5041    5042    0.0     -0.224950.97437 GGG     
CBAR    5042    5042    5042    5043    0.0     -0.224950.97437 GGG     
CBAR    5043    5043    5043    5044    0.0     -0.224950.97437 GGG     
CBAR    5044    5044    5044    5045    0.0     -0.224950.97437 GGG     
CBAR    5045    5045    5045    5046    0.0     -0.224950.97437 GGG     
CBAR    5046    5046    5046    5047    0.0     -0.224950.97437 GGG     
CBAR    5047    5047    5047    5048    0.0     -0.224950.97437 GGG     
CBAR    5048    5048    5048    5049    0.0     -0.224950.97437 GGG     
CBAR    5049    5049    5049    5050    0.0     -0.224950.97437 GGG     
CBAR    5050    5050    5050    5051    0.0     -0.224950.97437 GGG     
CBAR    5051    5051    5051    5052    0.0     -0.224950.97437 GGG     
CBAR    5052    5052    5052    5053    0.0     -0.224950.97437 GGG     
CBAR    5053    5053    5053    5054    0.0     -0.224950.97437 GGG     
CBAR    5054    5054    5054    5055    0.0     -0.224950.97437 GGG     
CBAR    5055    5055    5055    5056    0.0     -0.224950.97437 GGG     
CBAR    5056    5056    5056    5057    0.0     -0.224950.97437 GGG     
CBAR    5057    5057    5057    5058    0.0     -0.224950.97437 GGG     
CBAR    5058    5058    5058    5059    0.0     -0.224950.97437 GGG     
CBAR    5059    5059    5059    5060    0.0     -0.224950.97437 GGG     
CBAR    5060    5060    5060    5061    0.0     -0.224950.97437 GGG     
CBAR    5061    5061    5061    5062    0.0     -0.224950.97437 GGG     
CBAR    5062    5062    5062    5063    0.0     -0.224950.97437 GGG     
CBAR    5063    5000    5000    5064    0.0     0.0     1.0     GGG     
CBAR    5064    5001    5064    5065    0.0     0.0     1.0     GGG     
CBAR    5065    5002    5065    5066    0.0     0.2079120.978148GGG     
CBAR    5066    5003    5066    5067    0.0     0.2079120.978148GGG     
CBAR    5067    5004    5067    5068    0.0     0.2079120.978148GGG     
CBAR    5068    5005    5068    5069    0.0     0.2079120.978148GGG     
CBAR    5069    5006    5069    5070    0.0     0.2079120.978148GGG     
CBAR    5070    5007    5070    5071    0.0     0.2079120.978148GGG     
CBAR    5071    5008    5071    5072    0.0     0.2079120.978148GGG     
CBAR    5072    5009    5072    5073    0.0     0.2079120.978148GGG     
CBAR    5073    5010    5073    5074    0.0     0.2079120.978148GGG     
CBAR    5074    5011    5074    5075    0.0     0.2079120.978148GGG     
CBAR    5075    5012    5075    5076    0.0     0.2079120.978148GGG     
CBAR    5076    5013    5076    5077    0.0     0.2079120.978148GGG     
CBAR    5077    5014    5077    5078    0.0     0.2249510.97437 GGG     
CBAR    5078    5015    5078    5079    0.0     0.2249510.97437 GGG     
CBAR    5079    5016    5079    5080    0.0     0.2249510.97437 GGG     
CBAR    5080    5017    5080    5081    0.0     0.2249510.97437 GGG     
CBAR    5081    5018    5081    5082    0.0     0.2249510.97437 GGG     
CBAR    5082    5019    5082    5083    0.0     0.2249510.97437 GGG     
CBAR    5083    5020    5083    5084    0.0     0.2249510.97437 GGG     
CBAR    5084    5021    5084    5085    0.0     0.2249510.97437 GGG     
CBAR    5085    5022    5085    5086    0.0     0.2249510.97437 GGG     
CBAR    5086    5023    5086    5087    0.0     0.2249510.97437 GGG     
CBAR    5087    5024    5087    5088    0.0     0.2249510.97437 GGG     
CBAR    5088    5025    5088    5089    0.0     0.2249510.97437 GGG     
CBAR    5089    5026    5089    5090    0.0     0.2249510.97437 GGG     
CBAR    5090    5027    5090    5091    0.0     0.2249510.97437 GGG     
CBAR    5091    5028    5091    5092    0.0     0.2249510.97437 GGG     
CBAR    5092    5029    5092    5093    0.0     0.2249510.97437 GGG     
CBAR    5093    5030    5093    5094    0.0     0.2249510.97437 GGG     
CBAR    5094    5031    5094    5095    0.0     0.2249510.97437 GGG     
CBAR    5095    5032    5095    5096    0.0     0.2249510.97437 GGG     
CBAR    5096    5033    5096    5097    0.0     0.2249510.97437 GGG     
CBAR    5097    5034    5097    5098    0.0     0.2249510.97437 GGG     
CBAR    5098    5035    5098    5099    0.0     0.2249510.97437 GGG     
CBAR    5099    5036    5099    5100    0.0     0.2249510.97437 GGG     
CBAR    5100    5037    5100    5101    0.0     0.2249510.97437 GGG     
CBAR    5101    5038    5101    5102    0.0     0.2249510.97437 GGG     
CBAR    5102    5039    5102    5103    0.0     0.2249510.97437 GGG     
CBAR    5103    5040    5103    5104    0.0     0.2249510.97437 GGG     
CBAR    5104    5041    5104    5105    0.0     0.2249510.97437 GGG     
CBAR    5105    5042    5105    5106    0.0     0.2249510.97437 GGG     
CBAR    5106    5043    5106    5107    0.0     0.2249510.97437 GGG     
CBAR    5107    5044    5107    5108    0.0     0.2249510.97437 GGG     
CBAR    5108    5045    5108    5109    0.0     0.2249510.97437 GGG     
CBAR    5109    5046    5109    5110    0.0     0.2249510.97437 GGG     
CBAR    5110    5047    5110    5111    0.0     0.2249510.97437 GGG     
CBAR    5111    5048    5111    5112    0.0     0.2249510.97437 GGG     
CBAR    5112    5049    5112    5113    0.0     0.2249510.97437 GGG     
CBAR    5113    5050    5113    5114    0.0     0.2249510.97437 GGG     
CBAR    5114    5051    5114    5115    0.0     0.2249510.97437 GGG     
CBAR    5115    5052    5115    5116    0.0     0.2249510.97437 GGG     
CBAR    5116    5053    5116    5117    0.0     0.2249510.97437 GGG     
CBAR    5117    5054    5117    5118    0.0     0.2249510.97437 GGG     
CBAR    5118    5055    5118    5119    0.0     0.2249510.97437 GGG     
CBAR    5119    5056    5119    5120    0.0     0.2249510.97437 GGG     
CBAR    5120    5057    5120    5121    0.0     0.2249510.97437 GGG     
CBAR    5121    5058    5121    5122    0.0     0.2249510.97437 GGG     
CBAR    5122    5059    5122    5123    0.0     0.2249510.97437 GGG     
CBAR    5123    5060    5123    5124    0.0     0.2249510.97437 GGG     
CBAR    5124    5061    5124    5125    0.0     0.2249510.97437 GGG     
CBAR    5125    5062    5125    5126    0.0     0.2249510.97437 GGG     

$-------2-------3-------4-------5-------6-------7-------8-------9-------10
$ Aeronode definition
$-------2-------3-------4-------5-------6-------7-------8-------9-------10
GRID    10000   0       0.      0.      -0.825180       0       0       
GRID    10001   0       0.      0.      -0.825180       0       0       
GRID    10002   0       0.      0.      -0.825180       0       0       
GRID    10003   0       0.      0.      -0.825180       0       0       
GRID    10004   0       0.8902  0.763112-0.661170       0       0       
GRID    10005   0       0.8902  0.      0.1019360       0       0       
GRID    10006   0       0.8902  -0.76311-0.661170       0       0       
GRID    10007   0       0.8902  0.      -1.424290       0       0       
GRID    10008   0       1.7804  1.14796 -0.497160       0       0       
GRID    10009   0       1.7804  0.      0.6507910       0       0       
GRID    10010   0       1.7804  -1.14796-0.497160       0       0       
GRID    10011   0       1.7804  0.      -1.645130       0       0       
GRID    10012   0       2.6706  1.45724 -0.333150       0       0       
GRID    10013   0       2.6706  0.      1.12408 0       0       0       
GRID    10014   0       2.6706  -1.45724-0.333150       0       0       
GRID    10015   0       2.6706  0.      -1.7904 0       0       0       
GRID    10016   0       3.5608  1.72588 -0.169150       0       0       
GRID    10017   0       3.5608  0.      1.55673 0       0       0       
GRID    10018   0       3.5608  -1.72588-0.169150       0       0       
GRID    10019   0       3.5608  0.      -1.895030       0       0       
GRID    10020   0       4.4789  1.975   -9.2e-070       0       0       
GRID    10021   0       4.4789  0.      1.975   0       0       0       
GRID    10022   0       4.4789  -1.975  -9.2e-070       0       0       
GRID    10023   0       4.4789  0.      -1.975  0       0       0       
GRID    10024   0       5.3412  1.98084 -8.6e-070       0       0       
GRID    10025   0       5.3412  0.      1.975   0       0       0       
GRID    10026   0       5.3412  -1.98084-8.6e-070       0       0       
GRID    10027   0       5.3412  0.      -1.975  0       0       0       
GRID    10028   0       6.2314  1.98687 -8.0e-070       0       0       
GRID    10029   0       6.2314  0.      1.975   0       0       0       
GRID    10030   0       6.2314  -1.98687-8.0e-070       0       0       
GRID    10031   0       6.2314  0.      -1.975  0       0       0       
GRID    10032   0       7.1216  1.99291 -7.4e-070       0       0       
GRID    10033   0       7.1216  0.      1.975   0       0       0       
GRID    10034   0       7.1216  -1.99291-7.4e-070       0       0       
GRID    10035   0       7.1216  0.      -1.975  0       0       0       
GRID    10036   0       8.0118  1.99894 -6.8e-070       0       0       
GRID    10037   0       8.0118  0.      1.975   0       0       0       
GRID    10038   0       8.0118  -1.99894-6.8e-070       0       0       
GRID    10039   0       8.0118  0.      -1.975  0       0       0       
GRID    10040   0       8.902   2.00497 -6.3e-070       0       0       
GRID    10041   0       8.902   0.      1.975   0       0       0       
GRID    10042   0       8.902   -2.00497-6.3e-070       0       0       
GRID    10043   0       8.902   0.      -1.975  0       0       0       
GRID    10044   0       9.7922  2.011   -5.7e-070       0       0       
GRID    10045   0       9.7922  0.      1.975   0       0       0       
GRID    10046   0       9.7922  -2.011  -5.7e-070       0       0       
GRID    10047   0       9.7922  0.      -1.975  0       0       0       
GRID    10048   0       10.6824 2.01703 -5.1e-070       0       0       
GRID    10049   0       10.6824 0.      1.975   0       0       0       
GRID    10050   0       10.6824 -2.01703-5.1e-070       0       0       
GRID    10051   0       10.6824 0.      -1.975  0       0       0       
GRID    10052   0       11.5726 2.02307 -4.5e-070       0       0       
GRID    10053   0       11.5726 0.      1.975   0       0       0       
GRID    10054   0       11.5726 -2.02307-4.5e-070       0       0       
GRID    10055   0       11.5726 0.      -1.975  0       0       0       
GRID    10056   0       12.4628 2.0291  -3.9e-070       0       0       
GRID    10057   0       12.4628 0.      1.975   0       0       0       
GRID    10058   0       12.4628 -2.0291 -3.9e-070       0       0       
GRID    10059   0       12.4628 0.      -1.975  0       0       0       
GRID    10060   0       13.353  2.03513 -3.3e-070       0       0       
GRID    10061   0       13.353  0.      1.975   0       0       0       
GRID    10062   0       13.353  -2.03513-3.3e-070       0       0       
GRID    10063   0       13.353  0.      -1.975  0       0       0       
GRID    10064   0       14.2432 2.04116 -2.7e-070       0       0       
GRID    10065   0       14.2432 0.      1.975   0       0       0       
GRID    10066   0       14.2432 -2.04116-2.7e-070       0       0       
GRID    10067   0       14.2432 0.      -1.975  0       0       0       
GRID    10068   0       15.1334 2.04719 -2.2e-070       0       0       
GRID    10069   0       15.1334 0.      1.975   0       0       0       
GRID    10070   0       15.1334 -2.04719-2.2e-070       0       0       
GRID    10071   0       15.1334 0.      -1.975  0       0       0       
GRID    10072   0       16.0236 2.05323 -1.6e-070       0       0       
GRID    10073   0       16.0236 0.      1.975   0       0       0       
GRID    10074   0       16.0236 -2.05323-1.6e-070       0       0       
GRID    10075   0       16.0236 0.      -1.975  0       0       0       
GRID    10076   0       16.9138 2.05926 -1.0e-070       0       0       
GRID    10077   0       16.9138 0.      1.975   0       0       0       
GRID    10078   0       16.9138 -2.05926-1.0e-070       0       0       
GRID    10079   0       16.9138 0.      -1.975  0       0       0       
GRID    10080   0       17.4892 2.06316 -6.6e-080       0       0       
GRID    10081   0       17.4892 0.      1.975   0       0       0       
GRID    10082   0       17.4892 -2.06316-6.6e-080       0       0       
GRID    10083   0       17.4892 0.      -1.975  0       0       0       
GRID    10084   0       18.4992 2.07    0.      0       0       0       
GRID    10085   0       18.4992 0.      1.975   0       0       0       
GRID    10086   0       18.4992 -2.07   0.      0       0       0       
GRID    10087   0       18.4992 0.      -1.975  0       0       0       
GRID    10088   0       19.5844 2.07    0.      0       0       0       
GRID    10089   0       19.5844 0.      1.975   0       0       0       
GRID    10090   0       19.5844 -2.07   0.      0       0       0       
GRID    10091   0       19.5844 0.      -1.975  0       0       0       
GRID    10092   0       20.4746 2.07    0.      0       0       0       
GRID    10093   0       20.4746 0.      1.975   0       0       0       
GRID    10094   0       20.4746 -2.07   0.      0       0       0       
GRID    10095   0       20.4746 0.      -1.975  0       0       0       
GRID    10096   0       21.3648 2.07    0.      0       0       0       
GRID    10097   0       21.3648 0.      1.975   0       0       0       
GRID    10098   0       21.3648 -2.07   0.      0       0       0       
GRID    10099   0       21.3648 0.      -1.975  0       0       0       
GRID    10100   0       22.255  2.07    0.      0       0       0       
GRID    10101   0       22.255  0.      1.975   0       0       0       
GRID    10102   0       22.255  -2.07   0.      0       0       0       
GRID    10103   0       22.255  0.      -1.975  0       0       0       
GRID    10104   0       23.0121 2.07    0.      0       0       0       
GRID    10105   0       23.0121 0.      1.975   0       0       0       
GRID    10106   0       23.0121 -2.07   0.      0       0       0       
GRID    10107   0       23.0121 0.      -1.975  0       0       0       
GRID    10108   0       24.0354 2.07    0.      0       0       0       
GRID    10109   0       24.0354 0.      1.975   0       0       0       
GRID    10110   0       24.0354 -2.07   0.      0       0       0       
GRID    10111   0       24.0354 0.      -1.975  0       0       0       
GRID    10112   0       24.9256 2.07    0.      0       0       0       
GRID    10113   0       24.9256 0.      1.975   0       0       0       
GRID    10114   0       24.9256 -2.07   0.      0       0       0       
GRID    10115   0       24.9256 0.      -1.975  0       0       0       
GRID    10116   0       25.8158 2.07    0.      0       0       0       
GRID    10117   0       25.8158 0.      1.975   0       0       0       
GRID    10118   0       25.8158 -2.07   0.      0       0       0       
GRID    10119   0       25.8158 0.      -1.975  0       0       0       
GRID    10120   0       26.706  2.07    0.      0       0       0       
GRID    10121   0       26.706  0.      1.975   0       0       0       
GRID    10122   0       26.706  -2.07   0.      0       0       0       
GRID    10123   0       26.706  0.      -1.975  0       0       0       
GRID    10124   0       27.5962 2.07    0.      0       0       0       
GRID    10125   0       27.5962 0.      1.975   0       0       0       
GRID    10126   0       27.5962 -2.07   0.      0       0       0       
GRID    10127   0       27.5962 0.      -1.975  0       0       0       
GRID    10128   0       28.4864 2.07    0.      0       0       0       
GRID    10129   0       28.4864 0.      1.975   0       0       0       
GRID    10130   0       28.4864 -2.07   0.      0       0       0       
GRID    10131   0       28.4864 0.      -1.975  0       0       0       
GRID    10132   0       29.3766 2.07    0.      0       0       0       
GRID    10133   0       29.3766 0.      1.975   0       0       0       
GRID    10134   0       29.3766 -2.07   0.      0       0       0       
GRID    10135   0       29.3766 0.      -1.975  0       0       0       
GRID    10136   0       30.2668 2.07    0.      0       0       0       
GRID    10137   0       30.2668 0.      1.975   0       0       0       
GRID    10138   0       30.2668 -2.07   0.      0       0       0       
GRID    10139   0       30.2668 0.      -1.975  0       0       0       
GRID    10140   0       31.157  2.07    0.      0       0       0       
GRID    10141   0       31.157  0.      1.975   0       0       0       
GRID    10142   0       31.157  -2.07   0.      0       0       0       
GRID    10143   0       31.157  0.      -1.975  0       0       0       
GRID    10144   0       32.0472 2.07    0.      0       0       0       
GRID    10145   0       32.0472 0.      1.975   0       0       0       
GRID    10146   0       32.0472 -2.07   0.      0       0       0       
GRID    10147   0       32.0472 0.      -1.975  0       0       0       
GRID    10148   0       32.5194 2.07    0.      0       0       0       
GRID    10149   0       32.5194 0.      1.975   0       0       0       
GRID    10150   0       32.5194 -2.07   0.      0       0       0       
GRID    10151   0       32.5194 0.      -1.975  0       0       0       
GRID    10152   0       33.8276 1.93819 0.1446810       0       0       
GRID    10153   0       33.8276 0.      1.99392 0       0       0       
GRID    10154   0       33.8276 -1.938190.1446810       0       0       
GRID    10155   0       33.8276 0.      -1.704560       0       0       
GRID    10156   0       34.7178 1.84434 0.2431330       0       0       
GRID    10157   0       34.7178 0.      2.00283 0       0       0       
GRID    10158   0       34.7178 -1.844340.2431330       0       0       
GRID    10159   0       34.7178 0.      -1.516570       0       0       
GRID    10160   0       35.608  1.74707 0.3415850       0       0       
GRID    10161   0       35.608  0.      2.00847 0       0       0       
GRID    10162   0       35.608  -1.747070.3415850       0       0       
GRID    10163   0       35.608  0.      -1.3253 0       0       0       
GRID    10164   0       36.4982 1.64519 0.4400380       0       0       
GRID    10165   0       36.4982 0.      2.00972 0       0       0       
GRID    10166   0       36.4982 -1.645190.4400380       0       0       
GRID    10167   0       36.4982 0.      -1.129640       0       0       
GRID    10168   0       37.7315 1.49578 0.5764360       0       0       
GRID    10169   0       37.7315 0.      2.00357 0       0       0       
GRID    10170   0       37.7315 -1.495780.5764360       0       0       
GRID    10171   0       37.7315 0.      -0.8507 0       0       0       
GRID    10172   0       38.2786 1.42591 0.6369420       0       0       
GRID    10173   0       38.2786 0.      1.99741 0       0       0       
GRID    10174   0       38.2786 -1.425910.6369420       0       0       
GRID    10175   0       38.2786 0.      -0.723520       0       0       
GRID    10176   0       39.1688 1.30575 0.7353940       0       0       
GRID    10177   0       39.1688 0.      1.98122 0       0       0       
GRID    10178   0       39.1688 -1.305750.7353940       0       0       
GRID    10179   0       39.1688 0.      -0.510420       0       0       
GRID    10180   0       40.059  1.17738 0.8338460       0       0       
GRID    10181   0       40.059  0.      1.9572  0       0       0       
GRID    10182   0       40.059  -1.177380.8338460       0       0       
GRID    10183   0       40.059  0.      -0.289500       0       0       
GRID    10184   0       40.9492 1.03611 0.9322980       0       0       
GRID    10185   0       40.9492 0.      1.92086 0       0       0       
GRID    10186   0       40.9492 -1.036110.9322980       0       0       
GRID    10187   0       40.9492 0.      -0.056260       0       0       
GRID    10188   0       41.8394 0.8793811.03075 0       0       0       
GRID    10189   0       41.8394 0.      1.86977 0       0       0       
GRID    10190   0       41.8394 -0.879381.03075 0       0       0       
GRID    10191   0       41.8394 0.      0.1917270       0       0       
GRID    10192   0       42.7296 0.6971411.1292  0       0       0       
GRID    10193   0       42.7296 0.      1.79435 0       0       0       
GRID    10194   0       42.7296 -0.697141.1292  0       0       0       
GRID    10195   0       42.7296 0.      0.4640560       0       0       
GRID    10196   0       43.6198 0.4642031.22765 0       0       0       
GRID    10197   0       43.6198 0.      1.67055 0       0       0       
GRID    10198   0       43.6198 -0.464201.22765 0       0       0       
GRID    10199   0       43.6198 0.      0.7847560       0       0       
GRID    10200   0       44.51   0.      1.32611 0       0       0       
GRID    10201   0       44.51   0.      1.32611 0       0       0       
GRID    10202   0       44.51   0.      1.32611 0       0       0       
GRID    10203   0       44.51   0.      1.32611 0       0       0       
RBE0    1000    1000    10000   10001   10002   10003   
RBE0    1001    1001    10004   10005   10006   10007   
RBE0    1002    1002    10008   10009   10010   10011   
RBE0    1003    1003    10012   10013   10014   10015   
RBE0    1004    1004    10016   10017   10018   10019   
RBE0    1005    1005    10020   10021   10022   10023   
RBE0    1006    1006    10024   10025   10026   10027   
RBE0    1007    1007    10028   10029   10030   10031   
RBE0    1008    1008    10032   10033   10034   10035   
RBE0    1009    1009    10036   10037   10038   10039   
RBE0    1010    1010    10040   10041   10042   10043   
RBE0    1011    1011    10044   10045   10046   10047   
RBE0    1012    1012    10048   10049   10050   10051   
RBE0    1013    1013    10052   10053   10054   10055   
RBE0    1014    1014    10056   10057   10058   10059   
RBE0    1015    1015    10060   10061   10062   10063   
RBE0    1016    1016    10064   10065   10066   10067   
RBE0    1017    1017    10068   10069   10070   10071   
RBE0    1018    1018    10072   10073   10074   10075   
RBE0    1019    1019    10076   10077   10078   10079   
RBE0    1020    1020    10080   10081   10082   10083   
RBE0    1021    1021    10084   10085   10086   10087   
RBE0    1022    1022    10088   10089   10090   10091   
RBE0    1023    1023    10092   10093   10094   10095   
RBE0    1024    1024    10096   10097   10098   10099   
RBE0    1025    1025    10100   10101   10102   10103   
RBE0    1026    1026    10104   10105   10106   10107   
RBE0    1027    1027    10108   10109   10110   10111   
RBE0    1028    1028    10112   10113   10114   10115   
RBE0    1029    1029    10116   10117   10118   10119   
RBE0    1030    1030    10120   10121   10122   10123   
RBE0    1031    1031    10124   10125   10126   10127   
RBE0    1032    1032    10128   10129   10130   10131   
RBE0    1033    1033    10132   10133   10134   10135   
RBE0    1034    1034    10136   10137   10138   10139   
RBE0    1035    1035    10140   10141   10142   10143   
RBE0    1036    1036    10144   10145   10146   10147   
RBE0    1037    1037    10148   10149   10150   10151   
RBE0    1038    1038    10152   10153   10154   10155   
RBE0    1039    1039    10156   10157   10158   10159   
RBE0    1040    1040    10160   10161   10162   10163   
RBE0    1041    1041    10164   10165   10166   10167   
RBE0    1042    1042    10168   10169   10170   10171   
RBE0    1043    1043    10172   10173   10174   10175   
RBE0    1044    1044    10176   10177   10178   10179   
RBE0    1045    1045    10180   10181   10182   10183   
RBE0    1046    1046    10184   10185   10186   10187   
RBE0    1047    1047    10188   10189   10190   10191   
RBE0    1048    1048    10192   10193   10194   10195   
RBE0    1049    1049    10196   10197   10198   10199   
RBE0    1050    1050    10200   10201   10202   10203   
GRID    20000   0       16.8666 0.      1.975   0       0       0       
GRID    20001   0       17.4892 0.      1.85211 0       0       0       
GRID    20002   0       18.1119 0.      1.975   0       0       0       
GRID    20003   0       17.4892 0.      2.09789 0       0       0       
GRID    20004   0       16.8666 1.01139 1.975   0       0       0       
GRID    20005   0       17.4892 1.01139 1.85211 0       0       0       
GRID    20006   0       18.1119 1.01139 1.975   0       0       0       
GRID    20007   0       17.4892 1.01139 2.09789 0       0       0       
GRID    20008   0       16.9085 2.02278 1.975   0       0       0       
GRID    20009   0       17.4892 2.02278 1.85211 0       0       0       
GRID    20010   0       18.07   2.02278 1.975   0       0       0       
GRID    20011   0       17.4892 2.02278 2.09789 0       0       0       
GRID    20012   0       17.0447 2.47766 1.98171 0       0       0       
GRID    20013   0       17.5781 2.264   1.83993 0       0       0       
GRID    20014   0       18.1235 2.05842 1.9428  0       0       0       
GRID    20015   0       17.5901 2.27208 2.08458 0       0       0       
GRID    20016   0       17.1411 2.72231 1.96891 0       0       0       
GRID    20017   0       17.673  2.50927 1.82754 0       0       0       
GRID    20018   0       18.2168 2.30428 1.93011 0       0       0       
GRID    20019   0       17.6849 2.51733 2.07148 0       0       0       
GRID    20020   0       17.2375 2.96697 1.95611 0       0       0       
GRID    20021   0       17.7678 2.75454 1.81515 0       0       0       
GRID    20022   0       18.3101 2.55015 1.91742 0       0       0       
GRID    20023   0       17.7797 2.76258 2.05838 0       0       0       
GRID    20024   0       17.3339 3.21162 1.9433  0       0       0       
GRID    20025   0       17.8627 2.99981 1.80275 0       0       0       
GRID    20026   0       18.4034 2.79602 1.90473 0       0       0       
GRID    20027   0       17.8746 3.00783 2.04528 0       0       0       
GRID    20028   0       17.4303 3.45627 1.9305  0       0       0       
GRID    20029   0       17.9576 3.24508 1.79036 0       0       0       
GRID    20030   0       18.4966 3.04189 1.89204 0       0       0       
GRID    20031   0       17.9694 3.25308 2.03217 0       0       0       
GRID    20032   0       17.5267 3.70093 1.9177  0       0       0       
GRID    20033   0       18.0524 3.49035 1.77797 0       0       0       
GRID    20034   0       18.5899 3.28775 1.87935 0       0       0       
GRID    20035   0       18.0642 3.49832 2.01907 0       0       0       
GRID    20036   0       17.6231 3.94558 1.90489 0       0       0       
GRID    20037   0       18.1473 3.73563 1.76558 0       0       0       
GRID    20038   0       18.6832 3.53362 1.86666 0       0       0       
GRID    20039   0       18.1591 3.74357 2.00597 0       0       0       
GRID    20040   0       17.7195 4.19023 1.89209 0       0       0       
GRID    20041   0       18.2422 3.9809  1.75318 0       0       0       
GRID    20042   0       18.7765 3.77949 1.85397 0       0       0       
GRID    20043   0       18.2539 3.98882 1.99287 0       0       0       
GRID    20044   0       17.8159 4.43488 1.87929 0       0       0       
GRID    20045   0       18.337  4.22617 1.74079 0       0       0       
GRID    20046   0       18.8698 4.02535 1.84128 0       0       0       
GRID    20047   0       18.3487 4.23407 1.97977 0       0       0       
GRID    20048   0       17.9124 4.67954 1.86649 0       0       0       
GRID    20049   0       18.4319 4.47144 1.7284  0       0       0       
GRID    20050   0       18.9631 4.27122 1.82859 0       0       0       
GRID    20051   0       18.4435 4.47932 1.96667 0       0       0       
GRID    20052   0       18.0088 4.92419 1.85368 0       0       0       
GRID    20053   0       18.5268 4.71671 1.71601 0       0       0       
GRID    20054   0       19.0564 4.51709 1.8159  0       0       0       
GRID    20055   0       18.5384 4.72457 1.95357 0       0       0       
GRID    20056   0       18.1052 5.16884 1.84088 0       0       0       
GRID    20057   0       18.6216 4.96199 1.70362 0       0       0       
GRID    20058   0       19.1497 4.76296 1.80321 0       0       0       
GRID    20059   0       18.6332 4.96981 1.94047 0       0       0       
GRID    20060   0       18.2016 5.4135  1.82808 0       0       0       
GRID    20061   0       18.7165 5.20726 1.69122 0       0       0       
GRID    20062   0       19.2429 5.00882 1.79051 0       0       0       
GRID    20063   0       18.728  5.21506 1.92737 0       0       0       
GRID    20064   0       18.298  5.65815 1.81527 0       0       0       
GRID    20065   0       18.8114 5.45253 1.67883 0       0       0       
GRID    20066   0       19.3362 5.25469 1.77782 0       0       0       
GRID    20067   0       18.8229 5.46031 1.91427 0       0       0       
GRID    20068   0       18.3944 5.9028  1.80247 0       0       0       
GRID    20069   0       18.9062 5.6978  1.66644 0       0       0       
GRID    20070   0       19.4295 5.50056 1.76513 0       0       0       
GRID    20071   0       18.9177 5.70556 1.90117 0       0       0       
GRID    20072   0       18.4908 6.14745 1.78967 0       0       0       
GRID    20073   0       19.0011 5.94307 1.65405 0       0       0       
GRID    20074   0       19.5228 5.74643 1.75244 0       0       0       
GRID    20075   0       19.0125 5.95081 1.88807 0       0       0       
GRID    20076   0       18.5872 6.39211 1.77687 0       0       0       
GRID    20077   0       19.096  6.18834 1.64166 0       0       0       
GRID    20078   0       19.6161 5.99229 1.73975 0       0       0       
GRID    20079   0       19.1074 6.19606 1.87496 0       0       0       
GRID    20080   0       18.6877 6.64719 1.76352 0       0       0       
GRID    20081   0       19.1949 6.44405 1.62872 0       0       0       
GRID    20082   0       19.7134 6.24859 1.72652 0       0       0       
GRID    20083   0       19.2062 6.45174 1.86132 0       0       0       
GRID    20084   0       18.7881 6.90228 1.75018 0       0       0       
GRID    20085   0       19.2938 6.69975 1.61579 0       0       0       
GRID    20086   0       19.8107 6.50489 1.71329 0       0       0       
GRID    20087   0       19.3051 6.70742 1.84768 0       0       0       
GRID    20088   0       18.8886 7.15736 1.73683 0       0       0       
GRID    20089   0       19.3927 6.95546 1.60285 0       0       0       
GRID    20090   0       19.9081 6.76119 1.70006 0       0       0       
GRID    20091   0       19.404  6.9631  1.83404 0       0       0       
GRID    20092   0       18.989  7.41245 1.72349 0       0       0       
GRID    20093   0       19.4916 7.21116 1.58992 0       0       0       
GRID    20094   0       20.0054 7.01749 1.68683 0       0       0       
GRID    20095   0       19.5028 7.21878 1.82039 0       0       0       
GRID    20096   0       19.0895 7.66754 1.71014 0       0       0       
GRID    20097   0       19.5905 7.46687 1.57698 0       0       0       
GRID    20098   0       20.1027 7.27379 1.67359 0       0       0       
GRID    20099   0       19.6017 7.47446 1.80675 0       0       0       
GRID    20100   0       19.1899 7.92262 1.6968  0       0       0       
GRID    20101   0       19.6894 7.72257 1.56405 0       0       0       
GRID    20102   0       20.2    7.53009 1.66036 0       0       0       
GRID    20103   0       19.7006 7.73014 1.79311 0       0       0       
GRID    20104   0       19.2904 8.17771 1.68345 0       0       0       
GRID    20105   0       19.7883 7.97828 1.55112 0       0       0       
GRID    20106   0       20.2973 7.78639 1.64713 0       0       0       
GRID    20107   0       19.7994 7.98583 1.77946 0       0       0       
GRID    20108   0       19.3908 8.43279 1.67011 0       0       0       
GRID    20109   0       19.8872 8.23398 1.53818 0       0       0       
GRID    20110   0       20.3947 8.0427  1.6339  0       0       0       
GRID    20111   0       19.8983 8.24151 1.76582 0       0       0       
GRID    20112   0       19.4913 8.68788 1.65676 0       0       0       
GRID    20113   0       19.9861 8.48969 1.52525 0       0       0       
GRID    20114   0       20.492  8.299   1.62066 0       0       0       
GRID    20115   0       19.9972 8.49719 1.75218 0       0       0       
GRID    20116   0       19.5917 8.94297 1.64342 0       0       0       
GRID    20117   0       20.085  8.74539 1.51231 0       0       0       
GRID    20118   0       20.5893 8.5553  1.60743 0       0       0       
GRID    20119   0       20.096  8.75287 1.73853 0       0       0       
GRID    20120   0       19.6922 9.19805 1.63007 0       0       0       
GRID    20121   0       20.1839 9.0011  1.49938 0       0       0       
GRID    20122   0       20.6866 8.8116  1.5942  0       0       0       
GRID    20123   0       20.1949 9.00855 1.72489 0       0       0       
GRID    20124   0       19.7926 9.45314 1.61673 0       0       0       
GRID    20125   0       20.2828 9.2568  1.48644 0       0       0       
GRID    20126   0       20.7839 9.0679  1.58097 0       0       0       
GRID    20127   0       20.2938 9.26423 1.71125 0       0       0       
GRID    20128   0       19.8931 9.70822 1.60338 0       0       0       
GRID    20129   0       20.3817 9.51251 1.47351 0       0       0       
GRID    20130   0       20.8813 9.3242  1.56773 0       0       0       
GRID    20131   0       20.3926 9.51991 1.69761 0       0       0       
GRID    20132   0       19.9935 9.96331 1.59004 0       0       0       
GRID    20133   0       20.4806 9.76821 1.46057 0       0       0       
GRID    20134   0       20.9786 9.5805  1.5545  0       0       0       
GRID    20135   0       20.4915 9.77559 1.68396 0       0       0       
GRID    20136   0       20.0939 10.2184 1.57669 0       0       0       
GRID    20137   0       20.5795 10.0239 1.44764 0       0       0       
GRID    20138   0       21.0759 9.8368  1.54127 0       0       0       
GRID    20139   0       20.5904 10.0313 1.67032 0       0       0       
GRID    20140   0       20.1944 10.4735 1.56335 0       0       0       
GRID    20141   0       20.6784 10.2796 1.43471 0       0       0       
GRID    20142   0       21.1732 10.0931 1.52804 0       0       0       
GRID    20143   0       20.6892 10.287  1.65668 0       0       0       
GRID    20144   0       20.2948 10.7286 1.55    0       0       0       
GRID    20145   0       20.7773 10.5353 1.42177 0       0       0       
GRID    20146   0       21.2706 10.3494 1.51481 0       0       0       
GRID    20147   0       20.7881 10.5426 1.64303 0       0       0       
GRID    20148   0       20.3953 10.9837 1.53666 0       0       0       
GRID    20149   0       20.8762 10.791  1.40884 0       0       0       
GRID    20150   0       21.3679 10.6057 1.50157 0       0       0       
GRID    20151   0       20.887  10.7983 1.62939 0       0       0       
GRID    20152   0       20.4957 11.2387 1.52331 0       0       0       
GRID    20153   0       20.9751 11.0467 1.3959  0       0       0       
GRID    20154   0       21.4652 10.862  1.48834 0       0       0       
GRID    20155   0       20.9858 11.054  1.61575 0       0       0       
GRID    20156   0       20.5962 11.4938 1.50996 0       0       0       
GRID    20157   0       21.074  11.3024 1.38297 0       0       0       
GRID    20158   0       21.5625 11.1183 1.47511 0       0       0       
GRID    20159   0       21.0847 11.3097 1.6021  0       0       0       
GRID    20160   0       20.6966 11.7489 1.49662 0       0       0       
GRID    20161   0       21.1729 11.5581 1.37003 0       0       0       
GRID    20162   0       21.6598 11.3746 1.46188 0       0       0       
GRID    20163   0       21.1836 11.5654 1.58846 0       0       0       
GRID    20164   0       20.7971 12.004  1.48327 0       0       0       
GRID    20165   0       21.2718 11.8138 1.3571  0       0       0       
GRID    20166   0       21.7572 11.6309 1.44864 0       0       0       
GRID    20167   0       21.2824 11.821  1.57482 0       0       0       
GRID    20168   0       20.8975 12.2591 1.46993 0       0       0       
GRID    20169   0       21.3707 12.0696 1.34417 0       0       0       
GRID    20170   0       21.8545 11.8872 1.43541 0       0       0       
GRID    20171   0       21.3813 12.0767 1.56118 0       0       0       
GRID    20172   0       20.998  12.5142 1.45658 0       0       0       
GRID    20173   0       21.4696 12.3253 1.33123 0       0       0       
GRID    20174   0       21.9518 12.1435 1.42218 0       0       0       
GRID    20175   0       21.4802 12.3324 1.54753 0       0       0       
GRID    20176   0       21.0984 12.7693 1.44324 0       0       0       
GRID    20177   0       21.5685 12.581  1.3183  0       0       0       
GRID    20178   0       22.0491 12.3998 1.40895 0       0       0       
GRID    20179   0       21.579  12.5881 1.53389 0       0       0       
GRID    20180   0       21.1989 13.0243 1.42989 0       0       0       
GRID    20181   0       21.6674 12.8367 1.30536 0       0       0       
GRID    20182   0       22.1465 12.6561 1.39571 0       0       0       
GRID    20183   0       21.6779 12.8438 1.52025 0       0       0       
GRID    20184   0       21.2993 13.2794 1.41655 0       0       0       
GRID    20185   0       21.7663 13.0924 1.29243 0       0       0       
GRID    20186   0       22.2438 12.9124 1.38248 0       0       0       
GRID    20187   0       21.7768 13.0995 1.5066  0       0       0       
GRID    20188   0       21.3998 13.5345 1.4032  0       0       0       
GRID    20189   0       21.8652 13.3481 1.27949 0       0       0       
GRID    20190   0       22.3411 13.1687 1.36925 0       0       0       
GRID    20191   0       21.8756 13.3551 1.49296 0       0       0       
GRID    20192   0       21.5002 13.7896 1.38986 0       0       0       
GRID    20193   0       21.9641 13.6038 1.26656 0       0       0       
GRID    20194   0       22.4384 13.425  1.35602 0       0       0       
GRID    20195   0       21.9745 13.6108 1.47932 0       0       0       
GRID    20196   0       21.5965 14.034  1.36855 0       0       0       
GRID    20197   0       22.0606 13.8551 1.25665 0       0       0       
GRID    20198   0       22.5305 13.6833 1.35487 0       0       0       
GRID    20199   0       22.0664 13.8623 1.46676 0       0       0       
GRID    20200   0       21.697  14.283  1.35722 0       0       0       
GRID    20201   0       22.1549 14.1065 1.24683 0       0       0       
GRID    20202   0       22.6185 13.9371 1.34373 0       0       0       
GRID    20203   0       22.1606 14.1136 1.45412 0       0       0       
GRID    20204   0       21.7974 14.532  1.3459  0       0       0       
GRID    20205   0       22.2491 14.3579 1.23701 0       0       0       
GRID    20206   0       22.7064 14.1908 1.33258 0       0       0       
GRID    20207   0       22.2547 14.3649 1.44147 0       0       0       
GRID    20208   0       21.8979 14.7811 1.33457 0       0       0       
GRID    20209   0       22.3434 14.6093 1.22719 0       0       0       
GRID    20210   0       22.7943 14.4445 1.32144 0       0       0       
GRID    20211   0       22.3489 14.6163 1.42883 0       0       0       
GRID    20212   0       21.9984 15.0301 1.32325 0       0       0       
GRID    20213   0       22.4376 14.8607 1.21736 0       0       0       
GRID    20214   0       22.8823 14.6982 1.3103  0       0       0       
GRID    20215   0       22.4431 14.8676 1.41619 0       0       0       
GRID    20216   0       22.0989 15.2791 1.31193 0       0       0       
GRID    20217   0       22.5318 15.1122 1.20754 0       0       0       
GRID    20218   0       22.9702 14.952  1.29916 0       0       0       
GRID    20219   0       22.5372 15.1189 1.40355 0       0       0       
GRID    20220   0       22.1993 15.5281 1.3006  0       0       0       
GRID    20221   0       22.6261 15.3636 1.19772 0       0       0       
GRID    20222   0       23.0582 15.2057 1.28802 0       0       0       
GRID    20223   0       22.6314 15.3702 1.39091 0       0       0       
GRID    20224   0       22.2998 15.7771 1.28928 0       0       0       
GRID    20225   0       22.7203 15.615  1.18789 0       0       0       
GRID    20226   0       23.1461 15.4594 1.27688 0       0       0       
GRID    20227   0       22.7256 15.6216 1.37827 0       0       0       
GRID    20228   0       22.4003 16.0262 1.27795 0       0       0       
GRID    20229   0       22.8146 15.8664 1.17807 0       0       0       
GRID    20230   0       23.2341 15.7131 1.26574 0       0       0       
GRID    20231   0       22.8197 15.8729 1.36562 0       0       0       
GRID    20232   0       22.5007 16.2752 1.26663 0       0       0       
GRID    20233   0       22.9088 16.1179 1.16825 0       0       0       
GRID    20234   0       23.322  15.9669 1.2546  0       0       0       
GRID    20235   0       22.9139 16.1242 1.35298 0       0       0       
GRID    20236   0       22.6012 16.5242 1.25531 0       0       0       
GRID    20237   0       23.0031 16.3693 1.15842 0       0       0       
GRID    20238   0       23.4099 16.2206 1.24346 0       0       0       
GRID    20239   0       23.0081 16.3755 1.34034 0       0       0       
GRID    20240   0       22.7017 16.7732 1.24398 0       0       0       
GRID    20241   0       23.0973 16.6207 1.1486  0       0       0       
GRID    20242   0       23.4979 16.4743 1.23232 0       0       0       
GRID    20243   0       23.1023 16.6269 1.3277  0       0       0       
GRID    20244   0       22.8022 17.0222 1.23266 0       0       0       
GRID    20245   0       23.1916 16.8721 1.13878 0       0       0       
GRID    20246   0       23.5858 16.728  1.22118 0       0       0       
GRID    20247   0       23.1964 16.8782 1.31506 0       0       0       
GRID    20248   0       22.9026 17.2713 1.22133 0       0       0       
GRID    20249   0       23.2858 17.1235 1.12896 0       0       0       
GRID    20250   0       23.6738 16.9818 1.21004 0       0       0       
GRID    20251   0       23.2906 17.1295 1.30242 0       0       0       
GRID    20252   0       23.0031 17.5203 1.21001 0       0       0       
GRID    20253   0       23.3801 17.375  1.11913 0       0       0       
GRID    20254   0       23.7617 17.2355 1.1989  0       0       0       
GRID    20255   0       23.3848 17.3808 1.28978 0       0       0       
GRID    20256   0       23.1036 17.7693 1.19869 0       0       0       
GRID    20257   0       23.4743 17.6264 1.10931 0       0       0       
GRID    20258   0       23.8496 17.4892 1.18776 0       0       0       
GRID    20259   0       23.4789 17.6321 1.27713 0       0       0       
GRID    20260   0       23.204  18.0183 1.18736 0       0       0       
GRID    20261   0       23.5685 17.8778 1.09949 0       0       0       
GRID    20262   0       23.9376 17.7429 1.17662 0       0       0       
GRID    20263   0       23.5731 17.8835 1.26449 0       0       0       
GRID    20264   0       23.3017 18.2604 1.16209 0       0       0       
GRID    20265   0       23.6626 18.1214 1.08806 0       0       0       
GRID    20266   0       24.0234 17.9908 1.17622 0       0       0       
GRID    20267   0       23.6626 18.1299 1.25024 0       0       0       
GRID    20268   0       23.3996 18.5031 1.14937 0       0       0       
GRID    20269   0       23.7543 18.3664 1.0766  0       0       0       
GRID    20270   0       24.1091 18.2381 1.16326 0       0       0       
GRID    20271   0       23.7543 18.3747 1.23603 0       0       0       
GRID    20272   0       23.4975 18.7458 1.13665 0       0       0       
GRID    20273   0       23.8461 18.6114 1.06513 0       0       0       
GRID    20274   0       24.1947 18.4853 1.1503  0       0       0       
GRID    20275   0       23.8461 18.6196 1.22182 0       0       0       
GRID    20276   0       23.5954 18.9884 1.12393 0       0       0       
GRID    20277   0       23.9378 18.8565 1.05367 0       0       0       
GRID    20278   0       24.2803 18.7326 1.13734 0       0       0       
GRID    20279   0       23.9378 18.8645 1.2076  0       0       0       
GRID    20280   0       23.6932 19.2311 1.11121 0       0       0       
GRID    20281   0       24.0296 19.1015 1.04221 0       0       0       
GRID    20282   0       24.366  18.9798 1.12438 0       0       0       
GRID    20283   0       24.0296 19.1094 1.19339 0       0       0       
GRID    20284   0       23.7911 19.4738 1.0985  0       0       0       
GRID    20285   0       24.1214 19.3465 1.03075 0       0       0       
GRID    20286   0       24.4516 19.2271 1.11143 0       0       0       
GRID    20287   0       24.1214 19.3543 1.17917 0       0       0       
GRID    20288   0       23.889  19.7165 1.08578 0       0       0       
GRID    20289   0       24.2131 19.5916 1.01929 0       0       0       
GRID    20290   0       24.5372 19.4743 1.09847 0       0       0       
GRID    20291   0       24.2131 19.5992 1.16496 0       0       0       
GRID    20292   0       23.9869 19.9591 1.07306 0       0       0       
GRID    20293   0       24.3049 19.8366 1.00783 0       0       0       
GRID    20294   0       24.6229 19.7216 1.08551 0       0       0       
GRID    20295   0       24.3049 19.8441 1.15074 0       0       0       
GRID    20296   0       24.0848 20.2018 1.06034 0       0       0       
GRID    20297   0       24.3966 20.0817 0.9963640       0       0       
GRID    20298   0       24.7085 19.9688 1.07255 0       0       0       
GRID    20299   0       24.3966 20.089  1.13653 0       0       0       
GRID    20300   0       24.1826 20.4445 1.04762 0       0       0       
GRID    20301   0       24.4884 20.3267 0.9849020       0       0       
GRID    20302   0       24.7941 20.2161 1.05959 0       0       0       
GRID    20303   0       24.4884 20.3339 1.12231 0       0       0       
GRID    20304   0       24.2805 20.6872 1.0349  0       0       0       
GRID    20305   0       24.5801 20.5717 0.9734410       0       0       
GRID    20306   0       24.8798 20.4633 1.04664 0       0       0       
GRID    20307   0       24.5801 20.5788 1.1081  0       0       0       
GRID    20308   0       24.3784 20.9299 1.02219 0       0       0       
GRID    20309   0       24.6719 20.8168 0.9619790       0       0       
GRID    20310   0       24.9654 20.7106 1.03368 0       0       0       
GRID    20311   0       24.6719 20.8237 1.09388 0       0       0       
GRID    20312   0       24.4763 21.1725 1.00947 0       0       0       
GRID    20313   0       24.7637 21.0618 0.9505170       0       0       
GRID    20314   0       25.051  20.9578 1.02072 0       0       0       
GRID    20315   0       24.7637 21.0686 1.07967 0       0       0       
GRID    20316   0       24.5742 21.4152 0.99675 0       0       0       
GRID    20317   0       24.8554 21.3068 0.9390560       0       0       
GRID    20318   0       25.1367 21.2051 1.00776 0       0       0       
GRID    20319   0       24.8554 21.3135 1.06546 0       0       0       
GRID    20320   0       24.6721 21.6579 0.9840320       0       0       
GRID    20321   0       24.9472 21.5519 0.9275940       0       0       
GRID    20322   0       25.2223 21.4524 0.9948040       0       0       
GRID    20323   0       24.9472 21.5584 1.05124 0       0       0       
GRID    20324   0       24.7699 21.9006 0.9713140       0       0       
GRID    20325   0       25.0389 21.7969 0.9161320       0       0       
GRID    20326   0       25.3079 21.6996 0.9818460       0       0       
GRID    20327   0       25.0389 21.8033 1.03703 0       0       0       
GRID    20328   0       24.8678 22.1432 0.9585950       0       0       
GRID    20329   0       25.1307 22.042  0.90467 0       0       0       
GRID    20330   0       25.3936 21.9469 0.9688880       0       0       
GRID    20331   0       25.1307 22.0481 1.02281 0       0       0       
GRID    20332   0       24.9657 22.3859 0.9458770       0       0       
GRID    20333   0       25.2225 22.287  0.8932090       0       0       
GRID    20334   0       25.4792 22.1941 0.95593 0       0       0       
GRID    20335   0       25.2225 22.293  1.0086  0       0       0       
GRID    20336   0       25.0636 22.6286 0.9331590       0       0       
GRID    20337   0       25.3142 22.532  0.8817470       0       0       
GRID    20338   0       25.5648 22.4414 0.9429720       0       0       
GRID    20339   0       25.3142 22.5379 0.9943840       0       0       
GRID    20340   0       25.1615 22.8713 0.9204410       0       0       
GRID    20341   0       25.406  22.7771 0.8702850       0       0       
GRID    20342   0       25.6505 22.6886 0.9300140       0       0       
GRID    20343   0       25.406  22.7828 0.9801690       0       0       
GRID    20344   0       25.2594 23.114  0.9077230       0       0       
GRID    20345   0       25.4977 23.0221 0.8588240       0       0       
GRID    20346   0       25.7361 22.9359 0.9170560       0       0       
GRID    20347   0       25.4977 23.0277 0.9659550       0       0       
GRID    20348   0       25.3572 23.3566 0.8950040       0       0       
GRID    20349   0       25.5895 23.2671 0.8473620       0       0       
GRID    20350   0       25.8217 23.1831 0.9040980       0       0       
GRID    20351   0       25.5895 23.2726 0.95174 0       0       0       
GRID    20352   0       25.4551 23.5993 0.8822860       0       0       
GRID    20353   0       25.6812 23.5122 0.8359  0       0       0       
GRID    20354   0       25.9074 23.4304 0.89114 0       0       0       
GRID    20355   0       25.6812 23.5175 0.9375260       0       0       
GRID    20356   0       25.553  23.842  0.8695680       0       0       
GRID    20357   0       25.773  23.7572 0.8244390       0       0       
GRID    20358   0       25.993  23.6776 0.8781820       0       0       
GRID    20359   0       25.773  23.7624 0.9233110       0       0       
GRID    20360   0       25.6509 24.0847 0.85685 0       0       0       
GRID    20361   0       25.8648 24.0023 0.8129770       0       0       
GRID    20362   0       26.0786 23.9249 0.8652240       0       0       
GRID    20363   0       25.8648 24.0073 0.9090970       0       0       
GRID    20364   0       25.7488 24.3273 0.8441320       0       0       
GRID    20365   0       25.9565 24.2473 0.8015150       0       0       
GRID    20366   0       26.1643 24.1721 0.8522660       0       0       
GRID    20367   0       25.9565 24.2522 0.8948820       0       0       
GRID    20368   0       25.8467 24.57   0.8314140       0       0       
GRID    20369   0       26.0483 24.4923 0.7900530       0       0       
GRID    20370   0       26.2499 24.4194 0.8393080       0       0       
GRID    20371   0       26.0483 24.4971 0.8806680       0       0       
GRID    20372   0       25.9171 24.7397 0.8225230       0       0       
GRID    20373   0       26.14   24.7374 0.7785920       0       0       
GRID    20374   0       26.3629 24.7397 0.8225230       0       0       
GRID    20375   0       26.14   24.742  0.8664530       0       0       
RBE0    2000    2000    20000   20001   20002   20003   
RBE0    2001    2001    20004   20005   20006   20007   
RBE0    2002    2002    20008   20009   20010   20011   
RBE0    2003    2003    20012   20013   20014   20015   
RBE0    2004    2004    20016   20017   20018   20019   
RBE0    2005    2005    20020   20021   20022   20023   
RBE0    2006    2006    20024   20025   20026   20027   
RBE0    2007    2007    20028   20029   20030   20031   
RBE0    2008    2008    20032   20033   20034   20035   
RBE0    2009    2009    20036   20037   20038   20039   
RBE0    2010    2010    20040   20041   20042   20043   
RBE0    2011    2011    20044   20045   20046   20047   
RBE0    2012    2012    20048   20049   20050   20051   
RBE0    2013    2013    20052   20053   20054   20055   
RBE0    2014    2014    20056   20057   20058   20059   
RBE0    2015    2015    20060   20061   20062   20063   
RBE0    2016    2016    20064   20065   20066   20067   
RBE0    2017    2017    20068   20069   20070   20071   
RBE0    2018    2018    20072   20073   20074   20075   
RBE0    2019    2019    20076   20077   20078   20079   
RBE0    2020    2020    20080   20081   20082   20083   
RBE0    2021    2021    20084   20085   20086   20087   
RBE0    2022    2022    20088   20089   20090   20091   
RBE0    2023    2023    20092   20093   20094   20095   
RBE0    2024    2024    20096   20097   20098   20099   
RBE0    2025    2025    20100   20101   20102   20103   
RBE0    2026    2026    20104   20105   20106   20107   
RBE0    2027    2027    20108   20109   20110   20111   
RBE0    2028    2028    20112   20113   20114   20115   
RBE0    2029    2029    20116   20117   20118   20119   
RBE0    2030    2030    20120   20121   20122   20123   
RBE0    2031    2031    20124   20125   20126   20127   
RBE0    2032    2032    20128   20129   20130   20131   
RBE0    2033    2033    20132   20133   20134   20135   
RBE0    2034    2034    20136   20137   20138   20139   
RBE0    2035    2035    20140   20141   20142   20143   
RBE0    2036    2036    20144   20145   20146   20147   
RBE0    2037    2037    20148   20149   20150   20151   
RBE0    2038    2038    20152   20153   20154   20155   
RBE0    2039    2039    20156   20157   20158   20159   
RBE0    2040    2040    20160   20161   20162   20163   
RBE0    2041    2041    20164   20165   20166   20167   
RBE0    2042    2042    20168   20169   20170   20171   
RBE0    2043    2043    20172   20173   20174   20175   
RBE0    2044    2044    20176   20177   20178   20179   
RBE0    2045    2045    20180   20181   20182   20183   
RBE0    2046    2046    20184   20185   20186   20187   
RBE0    2047    2047    20188   20189   20190   20191   
RBE0    2048    2048    20192   20193   20194   20195   
RBE0    2049    2049    20196   20197   20198   20199   
RBE0    2050    2050    20200   20201   20202   20203   
RBE0    2051    2051    20204   20205   20206   20207   
RBE0    2052    2052    20208   20209   20210   20211   
RBE0    2053    2053    20212   20213   20214   20215   
RBE0    2054    2054    20216   20217   20218   20219   
RBE0    2055    2055    20220   20221   20222   20223   
RBE0    2056    2056    20224   20225   20226   20227   
RBE0    2057    2057    20228   20229   20230   20231   
RBE0    2058    2058    20232   20233   20234   20235   
RBE0    2059    2059    20236   20237   20238   20239   
RBE0    2060    2060    20240   20241   20242   20243   
RBE0    2061    2061    20244   20245   20246   20247   
RBE0    2062    2062    20248   20249   20250   20251   
RBE0    2063    2063    20252   20253   20254   20255   
RBE0    2064    2064    20256   20257   20258   20259   
RBE0    2065    2065    20260   20261   20262   20263   
RBE0    2066    2066    20264   20265   20266   20267   
RBE0    2067    2067    20268   20269   20270   20271   
RBE0    2068    2068    20272   20273   20274   20275   
RBE0    2069    2069    20276   20277   20278   20279   
RBE0    2070    2070    20280   20281   20282   20283   
RBE0    2071    2071    20284   20285   20286   20287   
RBE0    2072    2072    20288   20289   20290   20291   
RBE0    2073    2073    20292   20293   20294   20295   
RBE0    2074    2074    20296   20297   20298   20299   
RBE0    2075    2075    20300   20301   20302   20303   
RBE0    2076    2076    20304   20305   20306   20307   
RBE0    2077    2077    20308   20309   20310   20311   
RBE0    2078    2078    20312   20313   20314   20315   
RBE0    2079    2079    20316   20317   20318   20319   
RBE0    2080    2080    20320   20321   20322   20323   
RBE0    2081    2081    20324   20325   20326   20327   
RBE0    2082    2082    20328   20329   20330   20331   
RBE0    2083    2083    20332   20333   20334   20335   
RBE0    2084    2084    20336   20337   20338   20339   
RBE0    2085    2085    20340   20341   20342   20343   
RBE0    2086    2086    20344   20345   20346   20347   
RBE0    2087    2087    20348   20349   20350   20351   
RBE0    2088    2088    20352   20353   20354   20355   
RBE0    2089    2089    20356   20357   20358   20359   
RBE0    2090    2090    20360   20361   20362   20363   
RBE0    2091    2091    20364   20365   20366   20367   
RBE0    2092    2092    20368   20369   20370   20371   
RBE0    2093    2093    20372   20373   20374   20375   
GRID    20376   0       16.8666 -1.011391.975   0       0       0       
GRID    20377   0       17.4892 -1.011391.85211 0       0       0       
GRID    20378   0       18.1119 -1.011391.975   0       0       0       
GRID    20379   0       17.4892 -1.011392.09789 0       0       0       
GRID    20380   0       16.9085 -2.022781.975   0       0       0       
GRID    20381   0       17.4892 -2.022781.85211 0       0       0       
GRID    20382   0       18.07   -2.022781.975   0       0       0       
GRID    20383   0       17.4892 -2.022782.09789 0       0       0       
GRID    20384   0       17.0447 -2.477661.98171 0       0       0       
GRID    20385   0       17.5781 -2.264  1.83993 0       0       0       
GRID    20386   0       18.1235 -2.058421.9428  0       0       0       
GRID    20387   0       17.5901 -2.272082.08458 0       0       0       
GRID    20388   0       17.1411 -2.722311.96891 0       0       0       
GRID    20389   0       17.673  -2.509271.82754 0       0       0       
GRID    20390   0       18.2168 -2.304281.93011 0       0       0       
GRID    20391   0       17.6849 -2.517332.07148 0       0       0       
GRID    20392   0       17.2375 -2.966971.95611 0       0       0       
GRID    20393   0       17.7678 -2.754541.81515 0       0       0       
GRID    20394   0       18.3101 -2.550151.91742 0       0       0       
GRID    20395   0       17.7797 -2.762582.05838 0       0       0       
GRID    20396   0       17.3339 -3.211621.9433  0       0       0       
GRID    20397   0       17.8627 -2.999811.80275 0       0       0       
GRID    20398   0       18.4034 -2.796021.90473 0       0       0       
GRID    20399   0       17.8746 -3.007832.04528 0       0       0       
GRID    20400   0       17.4303 -3.456271.9305  0       0       0       
GRID    20401   0       17.9576 -3.245081.79036 0       0       0       
GRID    20402   0       18.4966 -3.041891.89204 0       0       0       
GRID    20403   0       17.9694 -3.253082.03217 0       0       0       
GRID    20404   0       17.5267 -3.700931.9177  0       0       0       
GRID    20405   0       18.0524 -3.490351.77797 0       0       0       
GRID    20406   0       18.5899 -3.287751.87935 0       0       0       
GRID    20407   0       18.0642 -3.498322.01907 0       0       0       
GRID    20408   0       17.6231 -3.945581.90489 0       0       0       
GRID    20409   0       18.1473 -3.735631.76558 0       0       0       
GRID    20410   0       18.6832 -3.533621.86666 0       0       0       
GRID    20411   0       18.1591 -3.743572.00597 0       0       0       
GRID    20412   0       17.7195 -4.190231.89209 0       0       0       
GRID    20413   0       18.2422 -3.9809 1.75318 0       0       0       
GRID    20414   0       18.7765 -3.779491.85397 0       0       0       
GRID    20415   0       18.2539 -3.988821.99287 0       0       0       
GRID    20416   0       17.8159 -4.434881.87929 0       0       0       
GRID    20417   0       18.337  -4.226171.74079 0       0       0       
GRID    20418   0       18.8698 -4.025351.84128 0       0       0       
GRID    20419   0       18.3487 -4.234071.97977 0       0       0       
GRID    20420   0       17.9124 -4.679541.86649 0       0       0       
GRID    20421   0       18.4319 -4.471441.7284  0       0       0       
GRID    20422   0       18.9631 -4.271221.82859 0       0       0       
GRID    20423   0       18.4435 -4.479321.96667 0       0       0       
GRID    20424   0       18.0088 -4.924191.85368 0       0       0       
GRID    20425   0       18.5268 -4.716711.71601 0       0       0       
GRID    20426   0       19.0564 -4.517091.8159  0       0       0       
GRID    20427   0       18.5384 -4.724571.95357 0       0       0       
GRID    20428   0       18.1052 -5.168841.84088 0       0       0       
GRID    20429   0       18.6216 -4.961991.70362 0       0       0       
GRID    20430   0       19.1497 -4.762961.80321 0       0       0       
GRID    20431   0       18.6332 -4.969811.94047 0       0       0       
GRID    20432   0       18.2016 -5.4135 1.82808 0       0       0       
GRID    20433   0       18.7165 -5.207261.69122 0       0       0       
GRID    20434   0       19.2429 -5.008821.79051 0       0       0       
GRID    20435   0       18.728  -5.215061.92737 0       0       0       
GRID    20436   0       18.298  -5.658151.81527 0       0       0       
GRID    20437   0       18.8114 -5.452531.67883 0       0       0       
GRID    20438   0       19.3362 -5.254691.77782 0       0       0       
GRID    20439   0       18.8229 -5.460311.91427 0       0       0       
GRID    20440   0       18.3944 -5.9028 1.80247 0       0       0       
GRID    20441   0       18.9062 -5.6978 1.66644 0       0       0       
GRID    20442   0       19.4295 -5.500561.76513 0       0       0       
GRID    20443   0       18.9177 -5.705561.90117 0       0       0       
GRID    20444   0       18.4908 -6.147451.78967 0       0       0       
GRID    20445   0       19.0011 -5.943071.65405 0       0       0       
GRID    20446   0       19.5228 -5.746431.75244 0       0       0       
GRID    20447   0       19.0125 -5.950811.88807 0       0       0       
GRID    20448   0       18.5872 -6.392111.77687 0       0       0       
GRID    20449   0       19.096  -6.188341.64166 0       0       0       
GRID    20450   0       19.6161 -5.992291.73975 0       0       0       
GRID    20451   0       19.1074 -6.196061.87496 0       0       0       
GRID    20452   0       18.6877 -6.647191.76352 0       0       0       
GRID    20453   0       19.1949 -6.444051.62872 0       0       0       
GRID    20454   0       19.7134 -6.248591.72652 0       0       0       
GRID    20455   0       19.2062 -6.451741.86132 0       0       0       
GRID    20456   0       18.7881 -6.902281.75018 0       0       0       
GRID    20457   0       19.2938 -6.699751.61579 0       0       0       
GRID    20458   0       19.8107 -6.504891.71329 0       0       0       
GRID    20459   0       19.3051 -6.707421.84768 0       0       0       
GRID    20460   0       18.8886 -7.157361.73683 0       0       0       
GRID    20461   0       19.3927 -6.955461.60285 0       0       0       
GRID    20462   0       19.9081 -6.761191.70006 0       0       0       
GRID    20463   0       19.404  -6.9631 1.83404 0       0       0       
GRID    20464   0       18.989  -7.412451.72349 0       0       0       
GRID    20465   0       19.4916 -7.211161.58992 0       0       0       
GRID    20466   0       20.0054 -7.017491.68683 0       0       0       
GRID    20467   0       19.5028 -7.218781.82039 0       0       0       
GRID    20468   0       19.0895 -7.667541.71014 0       0       0       
GRID    20469   0       19.5905 -7.466871.57698 0       0       0       
GRID    20470   0       20.1027 -7.273791.67359 0       0       0       
GRID    20471   0       19.6017 -7.474461.80675 0       0       0       
GRID    20472   0       19.1899 -7.922621.6968  0       0       0       
GRID    20473   0       19.6894 -7.722571.56405 0       0       0       
GRID    20474   0       20.2    -7.530091.66036 0       0       0       
GRID    20475   0       19.7006 -7.730141.79311 0       0       0       
GRID    20476   0       19.2904 -8.177711.68345 0       0       0       
GRID    20477   0       19.7883 -7.978281.55112 0       0       0       
GRID    20478   0       20.2973 -7.786391.64713 0       0       0       
GRID    20479   0       19.7994 -7.985831.77946 0       0       0       
GRID    20480   0       19.3908 -8.432791.67011 0       0       0       
GRID    20481   0       19.8872 -8.233981.53818 0       0       0       
GRID    20482   0       20.3947 -8.0427 1.6339  0       0       0       
GRID    20483   0       19.8983 -8.241511.76582 0       0       0       
GRID    20484   0       19.4913 -8.687881.65676 0       0       0       
GRID    20485   0       19.9861 -8.489691.52525 0       0       0       
GRID    20486   0       20.492  -8.299  1.62066 0       0       0       
GRID    20487   0       19.9972 -8.497191.75218 0       0       0       
GRID    20488   0       19.5917 -8.942971.64342 0       0       0       
GRID    20489   0       20.085  -8.745391.51231 0       0       0       
GRID    20490   0       20.5893 -8.5553 1.60743 0       0       0       
GRID    20491   0       20.096  -8.752871.73853 0       0       0       
GRID    20492   0       19.6922 -9.198051.63007 0       0       0       
GRID    20493   0       20.1839 -9.0011 1.49938 0       0       0       
GRID    20494   0       20.6866 -8.8116 1.5942  0       0       0       
GRID    20495   0       20.1949 -9.008551.72489 0       0       0       
GRID    20496   0       19.7926 -9.453141.61673 0       0       0       
GRID    20497   0       20.2828 -9.2568 1.48644 0       0       0       
GRID    20498   0       20.7839 -9.0679 1.58097 0       0       0       
GRID    20499   0       20.2938 -9.264231.71125 0       0       0       
GRID    20500   0       19.8931 -9.708221.60338 0       0       0       
GRID    20501   0       20.3817 -9.512511.47351 0       0       0       
GRID    20502   0       20.8813 -9.3242 1.56773 0       0       0       
GRID    20503   0       20.3926 -9.519911.69761 0       0       0       
GRID    20504   0       19.9935 -9.963311.59004 0       0       0       
GRID    20505   0       20.4806 -9.768211.46057 0       0       0       
GRID    20506   0       20.9786 -9.5805 1.5545  0       0       0       
GRID    20507   0       20.4915 -9.775591.68396 0       0       0       
GRID    20508   0       20.0939 -10.21841.57669 0       0       0       
GRID    20509   0       20.5795 -10.02391.44764 0       0       0       
GRID    20510   0       21.0759 -9.8368 1.54127 0       0       0       
GRID    20511   0       20.5904 -10.03131.67032 0       0       0       
GRID    20512   0       20.1944 -10.47351.56335 0       0       0       
GRID    20513   0       20.6784 -10.27961.43471 0       0       0       
GRID    20514   0       21.1732 -10.09311.52804 0       0       0       
GRID    20515   0       20.6892 -10.287 1.65668 0       0       0       
GRID    20516   0       20.2948 -10.72861.55    0       0       0       
GRID    20517   0       20.7773 -10.53531.42177 0       0       0       
GRID    20518   0       21.2706 -10.34941.51481 0       0       0       
GRID    20519   0       20.7881 -10.54261.64303 0       0       0       
GRID    20520   0       20.3953 -10.98371.53666 0       0       0       
GRID    20521   0       20.8762 -10.791 1.40884 0       0       0       
GRID    20522   0       21.3679 -10.60571.50157 0       0       0       
GRID    20523   0       20.887  -10.79831.62939 0       0       0       
GRID    20524   0       20.4957 -11.23871.52331 0       0       0       
GRID    20525   0       20.9751 -11.04671.3959  0       0       0       
GRID    20526   0       21.4652 -10.862 1.48834 0       0       0       
GRID    20527   0       20.9858 -11.054 1.61575 0       0       0       
GRID    20528   0       20.5962 -11.49381.50996 0       0       0       
GRID    20529   0       21.074  -11.30241.38297 0       0       0       
GRID    20530   0       21.5625 -11.11831.47511 0       0       0       
GRID    20531   0       21.0847 -11.30971.6021  0       0       0       
GRID    20532   0       20.6966 -11.74891.49662 0       0       0       
GRID    20533   0       21.1729 -11.55811.37003 0       0       0       
GRID    20534   0       21.6598 -11.37461.46188 0       0       0       
GRID    20535   0       21.1836 -11.56541.58846 0       0       0       
GRID    20536   0       20.7971 -12.004 1.48327 0       0       0       
GRID    20537   0       21.2718 -11.81381.3571  0       0       0       
GRID    20538   0       21.7572 -11.63091.44864 0       0       0       
GRID    20539   0       21.2824 -11.821 1.57482 0       0       0       
GRID    20540   0       20.8975 -12.25911.46993 0       0       0       
GRID    20541   0       21.3707 -12.06961.34417 0       0       0       
GRID    20542   0       21.8545 -11.88721.43541 0       0       0       
GRID    20543   0       21.3813 -12.07671.56118 0       0       0       
GRID    20544   0       20.998  -12.51421.45658 0       0       0       
GRID    20545   0       21.4696 -12.32531.33123 0       0       0       
GRID    20546   0       21.9518 -12.14351.42218 0       0       0       
GRID    20547   0       21.4802 -12.33241.54753 0       0       0       
GRID    20548   0       21.0984 -12.76931.44324 0       0       0       
GRID    20549   0       21.5685 -12.581 1.3183  0       0       0       
GRID    20550   0       22.0491 -12.39981.40895 0       0       0       
GRID    20551   0       21.579  -12.58811.53389 0       0       0       
GRID    20552   0       21.1989 -13.02431.42989 0       0       0       
GRID    20553   0       21.6674 -12.83671.30536 0       0       0       
GRID    20554   0       22.1465 -12.65611.39571 0       0       0       
GRID    20555   0       21.6779 -12.84381.52025 0       0       0       
GRID    20556   0       21.2993 -13.27941.41655 0       0       0       
GRID    20557   0       21.7663 -13.09241.29243 0       0       0       
GRID    20558   0       22.2438 -12.91241.38248 0       0       0       
GRID    20559   0       21.7768 -13.09951.5066  0       0       0       
GRID    20560   0       21.3998 -13.53451.4032  0       0       0       
GRID    20561   0       21.8652 -13.34811.27949 0       0       0       
GRID    20562   0       22.3411 -13.16871.36925 0       0       0       
GRID    20563   0       21.8756 -13.35511.49296 0       0       0       
GRID    20564   0       21.5002 -13.78961.38986 0       0       0       
GRID    20565   0       21.9641 -13.60381.26656 0       0       0       
GRID    20566   0       22.4384 -13.425 1.35602 0       0       0       
GRID    20567   0       21.9745 -13.61081.47932 0       0       0       
GRID    20568   0       21.5965 -14.034 1.36855 0       0       0       
GRID    20569   0       22.0606 -13.85511.25665 0       0       0       
GRID    20570   0       22.5305 -13.68331.35487 0       0       0       
GRID    20571   0       22.0664 -13.86231.46676 0       0       0       
GRID    20572   0       21.697  -14.283 1.35722 0       0       0       
GRID    20573   0       22.1549 -14.10651.24683 0       0       0       
GRID    20574   0       22.6185 -13.93711.34373 0       0       0       
GRID    20575   0       22.1606 -14.11361.45412 0       0       0       
GRID    20576   0       21.7974 -14.532 1.3459  0       0       0       
GRID    20577   0       22.2491 -14.35791.23701 0       0       0       
GRID    20578   0       22.7064 -14.19081.33258 0       0       0       
GRID    20579   0       22.2547 -14.36491.44147 0       0       0       
GRID    20580   0       21.8979 -14.78111.33457 0       0       0       
GRID    20581   0       22.3434 -14.60931.22719 0       0       0       
GRID    20582   0       22.7943 -14.44451.32144 0       0       0       
GRID    20583   0       22.3489 -14.61631.42883 0       0       0       
GRID    20584   0       21.9984 -15.03011.32325 0       0       0       
GRID    20585   0       22.4376 -14.86071.21736 0       0       0       
GRID    20586   0       22.8823 -14.69821.3103  0       0       0       
GRID    20587   0       22.4431 -14.86761.41619 0       0       0       
GRID    20588   0       22.0989 -15.27911.31193 0       0       0       
GRID    20589   0       22.5318 -15.11221.20754 0       0       0       
GRID    20590   0       22.9702 -14.952 1.29916 0       0       0       
GRID    20591   0       22.5372 -15.11891.40355 0       0       0       
GRID    20592   0       22.1993 -15.52811.3006  0       0       0       
GRID    20593   0       22.6261 -15.36361.19772 0       0       0       
GRID    20594   0       23.0582 -15.20571.28802 0       0       0       
GRID    20595   0       22.6314 -15.37021.39091 0       0       0       
GRID    20596   0       22.2998 -15.77711.28928 0       0       0       
GRID    20597   0       22.7203 -15.615 1.18789 0       0       0       
GRID    20598   0       23.1461 -15.45941.27688 0       0       0       
GRID    20599   0       22.7256 -15.62161.37827 0       0       0       
GRID    20600   0       22.4003 -16.02621.27795 0       0       0       
GRID    20601   0       22.8146 -15.86641.17807 0       0       0       
GRID    20602   0       23.2341 -15.71311.26574 0       0       0       
GRID    20603   0       22.8197 -15.87291.36562 0       0       0       
GRID    20604   0       22.5007 -16.27521.26663 0       0       0       
GRID    20605   0       22.9088 -16.11791.16825 0       0       0       
GRID    20606   0       23.322  -15.96691.2546  0       0       0       
GRID    20607   0       22.9139 -16.12421.35298 0       0       0       
GRID    20608   0       22.6012 -16.52421.25531 0       0       0       
GRID    20609   0       23.0031 -16.36931.15842 0       0       0       
GRID    20610   0       23.4099 -16.22061.24346 0       0       0       
GRID    20611   0       23.0081 -16.37551.34034 0       0       0       
GRID    20612   0       22.7017 -16.77321.24398 0       0       0       
GRID    20613   0       23.0973 -16.62071.1486  0       0       0       
GRID    20614   0       23.4979 -16.47431.23232 0       0       0       
GRID    20615   0       23.1023 -16.62691.3277  0       0       0       
GRID    20616   0       22.8022 -17.02221.23266 0       0       0       
GRID    20617   0       23.1916 -16.87211.13878 0       0       0       
GRID    20618   0       23.5858 -16.728 1.22118 0       0       0       
GRID    20619   0       23.1964 -16.87821.31506 0       0       0       
GRID    20620   0       22.9026 -17.27131.22133 0       0       0       
GRID    20621   0       23.2858 -17.12351.12896 0       0       0       
GRID    20622   0       23.6738 -16.98181.21004 0       0       0       
GRID    20623   0       23.2906 -17.12951.30242 0       0       0       
GRID    20624   0       23.0031 -17.52031.21001 0       0       0       
GRID    20625   0       23.3801 -17.375 1.11913 0       0       0       
GRID    20626   0       23.7617 -17.23551.1989  0       0       0       
GRID    20627   0       23.3848 -17.38081.28978 0       0       0       
GRID    20628   0       23.1036 -17.76931.19869 0       0       0       
GRID    20629   0       23.4743 -17.62641.10931 0       0       0       
GRID    20630   0       23.8496 -17.48921.18776 0       0       0       
GRID    20631   0       23.4789 -17.63211.27713 0       0       0       
GRID    20632   0       23.204  -18.01831.18736 0       0       0       
GRID    20633   0       23.5685 -17.87781.09949 0       0       0       
GRID    20634   0       23.9376 -17.74291.17662 0       0       0       
GRID    20635   0       23.5731 -17.88351.26449 0       0       0       
GRID    20636   0       23.3017 -18.26041.16209 0       0       0       
GRID    20637   0       23.6626 -18.12141.08806 0       0       0       
GRID    20638   0       24.0234 -17.99081.17622 0       0       0       
GRID    20639   0       23.6626 -18.12991.25024 0       0       0       
GRID    20640   0       23.3996 -18.50311.14937 0       0       0       
GRID    20641   0       23.7543 -18.36641.0766  0       0       0       
GRID    20642   0       24.1091 -18.23811.16326 0       0       0       
GRID    20643   0       23.7543 -18.37471.23603 0       0       0       
GRID    20644   0       23.4975 -18.74581.13665 0       0       0       
GRID    20645   0       23.8461 -18.61141.06513 0       0       0       
GRID    20646   0       24.1947 -18.48531.1503  0       0       0       
GRID    20647   0       23.8461 -18.61961.22182 0       0       0       
GRID    20648   0       23.5954 -18.98841.12393 0       0       0       
GRID    20649   0       23.9378 -18.85651.05367 0       0       0       
GRID    20650   0       24.2803 -18.73261.13734 0       0       0       
GRID    20651   0       23.9378 -18.86451.2076  0       0       0       
GRID    20652   0       23.6932 -19.23111.11121 0       0       0       
GRID    20653   0       24.0296 -19.10151.04221 0       0       0       
GRID    20654   0       24.366  -18.97981.12438 0       0       0       
GRID    20655   0       24.0296 -19.10941.19339 0       0       0       
GRID    20656   0       23.7911 -19.47381.0985  0       0       0       
GRID    20657   0       24.1214 -19.34651.03075 0       0       0       
GRID    20658   0       24.4516 -19.22711.11143 0       0       0       
GRID    20659   0       24.1214 -19.35431.17917 0       0       0       
GRID    20660   0       23.889  -19.71651.08578 0       0       0       
GRID    20661   0       24.2131 -19.59161.01929 0       0       0       
GRID    20662   0       24.5372 -19.47431.09847 0       0       0       
GRID    20663   0       24.2131 -19.59921.16496 0       0       0       
GRID    20664   0       23.9869 -19.95911.07306 0       0       0       
GRID    20665   0       24.3049 -19.83661.00783 0       0       0       
GRID    20666   0       24.6229 -19.72161.08551 0       0       0       
GRID    20667   0       24.3049 -19.84411.15074 0       0       0       
GRID    20668   0       24.0848 -20.20181.06034 0       0       0       
GRID    20669   0       24.3966 -20.08170.9963640       0       0       
GRID    20670   0       24.7085 -19.96881.07255 0       0       0       
GRID    20671   0       24.3966 -20.089 1.13653 0       0       0       
GRID    20672   0       24.1826 -20.44451.04762 0       0       0       
GRID    20673   0       24.4884 -20.32670.9849020       0       0       
GRID    20674   0       24.7941 -20.21611.05959 0       0       0       
GRID    20675   0       24.4884 -20.33391.12231 0       0       0       
GRID    20676   0       24.2805 -20.68721.0349  0       0       0       
GRID    20677   0       24.5801 -20.57170.9734410       0       0       
GRID    20678   0       24.8798 -20.46331.04664 0       0       0       
GRID    20679   0       24.5801 -20.57881.1081  0       0       0       
GRID    20680   0       24.3784 -20.92991.02219 0       0       0       
GRID    20681   0       24.6719 -20.81680.9619790       0       0       
GRID    20682   0       24.9654 -20.71061.03368 0       0       0       
GRID    20683   0       24.6719 -20.82371.09388 0       0       0       
GRID    20684   0       24.4763 -21.17251.00947 0       0       0       
GRID    20685   0       24.7637 -21.06180.9505170       0       0       
GRID    20686   0       25.051  -20.95781.02072 0       0       0       
GRID    20687   0       24.7637 -21.06861.07967 0       0       0       
GRID    20688   0       24.5742 -21.41520.99675 0       0       0       
GRID    20689   0       24.8554 -21.30680.9390560       0       0       
GRID    20690   0       25.1367 -21.20511.00776 0       0       0       
GRID    20691   0       24.8554 -21.31351.06546 0       0       0       
GRID    20692   0       24.6721 -21.65790.9840320       0       0       
GRID    20693   0       24.9472 -21.55190.9275940       0       0       
GRID    20694   0       25.2223 -21.45240.9948040       0       0       
GRID    20695   0       24.9472 -21.55841.05124 0       0       0       
GRID    20696   0       24.7699 -21.90060.9713140       0       0       
GRID    20697   0       25.0389 -21.79690.9161320       0       0       
GRID    20698   0       25.3079 -21.69960.9818460       0       0       
GRID    20699   0       25.0389 -21.80331.03703 0       0       0       
GRID    20700   0       24.8678 -22.14320.9585950       0       0       
GRID    20701   0       25.1307 -22.042 0.90467 0       0       0       
GRID    20702   0       25.3936 -21.94690.9688880       0       0       
GRID    20703   0       25.1307 -22.04811.02281 0       0       0       
GRID    20704   0       24.9657 -22.38590.9458770       0       0       
GRID    20705   0       25.2225 -22.287 0.8932090       0       0       
GRID    20706   0       25.4792 -22.19410.95593 0       0       0       
GRID    20707   0       25.2225 -22.293 1.0086  0       0       0       
GRID    20708   0       25.0636 -22.62860.9331590       0       0       
GRID    20709   0       25.3142 -22.532 0.8817470       0       0       
GRID    20710   0       25.5648 -22.44140.9429720       0       0       
GRID    20711   0       25.3142 -22.53790.9943840       0       0       
GRID    20712   0       25.1615 -22.87130.9204410       0       0       
GRID    20713   0       25.406  -22.77710.8702850       0       0       
GRID    20714   0       25.6505 -22.68860.9300140       0       0       
GRID    20715   0       25.406  -22.78280.9801690       0       0       
GRID    20716   0       25.2594 -23.114 0.9077230       0       0       
GRID    20717   0       25.4977 -23.02210.8588240       0       0       
GRID    20718   0       25.7361 -22.93590.9170560       0       0       
GRID    20719   0       25.4977 -23.02770.9659550       0       0       
GRID    20720   0       25.3572 -23.35660.8950040       0       0       
GRID    20721   0       25.5895 -23.26710.8473620       0       0       
GRID    20722   0       25.8217 -23.18310.9040980       0       0       
GRID    20723   0       25.5895 -23.27260.95174 0       0       0       
GRID    20724   0       25.4551 -23.59930.8822860       0       0       
GRID    20725   0       25.6812 -23.51220.8359  0       0       0       
GRID    20726   0       25.9074 -23.43040.89114 0       0       0       
GRID    20727   0       25.6812 -23.51750.9375260       0       0       
GRID    20728   0       25.553  -23.842 0.8695680       0       0       
GRID    20729   0       25.773  -23.75720.8244390       0       0       
GRID    20730   0       25.993  -23.67760.8781820       0       0       
GRID    20731   0       25.773  -23.76240.9233110       0       0       
GRID    20732   0       25.6509 -24.08470.85685 0       0       0       
GRID    20733   0       25.8648 -24.00230.8129770       0       0       
GRID    20734   0       26.0786 -23.92490.8652240       0       0       
GRID    20735   0       25.8648 -24.00730.9090970       0       0       
GRID    20736   0       25.7488 -24.32730.8441320       0       0       
GRID    20737   0       25.9565 -24.24730.8015150       0       0       
GRID    20738   0       26.1643 -24.17210.8522660       0       0       
GRID    20739   0       25.9565 -24.25220.8948820       0       0       
GRID    20740   0       25.8467 -24.57  0.8314140       0       0       
GRID    20741   0       26.0483 -24.49230.7900530       0       0       
GRID    20742   0       26.2499 -24.41940.8393080       0       0       
GRID    20743   0       26.0483 -24.49710.8806680       0       0       
GRID    20744   0       25.9171 -24.73970.8225230       0       0       
GRID    20745   0       26.14   -24.73740.7785920       0       0       
GRID    20746   0       26.3629 -24.73970.8225230       0       0       
GRID    20747   0       26.14   -24.742 0.8664530       0       0       
RBE0    2094    2094    20376   20377   20378   20379   
RBE0    2095    2095    20380   20381   20382   20383   
RBE0    2096    2096    20384   20385   20386   20387   
RBE0    2097    2097    20388   20389   20390   20391   
RBE0    2098    2098    20392   20393   20394   20395   
RBE0    2099    2099    20396   20397   20398   20399   
RBE0    2100    2100    20400   20401   20402   20403   
RBE0    2101    2101    20404   20405   20406   20407   
RBE0    2102    2102    20408   20409   20410   20411   
RBE0    2103    2103    20412   20413   20414   20415   
RBE0    2104    2104    20416   20417   20418   20419   
RBE0    2105    2105    20420   20421   20422   20423   
RBE0    2106    2106    20424   20425   20426   20427   
RBE0    2107    2107    20428   20429   20430   20431   
RBE0    2108    2108    20432   20433   20434   20435   
RBE0    2109    2109    20436   20437   20438   20439   
RBE0    2110    2110    20440   20441   20442   20443   
RBE0    2111    2111    20444   20445   20446   20447   
RBE0    2112    2112    20448   20449   20450   20451   
RBE0    2113    2113    20452   20453   20454   20455   
RBE0    2114    2114    20456   20457   20458   20459   
RBE0    2115    2115    20460   20461   20462   20463   
RBE0    2116    2116    20464   20465   20466   20467   
RBE0    2117    2117    20468   20469   20470   20471   
RBE0    2118    2118    20472   20473   20474   20475   
RBE0    2119    2119    20476   20477   20478   20479   
RBE0    2120    2120    20480   20481   20482   20483   
RBE0    2121    2121    20484   20485   20486   20487   
RBE0    2122    2122    20488   20489   20490   20491   
RBE0    2123    2123    20492   20493   20494   20495   
RBE0    2124    2124    20496   20497   20498   20499   
RBE0    2125    2125    20500   20501   20502   20503   
RBE0    2126    2126    20504   20505   20506   20507   
RBE0    2127    2127    20508   20509   20510   20511   
RBE0    2128    2128    20512   20513   20514   20515   
RBE0    2129    2129    20516   20517   20518   20519   
RBE0    2130    2130    20520   20521   20522   20523   
RBE0    2131    2131    20524   20525   20526   20527   
RBE0    2132    2132    20528   20529   20530   20531   
RBE0    2133    2133    20532   20533   20534   20535   
RBE0    2134    2134    20536   20537   20538   20539   
RBE0    2135    2135    20540   20541   20542   20543   
RBE0    2136    2136    20544   20545   20546   20547   
RBE0    2137    2137    20548   20549   20550   20551   
RBE0    2138    2138    20552   20553   20554   20555   
RBE0    2139    2139    20556   20557   20558   20559   
RBE0    2140    2140    20560   20561   20562   20563   
RBE0    2141    2141    20564   20565   20566   20567   
RBE0    2142    2142    20568   20569   20570   20571   
RBE0    2143    2143    20572   20573   20574   20575   
RBE0    2144    2144    20576   20577   20578   20579   
RBE0    2145    2145    20580   20581   20582   20583   
RBE0    2146    2146    20584   20585   20586   20587   
RBE0    2147    2147    20588   20589   20590   20591   
RBE0    2148    2148    20592   20593   20594   20595   
RBE0    2149    2149    20596   20597   20598   20599   
RBE0    2150    2150    20600   20601   20602   20603   
RBE0    2151    2151    20604   20605   20606   20607   
RBE0    2152    2152    20608   20609   20610   20611   
RBE0    2153    2153    20612   20613   20614   20615   
RBE0    2154    2154    20616   20617   20618   20619   
RBE0    2155    2155    20620   20621   20622   20623   
RBE0    2156    2156    20624   20625   20626   20627   
RBE0    2157    2157    20628   20629   20630   20631   
RBE0    2158    2158    20632   20633   20634   20635   
RBE0    2159    2159    20636   20637   20638   20639   
RBE0    2160    2160    20640   20641   20642   20643   
RBE0    2161    2161    20644   20645   20646   20647   
RBE0    2162    2162    20648   20649   20650   20651   
RBE0    2163    2163    20652   20653   20654   20655   
RBE0    2164    2164    20656   20657   20658   20659   
RBE0    2165    2165    20660   20661   20662   20663   
RBE0    2166    2166    20664   20665   20666   20667   
RBE0    2167    2167    20668   20669   20670   20671   
RBE0    2168    2168    20672   20673   20674   20675   
RBE0    2169    2169    20676   20677   20678   20679   
RBE0    2170    2170    20680   20681   20682   20683   
RBE0    2171    2171    20684   20685   20686   20687   
RBE0    2172    2172    20688   20689   20690   20691   
RBE0    2173    2173    20692   20693   20694   20695   
RBE0    2174    2174    20696   20697   20698   20699   
RBE0    2175    2175    20700   20701   20702   20703   
RBE0    2176    2176    20704   20705   20706   20707   
RBE0    2177    2177    20708   20709   20710   20711   
RBE0    2178    2178    20712   20713   20714   20715   
RBE0    2179    2179    20716   20717   20718   20719   
RBE0    2180    2180    20720   20721   20722   20723   
RBE0    2181    2181    20724   20725   20726   20727   
RBE0    2182    2182    20728   20729   20730   20731   
RBE0    2183    2183    20732   20733   20734   20735   
RBE0    2184    2184    20736   20737   20738   20739   
RBE0    2185    2185    20740   20741   20742   20743   
RBE0    2186    2186    20744   20745   20746   20747   
GRID    30000   0       36.7228 0.      1.7254  0       0       0       
GRID    30001   0       37.7315 -0.296141.7254  0       0       0       
GRID    30002   0       38.7402 0.      1.7254  0       0       0       
GRID    30003   0       37.7315 0.2961471.7254  0       0       0       
GRID    30004   0       37.0567 0.      2.48649 0       0       0       
GRID    30005   0       37.8477 0.29337 1.87603 0       0       0       
GRID    30006   0       38.6388 0.      1.26556 0       0       0       
GRID    30007   0       37.8477 -0.293371.87603 0       0       0       
GRID    30008   0       37.1804 0.      2.63134 0       0       0       
GRID    30009   0       37.964  0.2905942.02665 0       0       0       
GRID    30010   0       38.7475 0.      1.42196 0       0       0       
GRID    30011   0       37.964  -0.290592.02665 0       0       0       
GRID    30012   0       37.3041 0.      2.77619 0       0       0       
GRID    30013   0       38.0802 0.2878172.17728 0       0       0       
GRID    30014   0       38.8563 0.      1.57836 0       0       0       
GRID    30015   0       38.0802 -0.287812.17728 0       0       0       
GRID    30016   0       37.4279 0.      2.92104 0       0       0       
GRID    30017   0       38.1965 0.2850412.3279  0       0       0       
GRID    30018   0       38.9651 0.      1.73476 0       0       0       
GRID    30019   0       38.1965 -0.285042.3279  0       0       0       
GRID    30020   0       37.5516 0.      3.06588 0       0       0       
GRID    30021   0       38.3127 0.2822652.47853 0       0       0       
GRID    30022   0       39.0738 0.      1.89117 0       0       0       
GRID    30023   0       38.3127 -0.282262.47853 0       0       0       
GRID    30024   0       37.6753 0.      3.21073 0       0       0       
GRID    30025   0       38.4289 0.2794882.62915 0       0       0       
GRID    30026   0       39.1826 0.      2.04757 0       0       0       
GRID    30027   0       38.4289 -0.279482.62915 0       0       0       
GRID    30028   0       37.7991 0.      3.35558 0       0       0       
GRID    30029   0       38.5452 0.2767122.77978 0       0       0       
GRID    30030   0       39.2913 0.      2.20397 0       0       0       
GRID    30031   0       38.5452 -0.276712.77978 0       0       0       
GRID    30032   0       37.9228 0.      3.50043 0       0       0       
GRID    30033   0       38.6614 0.2739362.9304  0       0       0       
GRID    30034   0       39.4001 0.      2.36037 0       0       0       
GRID    30035   0       38.6614 -0.273932.9304  0       0       0       
GRID    30036   0       38.0465 0.      3.64527 0       0       0       
GRID    30037   0       38.7777 0.2711593.08103 0       0       0       
GRID    30038   0       39.5088 0.      2.51678 0       0       0       
GRID    30039   0       38.7777 -0.271153.08103 0       0       0       
GRID    30040   0       38.1702 0.      3.79012 0       0       0       
GRID    30041   0       38.8939 0.2683833.23165 0       0       0       
GRID    30042   0       39.6176 0.      2.67318 0       0       0       
GRID    30043   0       38.8939 -0.268383.23165 0       0       0       
GRID    30044   0       38.294  0.      3.93497 0       0       0       
GRID    30045   0       39.0101 0.2656063.38228 0       0       0       
GRID    30046   0       39.7263 0.      2.82958 0       0       0       
GRID    30047   0       39.0101 -0.265603.38228 0       0       0       
GRID    30048   0       38.4177 0.      4.07982 0       0       0       
GRID    30049   0       39.1264 0.26283 3.5329  0       0       0       
GRID    30050   0       39.8351 0.      2.98598 0       0       0       
GRID    30051   0       39.1264 -0.262833.5329  0       0       0       
GRID    30052   0       38.5414 0.      4.22466 0       0       0       
GRID    30053   0       39.2426 0.2600543.68353 0       0       0       
GRID    30054   0       39.9438 0.      3.14239 0       0       0       
GRID    30055   0       39.2426 -0.260053.68353 0       0       0       
GRID    30056   0       38.6651 0.      4.36951 0       0       0       
GRID    30057   0       39.3589 0.2572773.83415 0       0       0       
GRID    30058   0       40.0526 0.      3.29879 0       0       0       
GRID    30059   0       39.3589 -0.257273.83415 0       0       0       
GRID    30060   0       38.7889 0.      4.51436 0       0       0       
GRID    30061   0       39.4751 0.2545013.98478 0       0       0       
GRID    30062   0       40.1613 0.      3.45519 0       0       0       
GRID    30063   0       39.4751 -0.254503.98478 0       0       0       
GRID    30064   0       38.9126 0.      4.65921 0       0       0       
GRID    30065   0       39.5913 0.2517254.1354  0       0       0       
GRID    30066   0       40.2701 0.      3.61159 0       0       0       
GRID    30067   0       39.5913 -0.251724.1354  0       0       0       
GRID    30068   0       39.0352 0.      4.80256 0       0       0       
GRID    30069   0       39.7064 0.2489484.28453 0       0       0       
GRID    30070   0       40.3777 0.      3.7665  0       0       0       
GRID    30071   0       39.7064 -0.248944.28453 0       0       0       
GRID    30072   0       39.1577 0.      4.94592 0       0       0       
GRID    30073   0       39.8215 0.2461724.43367 0       0       0       
GRID    30074   0       40.4853 0.      3.92141 0       0       0       
GRID    30075   0       39.8215 -0.246174.43367 0       0       0       
GRID    30076   0       39.2803 0.      5.08928 0       0       0       
GRID    30077   0       39.9366 0.2433954.5828  0       0       0       
GRID    30078   0       40.5929 0.      4.07632 0       0       0       
GRID    30079   0       39.9366 -0.243394.5828  0       0       0       
GRID    30080   0       39.4029 0.      5.23263 0       0       0       
GRID    30081   0       40.0517 0.2406194.73193 0       0       0       
GRID    30082   0       40.7005 0.      4.23123 0       0       0       
GRID    30083   0       40.0517 -0.240614.73193 0       0       0       
GRID    30084   0       39.5255 0.      5.37599 0       0       0       
GRID    30085   0       40.1668 0.2378434.88107 0       0       0       
GRID    30086   0       40.8081 0.      4.38615 0       0       0       
GRID    30087   0       40.1668 -0.237844.88107 0       0       0       
GRID    30088   0       39.648  0.      5.51934 0       0       0       
GRID    30089   0       40.2819 0.2350665.0302  0       0       0       
GRID    30090   0       40.9157 0.      4.54106 0       0       0       
GRID    30091   0       40.2819 -0.235065.0302  0       0       0       
GRID    30092   0       39.7706 0.      5.6627  0       0       0       
GRID    30093   0       40.397  0.23229 5.17933 0       0       0       
GRID    30094   0       41.0233 0.      4.69597 0       0       0       
GRID    30095   0       40.397  -0.232295.17933 0       0       0       
GRID    30096   0       39.8932 0.      5.80606 0       0       0       
GRID    30097   0       40.5121 0.2295145.32847 0       0       0       
GRID    30098   0       41.1309 0.      4.85088 0       0       0       
GRID    30099   0       40.5121 -0.229515.32847 0       0       0       
GRID    30100   0       40.0158 0.      5.94941 0       0       0       
GRID    30101   0       40.6271 0.2267375.4776  0       0       0       
GRID    30102   0       41.2385 0.      5.00579 0       0       0       
GRID    30103   0       40.6271 -0.226735.4776  0       0       0       
GRID    30104   0       40.1383 0.      6.09277 0       0       0       
GRID    30105   0       40.7422 0.2239615.62673 0       0       0       
GRID    30106   0       41.3461 0.      5.1607  0       0       0       
GRID    30107   0       40.7422 -0.223965.62673 0       0       0       
GRID    30108   0       40.2609 0.      6.23612 0       0       0       
GRID    30109   0       40.8573 0.2211845.77587 0       0       0       
GRID    30110   0       41.4537 0.      5.31561 0       0       0       
GRID    30111   0       40.8573 -0.221185.77587 0       0       0       
GRID    30112   0       40.3835 0.      6.37948 0       0       0       
GRID    30113   0       40.9724 0.2184085.925   0       0       0       
GRID    30114   0       41.5613 0.      5.47052 0       0       0       
GRID    30115   0       40.9724 -0.218405.925   0       0       0       
GRID    30116   0       40.5107 0.      6.5288  0       0       0       
GRID    30117   0       41.0921 0.2156326.0801  0       0       0       
GRID    30118   0       41.6735 0.      5.6314  0       0       0       
GRID    30119   0       41.0921 -0.215636.0801  0       0       0       
GRID    30120   0       40.6379 0.      6.67813 0       0       0       
GRID    30121   0       41.2118 0.2128556.2352  0       0       0       
GRID    30122   0       41.7857 0.      5.79227 0       0       0       
GRID    30123   0       41.2118 -0.212856.2352  0       0       0       
GRID    30124   0       40.765  0.      6.82745 0       0       0       
GRID    30125   0       41.3315 0.2100796.3903  0       0       0       
GRID    30126   0       41.898  0.      5.95315 0       0       0       
GRID    30127   0       41.3315 -0.210076.3903  0       0       0       
GRID    30128   0       40.7451 0.      6.5454  0       0       0       
GRID    30129   0       41.4512 -0.207306.5454  0       0       0       
GRID    30130   0       42.1573 0.      6.5454  0       0       0       
GRID    30131   0       41.4512 0.2073036.5454  0       0       0       
RBE0    3000    3000    30000   30001   30002   30003   
RBE0    3001    3001    30004   30005   30006   30007   
RBE0    3002    3002    30008   30009   30010   30011   
RBE0    3003    3003    30012   30013   30014   30015   
RBE0    3004    3004    30016   30017   30018   30019   
RBE0    3005    3005    30020   30021   30022   30023   
RBE0    3006    3006    30024   30025   30026   30027   
RBE0    3007    3007    30028   30029   30030   30031   
RBE0    3008    3008    30032   30033   30034   30035   
RBE0    3009    3009    30036   30037   30038   30039   
RBE0    3010    3010    30040   30041   30042   30043   
RBE0    3011    3011    30044   30045   30046   30047   
RBE0    3012    3012    30048   30049   30050   30051   
RBE0    3013    3013    30052   30053   30054   30055   
RBE0    3014    3014    30056   30057   30058   30059   
RBE0    3015    3015    30060   30061   30062   30063   
RBE0    3016    3016    30064   30065   30066   30067   
RBE0    3017    3017    30068   30069   30070   30071   
RBE0    3018    3018    30072   30073   30074   30075   
RBE0    3019    3019    30076   30077   30078   30079   
RBE0    3020    3020    30080   30081   30082   30083   
RBE0    3021    3021    30084   30085   30086   30087   
RBE0    3022    3022    30088   30089   30090   30091   
RBE0    3023    3023    30092   30093   30094   30095   
RBE0    3024    3024    30096   30097   30098   30099   
RBE0    3025    3025    30100   30101   30102   30103   
RBE0    3026    3026    30104   30105   30106   30107   
RBE0    3027    3027    30108   30109   30110   30111   
RBE0    3028    3028    30112   30113   30114   30115   
RBE0    3029    3029    30116   30117   30118   30119   
RBE0    3030    3030    30120   30121   30122   30123   
RBE0    3031    3031    30124   30125   30126   30127   
RBE0    3032    3032    30128   30129   30130   30131   
GRID    40000   0       40.6596 0.      5.925   0       0       0       
GRID    40001   0       41.4148 0.      5.77329 0       0       0       
GRID    40002   0       42.17   0.      5.925   0       0       0       
GRID    40003   0       41.4148 0.      6.07671 0       0       0       
GRID    40004   0       40.6596 0.1093695.925   0       0       0       
GRID    40005   0       41.4148 0.1093695.77329 0       0       0       
GRID    40006   0       42.17   0.1093695.925   0       0       0       
GRID    40007   0       41.4148 0.1093696.07671 0       0       0       
GRID    40008   0       40.7419 0.2187385.925   0       0       0       
GRID    40009   0       41.4148 0.2187385.77329 0       0       0       
GRID    40010   0       42.0877 0.2187385.925   0       0       0       
GRID    40011   0       41.4148 0.2187386.07671 0       0       0       
GRID    40012   0       40.8722 0.6162785.91459 0       0       0       
GRID    40013   0       41.4639 0.3111235.77282 0       0       0       
GRID    40014   0       42.0556 0.0138055.93037 0       0       0       
GRID    40015   0       41.4639 0.31896 6.07213 0       0       0       
GRID    40016   0       40.9291 0.70856 5.91217 0       0       0       
GRID    40017   0       41.5129 0.4074795.7723  0       0       0       
GRID    40018   0       42.0967 0.11413 5.92774 0       0       0       
GRID    40019   0       41.5129 0.4152126.06761 0       0       0       
GRID    40020   0       40.9861 0.8008425.90976 0       0       0       
GRID    40021   0       41.562  0.5038355.77177 0       0       0       
GRID    40022   0       42.1379 0.2144555.92511 0       0       0       
GRID    40023   0       41.562  0.5114636.06309 0       0       0       
GRID    40024   0       41.0431 0.8931245.90734 0       0       0       
GRID    40025   0       41.6111 0.60019 5.77125 0       0       0       
GRID    40026   0       42.1791 0.3147815.92249 0       0       0       
GRID    40027   0       41.6111 0.6077146.05857 0       0       0       
GRID    40028   0       41.1    0.9854065.90492 0       0       0       
GRID    40029   0       41.6601 0.6965465.77073 0       0       0       
GRID    40030   0       42.2202 0.4151065.91986 0       0       0       
GRID    40031   0       41.6601 0.7039666.05406 0       0       0       
GRID    40032   0       41.157  1.07769 5.90251 0       0       0       
GRID    40033   0       41.7092 0.7929025.7702  0       0       0       
GRID    40034   0       42.2614 0.5154315.91723 0       0       0       
GRID    40035   0       41.7092 0.8002176.04954 0       0       0       
GRID    40036   0       41.2139 1.16997 5.90009 0       0       0       
GRID    40037   0       41.7582 0.8892585.76968 0       0       0       
GRID    40038   0       42.3026 0.6157565.9146  0       0       0       
GRID    40039   0       41.7582 0.8964686.04502 0       0       0       
GRID    40040   0       41.2709 1.26225 5.89767 0       0       0       
GRID    40041   0       41.8073 0.9856145.76916 0       0       0       
GRID    40042   0       42.3437 0.7160815.91198 0       0       0       
GRID    40043   0       41.8073 0.99272 6.0405  0       0       0       
GRID    40044   0       41.3279 1.35453 5.89526 0       0       0       
GRID    40045   0       41.8564 1.08197 5.76863 0       0       0       
GRID    40046   0       42.3849 0.8164065.90935 0       0       0       
GRID    40047   0       41.8564 1.08897 6.03598 0       0       0       
GRID    40048   0       41.3848 1.44682 5.89284 0       0       0       
GRID    40049   0       41.9054 1.17833 5.76811 0       0       0       
GRID    40050   0       42.426  0.9167315.90672 0       0       0       
GRID    40051   0       41.9054 1.18522 6.03146 0       0       0       
GRID    40052   0       41.4418 1.5391  5.89043 0       0       0       
GRID    40053   0       41.9545 1.27468 5.76758 0       0       0       
GRID    40054   0       42.4672 1.01706 5.9041  0       0       0       
GRID    40055   0       41.9545 1.28147 6.02694 0       0       0       
GRID    40056   0       41.4987 1.63138 5.88801 0       0       0       
GRID    40057   0       42.0036 1.37104 5.76706 0       0       0       
GRID    40058   0       42.5084 1.11738 5.90147 0       0       0       
GRID    40059   0       42.0036 1.37772 6.02242 0       0       0       
GRID    40060   0       41.5557 1.72366 5.88559 0       0       0       
GRID    40061   0       42.0526 1.46739 5.76654 0       0       0       
GRID    40062   0       42.5495 1.21771 5.89884 0       0       0       
GRID    40063   0       42.0526 1.47398 6.0179  0       0       0       
GRID    40064   0       41.6127 1.81594 5.88318 0       0       0       
GRID    40065   0       42.1017 1.56375 5.76601 0       0       0       
GRID    40066   0       42.5907 1.31803 5.89621 0       0       0       
GRID    40067   0       42.1017 1.57023 6.01338 0       0       0       
GRID    40068   0       41.6696 1.90823 5.88076 0       0       0       
GRID    40069   0       42.1507 1.66011 5.76549 0       0       0       
GRID    40070   0       42.6319 1.41836 5.89359 0       0       0       
GRID    40071   0       42.1507 1.66648 6.00886 0       0       0       
GRID    40072   0       41.7266 2.00051 5.87834 0       0       0       
GRID    40073   0       42.1998 1.75646 5.76496 0       0       0       
GRID    40074   0       42.673  1.51868 5.89096 0       0       0       
GRID    40075   0       42.1998 1.76273 6.00434 0       0       0       
GRID    40076   0       41.7835 2.09279 5.87593 0       0       0       
GRID    40077   0       42.2489 1.85282 5.76444 0       0       0       
GRID    40078   0       42.7142 1.61901 5.88833 0       0       0       
GRID    40079   0       42.2489 1.85898 5.99982 0       0       0       
GRID    40080   0       41.8405 2.18507 5.87351 0       0       0       
GRID    40081   0       42.2979 1.94917 5.76392 0       0       0       
GRID    40082   0       42.7553 1.71933 5.88571 0       0       0       
GRID    40083   0       42.2979 1.95523 5.9953  0       0       0       
GRID    40084   0       41.8975 2.27736 5.87109 0       0       0       
GRID    40085   0       42.347  2.04553 5.76339 0       0       0       
GRID    40086   0       42.7965 1.81966 5.88308 0       0       0       
GRID    40087   0       42.347  2.05148 5.99078 0       0       0       
GRID    40088   0       41.9544 2.36964 5.86868 0       0       0       
GRID    40089   0       42.396  2.14189 5.76287 0       0       0       
GRID    40090   0       42.8377 1.91998 5.88045 0       0       0       
GRID    40091   0       42.396  2.14774 5.98626 0       0       0       
GRID    40092   0       42.0114 2.46192 5.86626 0       0       0       
GRID    40093   0       42.4451 2.23824 5.76234 0       0       0       
GRID    40094   0       42.8788 2.02031 5.87782 0       0       0       
GRID    40095   0       42.4451 2.24399 5.98174 0       0       0       
GRID    40096   0       42.0684 2.5542  5.86384 0       0       0       
GRID    40097   0       42.4942 2.3346  5.76182 0       0       0       
GRID    40098   0       42.92   2.12063 5.8752  0       0       0       
GRID    40099   0       42.4942 2.34024 5.97722 0       0       0       
GRID    40100   0       42.1253 2.64648 5.86143 0       0       0       
GRID    40101   0       42.5432 2.43095 5.7613  0       0       0       
GRID    40102   0       42.9612 2.22096 5.87257 0       0       0       
GRID    40103   0       42.5432 2.43649 5.9727  0       0       0       
GRID    40104   0       42.1823 2.73877 5.85901 0       0       0       
GRID    40105   0       42.5923 2.52731 5.76077 0       0       0       
GRID    40106   0       43.0023 2.32128 5.86994 0       0       0       
GRID    40107   0       42.5923 2.53274 5.96818 0       0       0       
GRID    40108   0       42.2392 2.83105 5.85659 0       0       0       
GRID    40109   0       42.6414 2.62366 5.76025 0       0       0       
GRID    40110   0       43.0435 2.42161 5.86732 0       0       0       
GRID    40111   0       42.6414 2.62899 5.96366 0       0       0       
GRID    40112   0       42.2962 2.92333 5.85418 0       0       0       
GRID    40113   0       42.6904 2.72002 5.75973 0       0       0       
GRID    40114   0       43.0846 2.52193 5.86469 0       0       0       
GRID    40115   0       42.6904 2.72524 5.95914 0       0       0       
GRID    40116   0       42.3532 3.01561 5.85176 0       0       0       
GRID    40117   0       42.7395 2.81638 5.7592  0       0       0       
GRID    40118   0       43.1258 2.62226 5.86206 0       0       0       
GRID    40119   0       42.7395 2.82149 5.95462 0       0       0       
GRID    40120   0       42.4101 3.10789 5.84934 0       0       0       
GRID    40121   0       42.7885 2.91273 5.75868 0       0       0       
GRID    40122   0       43.167  2.72258 5.85943 0       0       0       
GRID    40123   0       42.7885 2.91775 5.9501  0       0       0       
GRID    40124   0       42.4671 3.20018 5.84693 0       0       0       
GRID    40125   0       42.8376 3.00909 5.75815 0       0       0       
GRID    40126   0       43.2081 2.82291 5.85681 0       0       0       
GRID    40127   0       42.8376 3.014   5.94558 0       0       0       
GRID    40128   0       42.537  3.29965 5.84432 0       0       0       
GRID    40129   0       42.8894 3.10324 5.75715 0       0       0       
GRID    40130   0       43.2419 2.91165 5.85448 0       0       0       
GRID    40131   0       42.8894 3.10807 5.94165 0       0       0       
GRID    40132   0       42.5944 3.39068 5.84194 0       0       0       
GRID    40133   0       42.9413 3.19738 5.75615 0       0       0       
GRID    40134   0       43.2882 3.00884 5.85194 0       0       0       
GRID    40135   0       42.9413 3.20214 5.93772 0       0       0       
GRID    40136   0       42.6518 3.48171 5.83956 0       0       0       
GRID    40137   0       42.9931 3.29153 5.75515 0       0       0       
GRID    40138   0       43.3344 3.10603 5.84939 0       0       0       
GRID    40139   0       42.9931 3.29621 5.9338  0       0       0       
GRID    40140   0       42.7092 3.57274 5.83717 0       0       0       
GRID    40141   0       43.0449 3.38568 5.75415 0       0       0       
GRID    40142   0       43.3806 3.20321 5.84685 0       0       0       
GRID    40143   0       43.0449 3.39028 5.92987 0       0       0       
GRID    40144   0       42.7667 3.66377 5.83479 0       0       0       
GRID    40145   0       43.0968 3.47982 5.75315 0       0       0       
GRID    40146   0       43.4269 3.3004  5.8443  0       0       0       
GRID    40147   0       43.0968 3.48435 5.92594 0       0       0       
GRID    40148   0       42.8241 3.7548  5.83241 0       0       0       
GRID    40149   0       43.1486 3.57397 5.75215 0       0       0       
GRID    40150   0       43.4731 3.39759 5.84176 0       0       0       
GRID    40151   0       43.1486 3.57842 5.92201 0       0       0       
GRID    40152   0       42.8815 3.84583 5.83002 0       0       0       
GRID    40153   0       43.2004 3.66812 5.75115 0       0       0       
GRID    40154   0       43.5193 3.49478 5.83921 0       0       0       
GRID    40155   0       43.2004 3.67249 5.91808 0       0       0       
GRID    40156   0       42.9389 3.93686 5.82764 0       0       0       
GRID    40157   0       43.2523 3.76226 5.75015 0       0       0       
GRID    40158   0       43.5656 3.59196 5.83667 0       0       0       
GRID    40159   0       43.2523 3.76656 5.91415 0       0       0       
GRID    40160   0       42.9964 4.02788 5.82525 0       0       0       
GRID    40161   0       43.3041 3.85641 5.74915 0       0       0       
GRID    40162   0       43.6118 3.68915 5.83412 0       0       0       
GRID    40163   0       43.3041 3.86063 5.91022 0       0       0       
GRID    40164   0       43.0538 4.11891 5.82287 0       0       0       
GRID    40165   0       43.3559 3.95056 5.74815 0       0       0       
GRID    40166   0       43.658  3.78634 5.83158 0       0       0       
GRID    40167   0       43.3559 3.9547  5.9063  0       0       0       
GRID    40168   0       43.1112 4.20994 5.82049 0       0       0       
GRID    40169   0       43.4078 4.0447  5.74715 0       0       0       
GRID    40170   0       43.7043 3.88353 5.82903 0       0       0       
GRID    40171   0       43.4078 4.04877 5.90237 0       0       0       
GRID    40172   0       43.1687 4.30097 5.8181  0       0       0       
GRID    40173   0       43.4596 4.13885 5.74615 0       0       0       
GRID    40174   0       43.7505 3.98072 5.82649 0       0       0       
GRID    40175   0       43.4596 4.14284 5.89844 0       0       0       
GRID    40176   0       43.2261 4.392   5.81572 0       0       0       
GRID    40177   0       43.5114 4.233   5.74515 0       0       0       
GRID    40178   0       43.7968 4.0779  5.82394 0       0       0       
GRID    40179   0       43.5114 4.23691 5.89451 0       0       0       
GRID    40180   0       43.2835 4.48303 5.81334 0       0       0       
GRID    40181   0       43.5633 4.32714 5.74415 0       0       0       
GRID    40182   0       43.843  4.17509 5.8214  0       0       0       
GRID    40183   0       43.5633 4.33098 5.89058 0       0       0       
GRID    40184   0       43.3409 4.57406 5.81095 0       0       0       
GRID    40185   0       43.6151 4.42129 5.74315 0       0       0       
GRID    40186   0       43.8892 4.27228 5.81885 0       0       0       
GRID    40187   0       43.6151 4.42505 5.88665 0       0       0       
GRID    40188   0       43.3984 4.66509 5.80857 0       0       0       
GRID    40189   0       43.6669 4.51544 5.74215 0       0       0       
GRID    40190   0       43.9355 4.36947 5.81631 0       0       0       
GRID    40191   0       43.6669 4.51912 5.88272 0       0       0       
GRID    40192   0       43.4558 4.75612 5.80618 0       0       0       
GRID    40193   0       43.7188 4.60958 5.74115 0       0       0       
GRID    40194   0       43.9817 4.46665 5.81376 0       0       0       
GRID    40195   0       43.7188 4.61319 5.8788  0       0       0       
GRID    40196   0       43.5132 4.84714 5.8038  0       0       0       
GRID    40197   0       43.7706 4.70373 5.74015 0       0       0       
GRID    40198   0       44.0279 4.56384 5.81122 0       0       0       
GRID    40199   0       43.7706 4.70726 5.87487 0       0       0       
GRID    40200   0       43.5706 4.93817 5.80142 0       0       0       
GRID    40201   0       43.8224 4.79788 5.73915 0       0       0       
GRID    40202   0       44.0742 4.66103 5.80867 0       0       0       
GRID    40203   0       43.8224 4.80133 5.87094 0       0       0       
GRID    40204   0       43.6281 5.0292  5.79903 0       0       0       
GRID    40205   0       43.8742 4.89202 5.73815 0       0       0       
GRID    40206   0       44.1204 4.75822 5.80613 0       0       0       
GRID    40207   0       43.8742 4.8954  5.86701 0       0       0       
GRID    40208   0       43.6855 5.12023 5.79665 0       0       0       
GRID    40209   0       43.9261 4.98617 5.73715 0       0       0       
GRID    40210   0       44.1667 4.8554  5.80358 0       0       0       
GRID    40211   0       43.9261 4.98947 5.86308 0       0       0       
GRID    40212   0       43.7429 5.21126 5.79427 0       0       0       
GRID    40213   0       43.9779 5.08032 5.73615 0       0       0       
GRID    40214   0       44.2129 4.95259 5.80104 0       0       0       
GRID    40215   0       43.9779 5.08354 5.85915 0       0       0       
GRID    40216   0       43.8004 5.30229 5.79188 0       0       0       
GRID    40217   0       44.0297 5.17446 5.73515 0       0       0       
GRID    40218   0       44.2591 5.04978 5.79849 0       0       0       
GRID    40219   0       44.0297 5.17761 5.85522 0       0       0       
GRID    40220   0       43.8578 5.39332 5.7895  0       0       0       
GRID    40221   0       44.0816 5.26861 5.73415 0       0       0       
GRID    40222   0       44.3054 5.14697 5.79595 0       0       0       
GRID    40223   0       44.0816 5.27168 5.8513  0       0       0       
GRID    40224   0       43.9152 5.48435 5.78712 0       0       0       
GRID    40225   0       44.1334 5.36276 5.73315 0       0       0       
GRID    40226   0       44.3516 5.24416 5.7934  0       0       0       
GRID    40227   0       44.1334 5.36575 5.84737 0       0       0       
GRID    40228   0       43.9726 5.57538 5.78473 0       0       0       
GRID    40229   0       44.1852 5.4569  5.73215 0       0       0       
GRID    40230   0       44.3978 5.34134 5.79086 0       0       0       
GRID    40231   0       44.1852 5.45982 5.84344 0       0       0       
GRID    40232   0       44.0301 5.66641 5.78235 0       0       0       
GRID    40233   0       44.2371 5.55105 5.73115 0       0       0       
GRID    40234   0       44.4441 5.43853 5.78831 0       0       0       
GRID    40235   0       44.2371 5.55389 5.83951 0       0       0       
GRID    40236   0       44.0875 5.75743 5.77996 0       0       0       
GRID    40237   0       44.2889 5.6452  5.73015 0       0       0       
GRID    40238   0       44.4903 5.53572 5.78577 0       0       0       
GRID    40239   0       44.2889 5.64796 5.83558 0       0       0       
GRID    40240   0       44.1449 5.84846 5.77758 0       0       0       
GRID    40241   0       44.3407 5.73934 5.72915 0       0       0       
GRID    40242   0       44.5366 5.63291 5.78323 0       0       0       
GRID    40243   0       44.3407 5.74203 5.83165 0       0       0       
GRID    40244   0       44.2023 5.93949 5.7752  0       0       0       
GRID    40245   0       44.3926 5.83349 5.72815 0       0       0       
GRID    40246   0       44.5828 5.73009 5.78068 0       0       0       
GRID    40247   0       44.3926 5.8361  5.82772 0       0       0       
GRID    40248   0       44.2598 6.03052 5.77281 0       0       0       
GRID    40249   0       44.4444 5.92764 5.72715 0       0       0       
GRID    40250   0       44.629  5.82728 5.77814 0       0       0       
GRID    40251   0       44.4444 5.93017 5.8238  0       0       0       
GRID    40252   0       44.2629 6.02301 5.77301 0       0       0       
GRID    40253   0       44.4962 6.02178 5.72615 0       0       0       
GRID    40254   0       44.7296 6.02301 5.77301 0       0       0       
GRID    40255   0       44.4962 6.02424 5.81987 0       0       0       
RBE0    4000    4000    40000   40001   40002   40003   
RBE0    4001    4001    40004   40005   40006   40007   
RBE0    4002    4002    40008   40009   40010   40011   
RBE0    4003    4003    40012   40013   40014   40015   
RBE0    4004    4004    40016   40017   40018   40019   
RBE0    4005    4005    40020   40021   40022   40023   
RBE0    4006    4006    40024   40025   40026   40027   
RBE0    4007    4007    40028   40029   40030   40031   
RBE0    4008    4008    40032   40033   40034   40035   
RBE0    4009    4009    40036   40037   40038   40039   
RBE0    4010    4010    40040   40041   40042   40043   
RBE0    4011    4011    40044   40045   40046   40047   
RBE0    4012    4012    40048   40049   40050   40051   
RBE0    4013    4013    40052   40053   40054   40055   
RBE0    4014    4014    40056   40057   40058   40059   
RBE0    4015    4015    40060   40061   40062   40063   
RBE0    4016    4016    40064   40065   40066   40067   
RBE0    4017    4017    40068   40069   40070   40071   
RBE0    4018    4018    40072   40073   40074   40075   
RBE0    4019    4019    40076   40077   40078   40079   
RBE0    4020    4020    40080   40081   40082   40083   
RBE0    4021    4021    40084   40085   40086   40087   
RBE0    4022    4022    40088   40089   40090   40091   
RBE0    4023    4023    40092   40093   40094   40095   
RBE0    4024    4024    40096   40097   40098   40099   
RBE0    4025    4025    40100   40101   40102   40103   
RBE0    4026    4026    40104   40105   40106   40107   
RBE0    4027    4027    40108   40109   40110   40111   
RBE0    4028    4028    40112   40113   40114   40115   
RBE0    4029    4029    40116   40117   40118   40119   
RBE0    4030    4030    40120   40121   40122   40123   
RBE0    4031    4031    40124   40125   40126   40127   
RBE0    4032    4032    40128   40129   40130   40131   
RBE0    4033    4033    40132   40133   40134   40135   
RBE0    4034    4034    40136   40137   40138   40139   
RBE0    4035    4035    40140   40141   40142   40143   
RBE0    4036    4036    40144   40145   40146   40147   
RBE0    4037    4037    40148   40149   40150   40151   
RBE0    4038    4038    40152   40153   40154   40155   
RBE0    4039    4039    40156   40157   40158   40159   
RBE0    4040    4040    40160   40161   40162   40163   
RBE0    4041    4041    40164   40165   40166   40167   
RBE0    4042    4042    40168   40169   40170   40171   
RBE0    4043    4043    40172   40173   40174   40175   
RBE0    4044    4044    40176   40177   40178   40179   
RBE0    4045    4045    40180   40181   40182   40183   
RBE0    4046    4046    40184   40185   40186   40187   
RBE0    4047    4047    40188   40189   40190   40191   
RBE0    4048    4048    40192   40193   40194   40195   
RBE0    4049    4049    40196   40197   40198   40199   
RBE0    4050    4050    40200   40201   40202   40203   
RBE0    4051    4051    40204   40205   40206   40207   
RBE0    4052    4052    40208   40209   40210   40211   
RBE0    4053    4053    40212   40213   40214   40215   
RBE0    4054    4054    40216   40217   40218   40219   
RBE0    4055    4055    40220   40221   40222   40223   
RBE0    4056    4056    40224   40225   40226   40227   
RBE0    4057    4057    40228   40229   40230   40231   
RBE0    4058    4058    40232   40233   40234   40235   
RBE0    4059    4059    40236   40237   40238   40239   
RBE0    4060    4060    40240   40241   40242   40243   
RBE0    4061    4061    40244   40245   40246   40247   
RBE0    4062    4062    40248   40249   40250   40251   
RBE0    4063    4063    40252   40253   40254   40255   
GRID    40256   0       40.6596 -0.109365.925   0       0       0       
GRID    40257   0       41.4148 -0.109365.77329 0       0       0       
GRID    40258   0       42.17   -0.109365.925   0       0       0       
GRID    40259   0       41.4148 -0.109366.07671 0       0       0       
GRID    40260   0       40.7419 -0.218735.925   0       0       0       
GRID    40261   0       41.4148 -0.218735.77329 0       0       0       
GRID    40262   0       42.0877 -0.218735.925   0       0       0       
GRID    40263   0       41.4148 -0.218736.07671 0       0       0       
GRID    40264   0       40.8722 -0.616275.91459 0       0       0       
GRID    40265   0       41.4639 -0.311125.77282 0       0       0       
GRID    40266   0       42.0556 -0.013805.93037 0       0       0       
GRID    40267   0       41.4639 -0.318966.07213 0       0       0       
GRID    40268   0       40.9291 -0.708565.91217 0       0       0       
GRID    40269   0       41.5129 -0.407475.7723  0       0       0       
GRID    40270   0       42.0967 -0.114135.92774 0       0       0       
GRID    40271   0       41.5129 -0.415216.06761 0       0       0       
GRID    40272   0       40.9861 -0.800845.90976 0       0       0       
GRID    40273   0       41.562  -0.503835.77177 0       0       0       
GRID    40274   0       42.1379 -0.214455.92511 0       0       0       
GRID    40275   0       41.562  -0.511466.06309 0       0       0       
GRID    40276   0       41.0431 -0.893125.90734 0       0       0       
GRID    40277   0       41.6111 -0.600195.77125 0       0       0       
GRID    40278   0       42.1791 -0.314785.92249 0       0       0       
GRID    40279   0       41.6111 -0.607716.05857 0       0       0       
GRID    40280   0       41.1    -0.985405.90492 0       0       0       
GRID    40281   0       41.6601 -0.696545.77073 0       0       0       
GRID    40282   0       42.2202 -0.415105.91986 0       0       0       
GRID    40283   0       41.6601 -0.703966.05406 0       0       0       
GRID    40284   0       41.157  -1.077695.90251 0       0       0       
GRID    40285   0       41.7092 -0.792905.7702  0       0       0       
GRID    40286   0       42.2614 -0.515435.91723 0       0       0       
GRID    40287   0       41.7092 -0.800216.04954 0       0       0       
GRID    40288   0       41.2139 -1.169975.90009 0       0       0       
GRID    40289   0       41.7582 -0.889255.76968 0       0       0       
GRID    40290   0       42.3026 -0.615755.9146  0       0       0       
GRID    40291   0       41.7582 -0.896466.04502 0       0       0       
GRID    40292   0       41.2709 -1.262255.89767 0       0       0       
GRID    40293   0       41.8073 -0.985615.76916 0       0       0       
GRID    40294   0       42.3437 -0.716085.91198 0       0       0       
GRID    40295   0       41.8073 -0.992726.0405  0       0       0       
GRID    40296   0       41.3279 -1.354535.89526 0       0       0       
GRID    40297   0       41.8564 -1.081975.76863 0       0       0       
GRID    40298   0       42.3849 -0.816405.90935 0       0       0       
GRID    40299   0       41.8564 -1.088976.03598 0       0       0       
GRID    40300   0       41.3848 -1.446825.89284 0       0       0       
GRID    40301   0       41.9054 -1.178335.76811 0       0       0       
GRID    40302   0       42.426  -0.916735.90672 0       0       0       
GRID    40303   0       41.9054 -1.185226.03146 0       0       0       
GRID    40304   0       41.4418 -1.5391 5.89043 0       0       0       
GRID    40305   0       41.9545 -1.274685.76758 0       0       0       
GRID    40306   0       42.4672 -1.017065.9041  0       0       0       
GRID    40307   0       41.9545 -1.281476.02694 0       0       0       
GRID    40308   0       41.4987 -1.631385.88801 0       0       0       
GRID    40309   0       42.0036 -1.371045.76706 0       0       0       
GRID    40310   0       42.5084 -1.117385.90147 0       0       0       
GRID    40311   0       42.0036 -1.377726.02242 0       0       0       
GRID    40312   0       41.5557 -1.723665.88559 0       0       0       
GRID    40313   0       42.0526 -1.467395.76654 0       0       0       
GRID    40314   0       42.5495 -1.217715.89884 0       0       0       
GRID    40315   0       42.0526 -1.473986.0179  0       0       0       
GRID    40316   0       41.6127 -1.815945.88318 0       0       0       
GRID    40317   0       42.1017 -1.563755.76601 0       0       0       
GRID    40318   0       42.5907 -1.318035.89621 0       0       0       
GRID    40319   0       42.1017 -1.570236.01338 0       0       0       
GRID    40320   0       41.6696 -1.908235.88076 0       0       0       
GRID    40321   0       42.1507 -1.660115.76549 0       0       0       
GRID    40322   0       42.6319 -1.418365.89359 0       0       0       
GRID    40323   0       42.1507 -1.666486.00886 0       0       0       
GRID    40324   0       41.7266 -2.000515.87834 0       0       0       
GRID    40325   0       42.1998 -1.756465.76496 0       0       0       
GRID    40326   0       42.673  -1.518685.89096 0       0       0       
GRID    40327   0       42.1998 -1.762736.00434 0       0       0       
GRID    40328   0       41.7835 -2.092795.87593 0       0       0       
GRID    40329   0       42.2489 -1.852825.76444 0       0       0       
GRID    40330   0       42.7142 -1.619015.88833 0       0       0       
GRID    40331   0       42.2489 -1.858985.99982 0       0       0       
GRID    40332   0       41.8405 -2.185075.87351 0       0       0       
GRID    40333   0       42.2979 -1.949175.76392 0       0       0       
GRID    40334   0       42.7553 -1.719335.88571 0       0       0       
GRID    40335   0       42.2979 -1.955235.9953  0       0       0       
GRID    40336   0       41.8975 -2.277365.87109 0       0       0       
GRID    40337   0       42.347  -2.045535.76339 0       0       0       
GRID    40338   0       42.7965 -1.819665.88308 0       0       0       
GRID    40339   0       42.347  -2.051485.99078 0       0       0       
GRID    40340   0       41.9544 -2.369645.86868 0       0       0       
GRID    40341   0       42.396  -2.141895.76287 0       0       0       
GRID    40342   0       42.8377 -1.919985.88045 0       0       0       
GRID    40343   0       42.396  -2.147745.98626 0       0       0       
GRID    40344   0       42.0114 -2.461925.86626 0       0       0       
GRID    40345   0       42.4451 -2.238245.76234 0       0       0       
GRID    40346   0       42.8788 -2.020315.87782 0       0       0       
GRID    40347   0       42.4451 -2.243995.98174 0       0       0       
GRID    40348   0       42.0684 -2.5542 5.86384 0       0       0       
GRID    40349   0       42.4942 -2.3346 5.76182 0       0       0       
GRID    40350   0       42.92   -2.120635.8752  0       0       0       
GRID    40351   0       42.4942 -2.340245.97722 0       0       0       
GRID    40352   0       42.1253 -2.646485.86143 0       0       0       
GRID    40353   0       42.5432 -2.430955.7613  0       0       0       
GRID    40354   0       42.9612 -2.220965.87257 0       0       0       
GRID    40355   0       42.5432 -2.436495.9727  0       0       0       
GRID    40356   0       42.1823 -2.738775.85901 0       0       0       
GRID    40357   0       42.5923 -2.527315.76077 0       0       0       
GRID    40358   0       43.0023 -2.321285.86994 0       0       0       
GRID    40359   0       42.5923 -2.532745.96818 0       0       0       
GRID    40360   0       42.2392 -2.831055.85659 0       0       0       
GRID    40361   0       42.6414 -2.623665.76025 0       0       0       
GRID    40362   0       43.0435 -2.421615.86732 0       0       0       
GRID    40363   0       42.6414 -2.628995.96366 0       0       0       
GRID    40364   0       42.2962 -2.923335.85418 0       0       0       
GRID    40365   0       42.6904 -2.720025.75973 0       0       0       
GRID    40366   0       43.0846 -2.521935.86469 0       0       0       
GRID    40367   0       42.6904 -2.725245.95914 0       0       0       
GRID    40368   0       42.3532 -3.015615.85176 0       0       0       
GRID    40369   0       42.7395 -2.816385.7592  0       0       0       
GRID    40370   0       43.1258 -2.622265.86206 0       0       0       
GRID    40371   0       42.7395 -2.821495.95462 0       0       0       
GRID    40372   0       42.4101 -3.107895.84934 0       0       0       
GRID    40373   0       42.7885 -2.912735.75868 0       0       0       
GRID    40374   0       43.167  -2.722585.85943 0       0       0       
GRID    40375   0       42.7885 -2.917755.9501  0       0       0       
GRID    40376   0       42.4671 -3.200185.84693 0       0       0       
GRID    40377   0       42.8376 -3.009095.75815 0       0       0       
GRID    40378   0       43.2081 -2.822915.85681 0       0       0       
GRID    40379   0       42.8376 -3.014  5.94558 0       0       0       
GRID    40380   0       42.537  -3.299655.84432 0       0       0       
GRID    40381   0       42.8894 -3.103245.75715 0       0       0       
GRID    40382   0       43.2419 -2.911655.85448 0       0       0       
GRID    40383   0       42.8894 -3.108075.94165 0       0       0       
GRID    40384   0       42.5944 -3.390685.84194 0       0       0       
GRID    40385   0       42.9413 -3.197385.75615 0       0       0       
GRID    40386   0       43.2882 -3.008845.85194 0       0       0       
GRID    40387   0       42.9413 -3.202145.93772 0       0       0       
GRID    40388   0       42.6518 -3.481715.83956 0       0       0       
GRID    40389   0       42.9931 -3.291535.75515 0       0       0       
GRID    40390   0       43.3344 -3.106035.84939 0       0       0       
GRID    40391   0       42.9931 -3.296215.9338  0       0       0       
GRID    40392   0       42.7092 -3.572745.83717 0       0       0       
GRID    40393   0       43.0449 -3.385685.75415 0       0       0       
GRID    40394   0       43.3806 -3.203215.84685 0       0       0       
GRID    40395   0       43.0449 -3.390285.92987 0       0       0       
GRID    40396   0       42.7667 -3.663775.83479 0       0       0       
GRID    40397   0       43.0968 -3.479825.75315 0       0       0       
GRID    40398   0       43.4269 -3.3004 5.8443  0       0       0       
GRID    40399   0       43.0968 -3.484355.92594 0       0       0       
GRID    40400   0       42.8241 -3.7548 5.83241 0       0       0       
GRID    40401   0       43.1486 -3.573975.75215 0       0       0       
GRID    40402   0       43.4731 -3.397595.84176 0       0       0       
GRID    40403   0       43.1486 -3.578425.92201 0       0       0       
GRID    40404   0       42.8815 -3.845835.83002 0       0       0       
GRID    40405   0       43.2004 -3.668125.75115 0       0       0       
GRID    40406   0       43.5193 -3.494785.83921 0       0       0       
GRID    40407   0       43.2004 -3.672495.91808 0       0       0       
GRID    40408   0       42.9389 -3.936865.82764 0       0       0       
GRID    40409   0       43.2523 -3.762265.75015 0       0       0       
GRID    40410   0       43.5656 -3.591965.83667 0       0       0       
GRID    40411   0       43.2523 -3.766565.91415 0       0       0       
GRID    40412   0       42.9964 -4.027885.82525 0       0       0       
GRID    40413   0       43.3041 -3.856415.74915 0       0       0       
GRID    40414   0       43.6118 -3.689155.83412 0       0       0       
GRID    40415   0       43.3041 -3.860635.91022 0       0       0       
GRID    40416   0       43.0538 -4.118915.82287 0       0       0       
GRID    40417   0       43.3559 -3.950565.74815 0       0       0       
GRID    40418   0       43.658  -3.786345.83158 0       0       0       
GRID    40419   0       43.3559 -3.9547 5.9063  0       0       0       
GRID    40420   0       43.1112 -4.209945.82049 0       0       0       
GRID    40421   0       43.4078 -4.0447 5.74715 0       0       0       
GRID    40422   0       43.7043 -3.883535.82903 0       0       0       
GRID    40423   0       43.4078 -4.048775.90237 0       0       0       
GRID    40424   0       43.1687 -4.300975.8181  0       0       0       
GRID    40425   0       43.4596 -4.138855.74615 0       0       0       
GRID    40426   0       43.7505 -3.980725.82649 0       0       0       
GRID    40427   0       43.4596 -4.142845.89844 0       0       0       
GRID    40428   0       43.2261 -4.392  5.81572 0       0       0       
GRID    40429   0       43.5114 -4.233  5.74515 0       0       0       
GRID    40430   0       43.7968 -4.0779 5.82394 0       0       0       
GRID    40431   0       43.5114 -4.236915.89451 0       0       0       
GRID    40432   0       43.2835 -4.483035.81334 0       0       0       
GRID    40433   0       43.5633 -4.327145.74415 0       0       0       
GRID    40434   0       43.843  -4.175095.8214  0       0       0       
GRID    40435   0       43.5633 -4.330985.89058 0       0       0       
GRID    40436   0       43.3409 -4.574065.81095 0       0       0       
GRID    40437   0       43.6151 -4.421295.74315 0       0       0       
GRID    40438   0       43.8892 -4.272285.81885 0       0       0       
GRID    40439   0       43.6151 -4.425055.88665 0       0       0       
GRID    40440   0       43.3984 -4.665095.80857 0       0       0       
GRID    40441   0       43.6669 -4.515445.74215 0       0       0       
GRID    40442   0       43.9355 -4.369475.81631 0       0       0       
GRID    40443   0       43.6669 -4.519125.88272 0       0       0       
GRID    40444   0       43.4558 -4.756125.80618 0       0       0       
GRID    40445   0       43.7188 -4.609585.74115 0       0       0       
GRID    40446   0       43.9817 -4.466655.81376 0       0       0       
GRID    40447   0       43.7188 -4.613195.8788  0       0       0       
GRID    40448   0       43.5132 -4.847145.8038  0       0       0       
GRID    40449   0       43.7706 -4.703735.74015 0       0       0       
GRID    40450   0       44.0279 -4.563845.81122 0       0       0       
GRID    40451   0       43.7706 -4.707265.87487 0       0       0       
GRID    40452   0       43.5706 -4.938175.80142 0       0       0       
GRID    40453   0       43.8224 -4.797885.73915 0       0       0       
GRID    40454   0       44.0742 -4.661035.80867 0       0       0       
GRID    40455   0       43.8224 -4.801335.87094 0       0       0       
GRID    40456   0       43.6281 -5.0292 5.79903 0       0       0       
GRID    40457   0       43.8742 -4.892025.73815 0       0       0       
GRID    40458   0       44.1204 -4.758225.80613 0       0       0       
GRID    40459   0       43.8742 -4.8954 5.86701 0       0       0       
GRID    40460   0       43.6855 -5.120235.79665 0       0       0       
GRID    40461   0       43.9261 -4.986175.73715 0       0       0       
GRID    40462   0       44.1667 -4.8554 5.80358 0       0       0       
GRID    40463   0       43.9261 -4.989475.86308 0       0       0       
GRID    40464   0       43.7429 -5.211265.79427 0       0       0       
GRID    40465   0       43.9779 -5.080325.73615 0       0       0       
GRID    40466   0       44.2129 -4.952595.80104 0       0       0       
GRID    40467   0       43.9779 -5.083545.85915 0       0       0       
GRID    40468   0       43.8004 -5.302295.79188 0       0       0       
GRID    40469   0       44.0297 -5.174465.73515 0       0       0       
GRID    40470   0       44.2591 -5.049785.79849 0       0       0       
GRID    40471   0       44.0297 -5.177615.85522 0       0       0       
GRID    40472   0       43.8578 -5.393325.7895  0       0       0       
GRID    40473   0       44.0816 -5.268615.73415 0       0       0       
GRID    40474   0       44.3054 -5.146975.79595 0       0       0       
GRID    40475   0       44.0816 -5.271685.8513  0       0       0       
GRID    40476   0       43.9152 -5.484355.78712 0       0       0       
GRID    40477   0       44.1334 -5.362765.73315 0       0       0       
GRID    40478   0       44.3516 -5.244165.7934  0       0       0       
GRID    40479   0       44.1334 -5.365755.84737 0       0       0       
GRID    40480   0       43.9726 -5.575385.78473 0       0       0       
GRID    40481   0       44.1852 -5.4569 5.73215 0       0       0       
GRID    40482   0       44.3978 -5.341345.79086 0       0       0       
GRID    40483   0       44.1852 -5.459825.84344 0       0       0       
GRID    40484   0       44.0301 -5.666415.78235 0       0       0       
GRID    40485   0       44.2371 -5.551055.73115 0       0       0       
GRID    40486   0       44.4441 -5.438535.78831 0       0       0       
GRID    40487   0       44.2371 -5.553895.83951 0       0       0       
GRID    40488   0       44.0875 -5.757435.77996 0       0       0       
GRID    40489   0       44.2889 -5.6452 5.73015 0       0       0       
GRID    40490   0       44.4903 -5.535725.78577 0       0       0       
GRID    40491   0       44.2889 -5.647965.83558 0       0       0       
GRID    40492   0       44.1449 -5.848465.77758 0       0       0       
GRID    40493   0       44.3407 -5.739345.72915 0       0       0       
GRID    40494   0       44.5366 -5.632915.78323 0       0       0       
GRID    40495   0       44.3407 -5.742035.83165 0       0       0       
GRID    40496   0       44.2023 -5.939495.7752  0       0       0       
GRID    40497   0       44.3926 -5.833495.72815 0       0       0       
GRID    40498   0       44.5828 -5.730095.78068 0       0       0       
GRID    40499   0       44.3926 -5.8361 5.82772 0       0       0       
GRID    40500   0       44.2598 -6.030525.77281 0       0       0       
GRID    40501   0       44.4444 -5.927645.72715 0       0       0       
GRID    40502   0       44.629  -5.827285.77814 0       0       0       
GRID    40503   0       44.4444 -5.930175.8238  0       0       0       
GRID    40504   0       44.2629 -6.023015.77301 0       0       0       
GRID    40505   0       44.4962 -6.021785.72615 0       0       0       
GRID    40506   0       44.7296 -6.023015.77301 0       0       0       
GRID    40507   0       44.4962 -6.024245.81987 0       0       0       
RBE0    4064    4064    40256   40257   40258   40259   
RBE0    4065    4065    40260   40261   40262   40263   
RBE0    4066    4066    40264   40265   40266   40267   
RBE0    4067    4067    40268   40269   40270   40271   
RBE0    4068    4068    40272   40273   40274   40275   
RBE0    4069    4069    40276   40277   40278   40279   
RBE0    4070    4070    40280   40281   40282   40283   
RBE0    4071    4071    40284   40285   40286   40287   
RBE0    4072    4072    40288   40289   40290   40291   
RBE0    4073    4073    40292   40293   40294   40295   
RBE0    4074    4074    40296   40297   40298   40299   
RBE0    4075    4075    40300   40301   40302   40303   
RBE0    4076    4076    40304   40305   40306   40307   
RBE0    4077    4077    40308   40309   40310   40311   
RBE0    4078    4078    40312   40313   40314   40315   
RBE0    4079    4079    40316   40317   40318   40319   
RBE0    4080    4080    40320   40321   40322   40323   
RBE0    4081    4081    40324   40325   40326   40327   
RBE0    4082    4082    40328   40329   40330   40331   
RBE0    4083    4083    40332   40333   40334   40335   
RBE0    4084    4084    40336   40337   40338   40339   
RBE0    4085    4085    40340   40341   40342   40343   
RBE0    4086    4086    40344   40345   40346   40347   
RBE0    4087    4087    40348   40349   40350   40351   
RBE0    4088    4088    40352   40353   40354   40355   
RBE0    4089    4089    40356   40357   40358   40359   
RBE0    4090    4090    40360   40361   40362   40363   
RBE0    4091    4091    40364   40365   40366   40367   
RBE0    4092    4092    40368   40369   40370   40371   
RBE0    4093    4093    40372   40373   40374   40375   
RBE0    4094    4094    40376   40377   40378   40379   
RBE0    4095    4095    40380   40381   40382   40383   
RBE0    4096    4096    40384   40385   40386   40387   
RBE0    4097    4097    40388   40389   40390   40391   
RBE0    4098    4098    40392   40393   40394   40395   
RBE0    4099    4099    40396   40397   40398   40399   
RBE0    4100    4100    40400   40401   40402   40403   
RBE0    4101    4101    40404   40405   40406   40407   
RBE0    4102    4102    40408   40409   40410   40411   
RBE0    4103    4103    40412   40413   40414   40415   
RBE0    4104    4104    40416   40417   40418   40419   
RBE0    4105    4105    40420   40421   40422   40423   
RBE0    4106    4106    40424   40425   40426   40427   
RBE0    4107    4107    40428   40429   40430   40431   
RBE0    4108    4108    40432   40433   40434   40435   
RBE0    4109    4109    40436   40437   40438   40439   
RBE0    4110    4110    40440   40441   40442   40443   
RBE0    4111    4111    40444   40445   40446   40447   
RBE0    4112    4112    40448   40449   40450   40451   
RBE0    4113    4113    40452   40453   40454   40455   
RBE0    4114    4114    40456   40457   40458   40459   
RBE0    4115    4115    40460   40461   40462   40463   
RBE0    4116    4116    40464   40465   40466   40467   
RBE0    4117    4117    40468   40469   40470   40471   
RBE0    4118    4118    40472   40473   40474   40475   
RBE0    4119    4119    40476   40477   40478   40479   
RBE0    4120    4120    40480   40481   40482   40483   
RBE0    4121    4121    40484   40485   40486   40487   
RBE0    4122    4122    40488   40489   40490   40491   
RBE0    4123    4123    40492   40493   40494   40495   
RBE0    4124    4124    40496   40497   40498   40499   
RBE0    4125    4125    40500   40501   40502   40503   
RBE0    4126    4126    40504   40505   40506   40507   
GRID    50000   0       22.006  0.      -1.975  0       0       0       
GRID    50001   0       23.0121 0.      -2.125420       0       0       
GRID    50002   0       24.0182 0.      -1.975  0       0       0       
GRID    50003   0       23.0121 0.      -1.824580       0       0       
GRID    50004   0       22.006  0.218523-1.975  0       0       0       
GRID    50005   0       23.0121 0.218523-2.125420       0       0       
GRID    50006   0       24.0182 0.218523-1.975  0       0       0       
GRID    50007   0       23.0121 0.218523-1.824580       0       0       
GRID    50008   0       22.0145 0.437046-1.975  0       0       0       
GRID    50009   0       23.0121 0.437046-2.125420       0       0       
GRID    50010   0       24.0098 0.437046-1.975  0       0       0       
GRID    50011   0       23.0121 0.437046-1.824580       0       0       
GRID    50012   0       22.096  0.76339 -1.905630       0       0       
GRID    50013   0       23.0393 0.676266-2.074180       0       0       
GRID    50014   0       23.9827 0.528118-1.955640       0       0       
GRID    50015   0       23.0393 0.615243-1.787090       0       0       
GRID    50016   0       22.1695 0.966323-1.8625 0       0       0       
GRID    50017   0       23.0665 0.884211-2.026230       0       0       
GRID    50018   0       23.9636 0.742603-1.910050       0       0       
GRID    50019   0       23.0665 0.824714-1.746320       0       0       
GRID    50020   0       22.243  1.16925 -1.819360       0       0       
GRID    50021   0       23.0937 1.09216 -1.978280       0       0       
GRID    50022   0       23.9444 0.957087-1.864460       0       0       
GRID    50023   0       23.0937 1.03419 -1.705550       0       0       
GRID    50024   0       22.3166 1.37219 -1.776230       0       0       
GRID    50025   0       23.1209 1.3001  -1.930330       0       0       
GRID    50026   0       23.9253 1.17157 -1.818870       0       0       
GRID    50027   0       23.1209 1.24366 -1.664770       0       0       
GRID    50028   0       22.3901 1.57512 -1.733090       0       0       
GRID    50029   0       23.1481 1.50805 -1.882370       0       0       
GRID    50030   0       23.9062 1.38606 -1.773280       0       0       
GRID    50031   0       23.1481 1.45313 -1.624  0       0       0       
GRID    50032   0       22.4636 1.77805 -1.689960       0       0       
GRID    50033   0       23.1753 1.71599 -1.834420       0       0       
GRID    50034   0       23.8871 1.60054 -1.727690       0       0       
GRID    50035   0       23.1753 1.6626  -1.583230       0       0       
GRID    50036   0       22.5371 1.98098 -1.646830       0       0       
GRID    50037   0       23.2025 1.92394 -1.786470       0       0       
GRID    50038   0       23.868  1.81503 -1.6821 0       0       0       
GRID    50039   0       23.2025 1.87207 -1.542460       0       0       
GRID    50040   0       22.6106 2.18392 -1.603690       0       0       
GRID    50041   0       23.2297 2.13188 -1.738520       0       0       
GRID    50042   0       23.8488 2.02951 -1.636510       0       0       
GRID    50043   0       23.2297 2.08154 -1.501680       0       0       
GRID    50044   0       22.6842 2.38685 -1.560560       0       0       
GRID    50045   0       23.2569 2.33983 -1.690570       0       0       
GRID    50046   0       23.8297 2.244   -1.590920       0       0       
GRID    50047   0       23.2569 2.29101 -1.460910       0       0       
GRID    50048   0       22.7577 2.58978 -1.517420       0       0       
GRID    50049   0       23.2841 2.54778 -1.642610       0       0       
GRID    50050   0       23.8106 2.45848 -1.545330       0       0       
GRID    50051   0       23.2841 2.50049 -1.420140       0       0       
GRID    50052   0       22.8312 2.79271 -1.474290       0       0       
GRID    50053   0       23.3114 2.75572 -1.594660       0       0       
GRID    50054   0       23.7915 2.67297 -1.499740       0       0       
GRID    50055   0       23.3114 2.70996 -1.379370       0       0       
GRID    50056   0       22.9047 2.99565 -1.431150       0       0       
GRID    50057   0       23.3386 2.96367 -1.546710       0       0       
GRID    50058   0       23.7724 2.88745 -1.454150       0       0       
GRID    50059   0       23.3386 2.91943 -1.338590       0       0       
GRID    50060   0       22.8809 3.09706 -1.406750       0       0       
GRID    50061   0       23.3096 3.17651 -1.496240       0       0       
GRID    50062   0       23.7382 3.20869 -1.380980       0       0       
GRID    50063   0       23.3096 3.12924 -1.291490       0       0       
GRID    50064   0       22.8563 3.30896 -1.357830       0       0       
GRID    50065   0       23.2806 3.38755 -1.446170       0       0       
GRID    50066   0       23.7048 3.41945 -1.332320       0       0       
GRID    50067   0       23.2806 3.34087 -1.243980       0       0       
GRID    50068   0       22.8318 3.52087 -1.308910       0       0       
GRID    50069   0       23.2516 3.59858 -1.3961 0       0       0       
GRID    50070   0       23.6714 3.6302  -1.283660       0       0       
GRID    50071   0       23.2516 3.55249 -1.196470       0       0       
GRID    50072   0       22.8072 3.73277 -1.259980       0       0       
GRID    50073   0       23.2226 3.80961 -1.346030       0       0       
GRID    50074   0       23.638  3.84096 -1.235010       0       0       
GRID    50075   0       23.2226 3.76411 -1.148960       0       0       
GRID    50076   0       22.7826 3.94468 -1.211060       0       0       
GRID    50077   0       23.1936 4.02065 -1.295960       0       0       
GRID    50078   0       23.6046 4.05171 -1.186350       0       0       
GRID    50079   0       23.1936 3.97574 -1.101450       0       0       
GRID    50080   0       22.7581 4.15658 -1.162140       0       0       
GRID    50081   0       23.1646 4.23168 -1.245890       0       0       
GRID    50082   0       23.5712 4.26246 -1.137690       0       0       
GRID    50083   0       23.1646 4.18736 -1.053940       0       0       
GRID    50084   0       22.7335 4.36849 -1.113220       0       0       
GRID    50085   0       23.1357 4.44271 -1.195820       0       0       
GRID    50086   0       23.5378 4.47322 -1.089040       0       0       
GRID    50087   0       23.1357 4.39899 -1.006430       0       0       
GRID    50088   0       22.7089 4.58039 -1.0643 0       0       0       
GRID    50089   0       23.1067 4.65375 -1.145750       0       0       
GRID    50090   0       23.5044 4.68397 -1.040380       0       0       
GRID    50091   0       23.1067 4.61061 -0.958920       0       0       
GRID    50092   0       22.6844 4.79229 -1.015370       0       0       
GRID    50093   0       23.0777 4.86478 -1.095680       0       0       
GRID    50094   0       23.471  4.89472 -0.991720       0       0       
GRID    50095   0       23.0777 4.82224 -0.911410       0       0       
GRID    50096   0       22.6598 5.0042  -0.966450       0       0       
GRID    50097   0       23.0487 5.07581 -1.045610       0       0       
GRID    50098   0       23.4376 5.10548 -0.943060       0       0       
GRID    50099   0       23.0487 5.03386 -0.863900       0       0       
GRID    50100   0       22.6352 5.2161  -0.917520       0       0       
GRID    50101   0       23.0197 5.28685 -0.995540       0       0       
GRID    50102   0       23.4042 5.31623 -0.894410       0       0       
GRID    50103   0       23.0197 5.24549 -0.816390       0       0       
GRID    50104   0       22.6107 5.42801 -0.868600       0       0       
GRID    50105   0       22.9907 5.49788 -0.945470       0       0       
GRID    50106   0       23.3708 5.52698 -0.845750       0       0       
GRID    50107   0       22.9907 5.45711 -0.768890       0       0       
GRID    50108   0       22.5861 5.63991 -0.819680       0       0       
GRID    50109   0       22.9618 5.70891 -0.895400       0       0       
GRID    50110   0       23.3374 5.73774 -0.797100       0       0       
GRID    50111   0       22.9618 5.66874 -0.721380       0       0       
GRID    50112   0       22.5616 5.85182 -0.770760       0       0       
GRID    50113   0       22.9328 5.91995 -0.845330       0       0       
GRID    50114   0       23.304  5.94849 -0.748440       0       0       
GRID    50115   0       22.9328 5.88036 -0.673870       0       0       
GRID    50116   0       22.537  6.06372 -0.721840       0       0       
GRID    50117   0       22.9038 6.13098 -0.795260       0       0       
GRID    50118   0       23.2706 6.15924 -0.699780       0       0       
GRID    50119   0       22.9038 6.09199 -0.626360       0       0       
GRID    50120   0       22.5124 6.27562 -0.672910       0       0       
GRID    50121   0       22.8748 6.34201 -0.745190       0       0       
GRID    50122   0       23.2372 6.37    -0.651130       0       0       
GRID    50123   0       22.8748 6.30361 -0.578850       0       0       
GRID    50124   0       22.4879 6.48753 -0.623990       0       0       
GRID    50125   0       22.8458 6.55305 -0.695120       0       0       
GRID    50126   0       23.2038 6.58075 -0.602470       0       0       
GRID    50127   0       22.8458 6.51523 -0.531340       0       0       
GRID    50128   0       22.4633 6.69943 -0.575070       0       0       
GRID    50129   0       22.8168 6.76408 -0.645050       0       0       
GRID    50130   0       23.1704 6.7915  -0.553810       0       0       
GRID    50131   0       22.8168 6.72686 -0.483830       0       0       
GRID    50132   0       22.4387 6.91134 -0.526150       0       0       
GRID    50133   0       22.7879 6.97511 -0.594980       0       0       
GRID    50134   0       23.137  7.00226 -0.505160       0       0       
GRID    50135   0       22.7879 6.93848 -0.436330       0       0       
GRID    50136   0       22.4142 7.12324 -0.477230       0       0       
GRID    50137   0       22.7589 7.18615 -0.544910       0       0       
GRID    50138   0       23.1036 7.21301 -0.456500       0       0       
GRID    50139   0       22.7589 7.15011 -0.388820       0       0       
GRID    50140   0       22.3896 7.33515 -0.428300       0       0       
GRID    50141   0       22.7299 7.39718 -0.494840       0       0       
GRID    50142   0       23.0702 7.42376 -0.407850       0       0       
GRID    50143   0       22.7299 7.36173 -0.341310       0       0       
GRID    50144   0       22.365  7.54705 -0.379380       0       0       
GRID    50145   0       22.7009 7.60821 -0.444770       0       0       
GRID    50146   0       23.0368 7.63452 -0.359190       0       0       
GRID    50147   0       22.7009 7.57336 -0.293800       0       0       
GRID    50148   0       22.3405 7.75896 -0.330460       0       0       
GRID    50149   0       22.6719 7.81925 -0.394700       0       0       
GRID    50150   0       23.0034 7.84527 -0.310530       0       0       
GRID    50151   0       22.6719 7.78498 -0.246290       0       0       
GRID    50152   0       22.3159 7.97086 -0.281540       0       0       
GRID    50153   0       22.6429 8.03028 -0.344630       0       0       
GRID    50154   0       22.97   8.05603 -0.261880       0       0       
GRID    50155   0       22.6429 7.99661 -0.198780       0       0       
GRID    50156   0       22.2913 8.18276 -0.232620       0       0       
GRID    50157   0       22.6139 8.24131 -0.294560       0       0       
GRID    50158   0       22.9366 8.26678 -0.213220       0       0       
GRID    50159   0       22.6139 8.20823 -0.151270       0       0       
GRID    50160   0       22.2668 8.39467 -0.1837 0       0       0       
GRID    50161   0       22.585  8.45235 -0.244490       0       0       
GRID    50162   0       22.9031 8.47753 -0.164560       0       0       
GRID    50163   0       22.585  8.41986 -0.103770       0       0       
GRID    50164   0       22.2422 8.60657 -0.134770       0       0       
GRID    50165   0       22.556  8.66338 -0.194420       0       0       
GRID    50166   0       22.8697 8.68829 -0.115910       0       0       
GRID    50167   0       22.556  8.63148 -0.056260       0       0       
GRID    50168   0       22.2176 8.81848 -0.085850       0       0       
GRID    50169   0       22.527  8.87441 -0.144360       0       0       
GRID    50170   0       22.8363 8.89904 -0.067250       0       0       
GRID    50171   0       22.527  8.8431  -0.008750       0       0       
GRID    50172   0       22.1931 9.03038 -0.036930       0       0       
GRID    50173   0       22.498  9.08545 -0.094290       0       0       
GRID    50174   0       22.8029 9.10979 -0.018600       0       0       
GRID    50175   0       22.498  9.05473 0.0387560       0       0       
GRID    50176   0       22.1685 9.24229 0.0119880       0       0       
GRID    50177   0       22.469  9.29648 -0.044220       0       0       
GRID    50178   0       22.7695 9.32055 0.0300560       0       0       
GRID    50179   0       22.469  9.26635 0.0862640       0       0       
GRID    50180   0       22.1439 9.45419 0.0609100       0       0       
GRID    50181   0       22.44   9.50751 0.0058490       0       0       
GRID    50182   0       22.7361 9.5313  0.0787120       0       0       
GRID    50183   0       22.44   9.47798 0.1337740       0       0       
GRID    50184   0       22.1194 9.66609 0.1098320       0       0       
GRID    50185   0       22.4111 9.71855 0.0559180       0       0       
GRID    50186   0       22.7027 9.74205 0.1273690       0       0       
GRID    50187   0       22.4111 9.6896  0.1812820       0       0       
GRID    50188   0       22.0948 9.878   0.1587540       0       0       
GRID    50189   0       22.3821 9.92958 0.1059880       0       0       
GRID    50190   0       22.6693 9.95281 0.1760250       0       0       
GRID    50191   0       22.3821 9.90123 0.2287910       0       0       
GRID    50192   0       22.0703 10.0899 0.2076760       0       0       
GRID    50193   0       22.3531 10.1406 0.1560580       0       0       
GRID    50194   0       22.6359 10.1636 0.2246810       0       0       
GRID    50195   0       22.3531 10.1129 0.2762990       0       0       
GRID    50196   0       22.0457 10.3018 0.2565980       0       0       
GRID    50197   0       22.3241 10.3516 0.2061280       0       0       
GRID    50198   0       22.6025 10.3743 0.2733380       0       0       
GRID    50199   0       22.3241 10.3245 0.3238080       0       0       
GRID    50200   0       22.0211 10.5137 0.30552 0       0       0       
GRID    50201   0       22.2951 10.5627 0.2561970       0       0       
GRID    50202   0       22.5691 10.5851 0.3219940       0       0       
GRID    50203   0       22.2951 10.5361 0.3713170       0       0       
GRID    50204   0       21.9966 10.7256 0.3544420       0       0       
GRID    50205   0       22.2661 10.7737 0.3062670       0       0       
GRID    50206   0       22.5357 10.7958 0.37065 0       0       0       
GRID    50207   0       22.2661 10.7477 0.4188250       0       0       
GRID    50208   0       21.972  10.9375 0.4033640       0       0       
GRID    50209   0       22.2372 10.9847 0.3563370       0       0       
GRID    50210   0       22.5023 11.0066 0.4193060       0       0       
GRID    50211   0       22.2372 10.9594 0.4663340       0       0       
GRID    50212   0       21.9474 11.1494 0.4522860       0       0       
GRID    50213   0       22.2082 11.1958 0.4064060       0       0       
GRID    50214   0       22.4689 11.2173 0.4679630       0       0       
GRID    50215   0       22.2082 11.171  0.5138430       0       0       
GRID    50216   0       21.9229 11.3613 0.5012080       0       0       
GRID    50217   0       22.1792 11.4068 0.4564760       0       0       
GRID    50218   0       22.4355 11.4281 0.5166190       0       0       
GRID    50219   0       22.1792 11.3826 0.5613510       0       0       
GRID    50220   0       21.8983 11.5732 0.55013 0       0       0       
GRID    50221   0       22.1502 11.6178 0.5065450       0       0       
GRID    50222   0       22.4021 11.6388 0.5652750       0       0       
GRID    50223   0       22.1502 11.5942 0.60886 0       0       0       
GRID    50224   0       21.8737 11.7851 0.5990520       0       0       
GRID    50225   0       22.1212 11.8289 0.5566150       0       0       
GRID    50226   0       22.3687 11.8496 0.6139320       0       0       
GRID    50227   0       22.1212 11.8058 0.6563690       0       0       
GRID    50228   0       21.8492 11.997  0.6479740       0       0       
GRID    50229   0       22.0922 12.0399 0.6066850       0       0       
GRID    50230   0       22.3353 12.0603 0.6625880       0       0       
GRID    50231   0       22.0922 12.0175 0.7038770       0       0       
GRID    50232   0       21.8246 12.2089 0.6968960       0       0       
GRID    50233   0       22.0632 12.2509 0.6567540       0       0       
GRID    50234   0       22.3019 12.2711 0.7112440       0       0       
GRID    50235   0       22.0632 12.2291 0.7513860       0       0       
GRID    50236   0       21.8    12.4209 0.7458180       0       0       
GRID    50237   0       22.0343 12.462  0.7068240       0       0       
GRID    50238   0       22.2685 12.4818 0.7599  0       0       0       
GRID    50239   0       22.0343 12.4407 0.7988950       0       0       
GRID    50240   0       21.7755 12.6328 0.79474 0       0       0       
GRID    50241   0       22.0053 12.673  0.7568940       0       0       
GRID    50242   0       22.2351 12.6926 0.8085570       0       0       
GRID    50243   0       22.0053 12.6523 0.8464030       0       0       
GRID    50244   0       21.7509 12.8447 0.8436620       0       0       
GRID    50245   0       21.9763 12.884  0.8069630       0       0       
GRID    50246   0       22.2017 12.9034 0.8572130       0       0       
GRID    50247   0       21.9763 12.864  0.8939120       0       0       
GRID    50248   0       21.7263 13.0566 0.8925840       0       0       
GRID    50249   0       21.9473 13.0951 0.8570330       0       0       
GRID    50250   0       22.1683 13.1141 0.9058690       0       0       
GRID    50251   0       21.9473 13.0756 0.94142 0       0       0       
GRID    50252   0       21.6978 13.2967 0.9480160       0       0       
GRID    50253   0       21.9183 13.2967 0.9060260       0       0       
GRID    50254   0       22.1388 13.2967 0.9480160       0       0       
GRID    50255   0       21.9183 13.2967 0.9900050       0       0       
RBE0    5000    5000    50000   50001   50002   50003   
RBE0    5001    5001    50004   50005   50006   50007   
RBE0    5002    5002    50008   50009   50010   50011   
RBE0    5003    5003    50012   50013   50014   50015   
RBE0    5004    5004    50016   50017   50018   50019   
RBE0    5005    5005    50020   50021   50022   50023   
RBE0    5006    5006    50024   50025   50026   50027   
RBE0    5007    5007    50028   50029   50030   50031   
RBE0    5008    5008    50032   50033   50034   50035   
RBE0    5009    5009    50036   50037   50038   50039   
RBE0    5010    5010    50040   50041   50042   50043   
RBE0    5011    5011    50044   50045   50046   50047   
RBE0    5012    5012    50048   50049   50050   50051   
RBE0    5013    5013    50052   50053   50054   50055   
RBE0    5014    5014    50056   50057   50058   50059   
RBE0    5015    5015    50060   50061   50062   50063   
RBE0    5016    5016    50064   50065   50066   50067   
RBE0    5017    5017    50068   50069   50070   50071   
RBE0    5018    5018    50072   50073   50074   50075   
RBE0    5019    5019    50076   50077   50078   50079   
RBE0    5020    5020    50080   50081   50082   50083   
RBE0    5021    5021    50084   50085   50086   50087   
RBE0    5022    5022    50088   50089   50090   50091   
RBE0    5023    5023    50092   50093   50094   50095   
RBE0    5024    5024    50096   50097   50098   50099   
RBE0    5025    5025    50100   50101   50102   50103   
RBE0    5026    5026    50104   50105   50106   50107   
RBE0    5027    5027    50108   50109   50110   50111   
RBE0    5028    5028    50112   50113   50114   50115   
RBE0    5029    5029    50116   50117   50118   50119   
RBE0    5030    5030    50120   50121   50122   50123   
RBE0    5031    5031    50124   50125   50126   50127   
RBE0    5032    5032    50128   50129   50130   50131   
RBE0    5033    5033    50132   50133   50134   50135   
RBE0    5034    5034    50136   50137   50138   50139   
RBE0    5035    5035    50140   50141   50142   50143   
RBE0    5036    5036    50144   50145   50146   50147   
RBE0    5037    5037    50148   50149   50150   50151   
RBE0    5038    5038    50152   50153   50154   50155   
RBE0    5039    5039    50156   50157   50158   50159   
RBE0    5040    5040    50160   50161   50162   50163   
RBE0    5041    5041    50164   50165   50166   50167   
RBE0    5042    5042    50168   50169   50170   50171   
RBE0    5043    5043    50172   50173   50174   50175   
RBE0    5044    5044    50176   50177   50178   50179   
RBE0    5045    5045    50180   50181   50182   50183   
RBE0    5046    5046    50184   50185   50186   50187   
RBE0    5047    5047    50188   50189   50190   50191   
RBE0    5048    5048    50192   50193   50194   50195   
RBE0    5049    5049    50196   50197   50198   50199   
RBE0    5050    5050    50200   50201   50202   50203   
RBE0    5051    5051    50204   50205   50206   50207   
RBE0    5052    5052    50208   50209   50210   50211   
RBE0    5053    5053    50212   50213   50214   50215   
RBE0    5054    5054    50216   50217   50218   50219   
RBE0    5055    5055    50220   50221   50222   50223   
RBE0    5056    5056    50224   50225   50226   50227   
RBE0    5057    5057    50228   50229   50230   50231   
RBE0    5058    5058    50232   50233   50234   50235   
RBE0    5059    5059    50236   50237   50238   50239   
RBE0    5060    5060    50240   50241   50242   50243   
RBE0    5061    5061    50244   50245   50246   50247   
RBE0    5062    5062    50248   50249   50250   50251   
RBE0    5063    5063    50252   50253   50254   50255   
GRID    50260   0       22.006  -0.21852-1.975  0       0       0       
GRID    50261   0       23.0121 -0.21852-2.125420       0       0       
GRID    50262   0       24.0182 -0.21852-1.975  0       0       0       
GRID    50263   0       23.0121 -0.21852-1.824580       0       0       
GRID    50264   0       22.0145 -0.43704-1.975  0       0       0       
GRID    50265   0       23.0121 -0.43704-2.125420       0       0       
GRID    50266   0       24.0098 -0.43704-1.975  0       0       0       
GRID    50267   0       23.0121 -0.43704-1.824580       0       0       
GRID    50268   0       22.096  -0.76339-1.905630       0       0       
GRID    50269   0       23.0393 -0.67626-2.074180       0       0       
GRID    50270   0       23.9827 -0.52811-1.955640       0       0       
GRID    50271   0       23.0393 -0.61524-1.787090       0       0       
GRID    50272   0       22.1695 -0.96632-1.8625 0       0       0       
GRID    50273   0       23.0665 -0.88421-2.026230       0       0       
GRID    50274   0       23.9636 -0.74260-1.910050       0       0       
GRID    50275   0       23.0665 -0.82471-1.746320       0       0       
GRID    50276   0       22.243  -1.16925-1.819360       0       0       
GRID    50277   0       23.0937 -1.09216-1.978280       0       0       
GRID    50278   0       23.9444 -0.95708-1.864460       0       0       
GRID    50279   0       23.0937 -1.03419-1.705550       0       0       
GRID    50280   0       22.3166 -1.37219-1.776230       0       0       
GRID    50281   0       23.1209 -1.3001 -1.930330       0       0       
GRID    50282   0       23.9253 -1.17157-1.818870       0       0       
GRID    50283   0       23.1209 -1.24366-1.664770       0       0       
GRID    50284   0       22.3901 -1.57512-1.733090       0       0       
GRID    50285   0       23.1481 -1.50805-1.882370       0       0       
GRID    50286   0       23.9062 -1.38606-1.773280       0       0       
GRID    50287   0       23.1481 -1.45313-1.624  0       0       0       
GRID    50288   0       22.4636 -1.77805-1.689960       0       0       
GRID    50289   0       23.1753 -1.71599-1.834420       0       0       
GRID    50290   0       23.8871 -1.60054-1.727690       0       0       
GRID    50291   0       23.1753 -1.6626 -1.583230       0       0       
GRID    50292   0       22.5371 -1.98098-1.646830       0       0       
GRID    50293   0       23.2025 -1.92394-1.786470       0       0       
GRID    50294   0       23.868  -1.81503-1.6821 0       0       0       
GRID    50295   0       23.2025 -1.87207-1.542460       0       0       
GRID    50296   0       22.6106 -2.18392-1.603690       0       0       
GRID    50297   0       23.2297 -2.13188-1.738520       0       0       
GRID    50298   0       23.8488 -2.02951-1.636510       0       0       
GRID    50299   0       23.2297 -2.08154-1.501680       0       0       
GRID    50300   0       22.6842 -2.38685-1.560560       0       0       
GRID    50301   0       23.2569 -2.33983-1.690570       0       0       
GRID    50302   0       23.8297 -2.244  -1.590920       0       0       
GRID    50303   0       23.2569 -2.29101-1.460910       0       0       
GRID    50304   0       22.7577 -2.58978-1.517420       0       0       
GRID    50305   0       23.2841 -2.54778-1.642610       0       0       
GRID    50306   0       23.8106 -2.45848-1.545330       0       0       
GRID    50307   0       23.2841 -2.50049-1.420140       0       0       
GRID    50308   0       22.8312 -2.79271-1.474290       0       0       
GRID    50309   0       23.3114 -2.75572-1.594660       0       0       
GRID    50310   0       23.7915 -2.67297-1.499740       0       0       
GRID    50311   0       23.3114 -2.70996-1.379370       0       0       
GRID    50312   0       22.9047 -2.99565-1.431150       0       0       
GRID    50313   0       23.3386 -2.96367-1.546710       0       0       
GRID    50314   0       23.7724 -2.88745-1.454150       0       0       
GRID    50315   0       23.3386 -2.91943-1.338590       0       0       
GRID    50316   0       22.8809 -3.09706-1.406750       0       0       
GRID    50317   0       23.3096 -3.17651-1.496240       0       0       
GRID    50318   0       23.7382 -3.20869-1.380980       0       0       
GRID    50319   0       23.3096 -3.12924-1.291490       0       0       
GRID    50320   0       22.8563 -3.30896-1.357830       0       0       
GRID    50321   0       23.2806 -3.38755-1.446170       0       0       
GRID    50322   0       23.7048 -3.41945-1.332320       0       0       
GRID    50323   0       23.2806 -3.34087-1.243980       0       0       
GRID    50324   0       22.8318 -3.52087-1.308910       0       0       
GRID    50325   0       23.2516 -3.59858-1.3961 0       0       0       
GRID    50326   0       23.6714 -3.6302 -1.283660       0       0       
GRID    50327   0       23.2516 -3.55249-1.196470       0       0       
GRID    50328   0       22.8072 -3.73277-1.259980       0       0       
GRID    50329   0       23.2226 -3.80961-1.346030       0       0       
GRID    50330   0       23.638  -3.84096-1.235010       0       0       
GRID    50331   0       23.2226 -3.76411-1.148960       0       0       
GRID    50332   0       22.7826 -3.94468-1.211060       0       0       
GRID    50333   0       23.1936 -4.02065-1.295960       0       0       
GRID    50334   0       23.6046 -4.05171-1.186350       0       0       
GRID    50335   0       23.1936 -3.97574-1.101450       0       0       
GRID    50336   0       22.7581 -4.15658-1.162140       0       0       
GRID    50337   0       23.1646 -4.23168-1.245890       0       0       
GRID    50338   0       23.5712 -4.26246-1.137690       0       0       
GRID    50339   0       23.1646 -4.18736-1.053940       0       0       
GRID    50340   0       22.7335 -4.36849-1.113220       0       0       
GRID    50341   0       23.1357 -4.44271-1.195820       0       0       
GRID    50342   0       23.5378 -4.47322-1.089040       0       0       
GRID    50343   0       23.1357 -4.39899-1.006430       0       0       
GRID    50344   0       22.7089 -4.58039-1.0643 0       0       0       
GRID    50345   0       23.1067 -4.65375-1.145750       0       0       
GRID    50346   0       23.5044 -4.68397-1.040380       0       0       
GRID    50347   0       23.1067 -4.61061-0.958920       0       0       
GRID    50348   0       22.6844 -4.79229-1.015370       0       0       
GRID    50349   0       23.0777 -4.86478-1.095680       0       0       
GRID    50350   0       23.471  -4.89472-0.991720       0       0       
GRID    50351   0       23.0777 -4.82224-0.911410       0       0       
GRID    50352   0       22.6598 -5.0042 -0.966450       0       0       
GRID    50353   0       23.0487 -5.07581-1.045610       0       0       
GRID    50354   0       23.4376 -5.10548-0.943060       0       0       
GRID    50355   0       23.0487 -5.03386-0.863900       0       0       
GRID    50356   0       22.6352 -5.2161 -0.917520       0       0       
GRID    50357   0       23.0197 -5.28685-0.995540       0       0       
GRID    50358   0       23.4042 -5.31623-0.894410       0       0       
GRID    50359   0       23.0197 -5.24549-0.816390       0       0       
GRID    50360   0       22.6107 -5.42801-0.868600       0       0       
GRID    50361   0       22.9907 -5.49788-0.945470       0       0       
GRID    50362   0       23.3708 -5.52698-0.845750       0       0       
GRID    50363   0       22.9907 -5.45711-0.768890       0       0       
GRID    50364   0       22.5861 -5.63991-0.819680       0       0       
GRID    50365   0       22.9618 -5.70891-0.895400       0       0       
GRID    50366   0       23.3374 -5.73774-0.797100       0       0       
GRID    50367   0       22.9618 -5.66874-0.721380       0       0       
GRID    50368   0       22.5616 -5.85182-0.770760       0       0       
GRID    50369   0       22.9328 -5.91995-0.845330       0       0       
GRID    50370   0       23.304  -5.94849-0.748440       0       0       
GRID    50371   0       22.9328 -5.88036-0.673870       0       0       
GRID    50372   0       22.537  -6.06372-0.721840       0       0       
GRID    50373   0       22.9038 -6.13098-0.795260       0       0       
GRID    50374   0       23.2706 -6.15924-0.699780       0       0       
GRID    50375   0       22.9038 -6.09199-0.626360       0       0       
GRID    50376   0       22.5124 -6.27562-0.672910       0       0       
GRID    50377   0       22.8748 -6.34201-0.745190       0       0       
GRID    50378   0       23.2372 -6.37   -0.651130       0       0       
GRID    50379   0       22.8748 -6.30361-0.578850       0       0       
GRID    50380   0       22.4879 -6.48753-0.623990       0       0       
GRID    50381   0       22.8458 -6.55305-0.695120       0       0       
GRID    50382   0       23.2038 -6.58075-0.602470       0       0       
GRID    50383   0       22.8458 -6.51523-0.531340       0       0       
GRID    50384   0       22.4633 -6.69943-0.575070       0       0       
GRID    50385   0       22.8168 -6.76408-0.645050       0       0       
GRID    50386   0       23.1704 -6.7915 -0.553810       0       0       
GRID    50387   0       22.8168 -6.72686-0.483830       0       0       
GRID    50388   0       22.4387 -6.91134-0.526150       0       0       
GRID    50389   0       22.7879 -6.97511-0.594980       0       0       
GRID    50390   0       23.137  -7.00226-0.505160       0       0       
GRID    50391   0       22.7879 -6.93848-0.436330       0       0       
GRID    50392   0       22.4142 -7.12324-0.477230       0       0       
GRID    50393   0       22.7589 -7.18615-0.544910       0       0       
GRID    50394   0       23.1036 -7.21301-0.456500       0       0       
GRID    50395   0       22.7589 -7.15011-0.388820       0       0       
GRID    50396   0       22.3896 -7.33515-0.428300       0       0       
GRID    50397   0       22.7299 -7.39718-0.494840       0       0       
GRID    50398   0       23.0702 -7.42376-0.407850       0       0       
GRID    50399   0       22.7299 -7.36173-0.341310       0       0       
GRID    50400   0       22.365  -7.54705-0.379380       0       0       
GRID    50401   0       22.7009 -7.60821-0.444770       0       0       
GRID    50402   0       23.0368 -7.63452-0.359190       0       0       
GRID    50403   0       22.7009 -7.57336-0.293800       0       0       
GRID    50404   0       22.3405 -7.75896-0.330460       0       0       
GRID    50405   0       22.6719 -7.81925-0.394700       0       0       
GRID    50406   0       23.0034 -7.84527-0.310530       0       0       
GRID    50407   0       22.6719 -7.78498-0.246290       0       0       
GRID    50408   0       22.3159 -7.97086-0.281540       0       0       
GRID    50409   0       22.6429 -8.03028-0.344630       0       0       
GRID    50410   0       22.97   -8.05603-0.261880       0       0       
GRID    50411   0       22.6429 -7.99661-0.198780       0       0       
GRID    50412   0       22.2913 -8.18276-0.232620       0       0       
GRID    50413   0       22.6139 -8.24131-0.294560       0       0       
GRID    50414   0       22.9366 -8.26678-0.213220       0       0       
GRID    50415   0       22.6139 -8.20823-0.151270       0       0       
GRID    50416   0       22.2668 -8.39467-0.1837 0       0       0       
GRID    50417   0       22.585  -8.45235-0.244490       0       0       
GRID    50418   0       22.9031 -8.47753-0.164560       0       0       
GRID    50419   0       22.585  -8.41986-0.103770       0       0       
GRID    50420   0       22.2422 -8.60657-0.134770       0       0       
GRID    50421   0       22.556  -8.66338-0.194420       0       0       
GRID    50422   0       22.8697 -8.68829-0.115910       0       0       
GRID    50423   0       22.556  -8.63148-0.056260       0       0       
GRID    50424   0       22.2176 -8.81848-0.085850       0       0       
GRID    50425   0       22.527  -8.87441-0.144360       0       0       
GRID    50426   0       22.8363 -8.89904-0.067250       0       0       
GRID    50427   0       22.527  -8.8431 -0.008750       0       0       
GRID    50428   0       22.1931 -9.03038-0.036930       0       0       
GRID    50429   0       22.498  -9.08545-0.094290       0       0       
GRID    50430   0       22.8029 -9.10979-0.018600       0       0       
GRID    50431   0       22.498  -9.054730.0387560       0       0       
GRID    50432   0       22.1685 -9.242290.0119880       0       0       
GRID    50433   0       22.469  -9.29648-0.044220       0       0       
GRID    50434   0       22.7695 -9.320550.0300560       0       0       
GRID    50435   0       22.469  -9.266350.0862640       0       0       
GRID    50436   0       22.1439 -9.454190.0609100       0       0       
GRID    50437   0       22.44   -9.507510.0058490       0       0       
GRID    50438   0       22.7361 -9.5313 0.0787120       0       0       
GRID    50439   0       22.44   -9.477980.1337740       0       0       
GRID    50440   0       22.1194 -9.666090.1098320       0       0       
GRID    50441   0       22.4111 -9.718550.0559180       0       0       
GRID    50442   0       22.7027 -9.742050.1273690       0       0       
GRID    50443   0       22.4111 -9.6896 0.1812820       0       0       
GRID    50444   0       22.0948 -9.878  0.1587540       0       0       
GRID    50445   0       22.3821 -9.929580.1059880       0       0       
GRID    50446   0       22.6693 -9.952810.1760250       0       0       
GRID    50447   0       22.3821 -9.901230.2287910       0       0       
GRID    50448   0       22.0703 -10.08990.2076760       0       0       
GRID    50449   0       22.3531 -10.14060.1560580       0       0       
GRID    50450   0       22.6359 -10.16360.2246810       0       0       
GRID    50451   0       22.3531 -10.11290.2762990       0       0       
GRID    50452   0       22.0457 -10.30180.2565980       0       0       
GRID    50453   0       22.3241 -10.35160.2061280       0       0       
GRID    50454   0       22.6025 -10.37430.2733380       0       0       
GRID    50455   0       22.3241 -10.32450.3238080       0       0       
GRID    50456   0       22.0211 -10.51370.30552 0       0       0       
GRID    50457   0       22.2951 -10.56270.2561970       0       0       
GRID    50458   0       22.5691 -10.58510.3219940       0       0       
GRID    50459   0       22.2951 -10.53610.3713170       0       0       
GRID    50460   0       21.9966 -10.72560.3544420       0       0       
GRID    50461   0       22.2661 -10.77370.3062670       0       0       
GRID    50462   0       22.5357 -10.79580.37065 0       0       0       
GRID    50463   0       22.2661 -10.74770.4188250       0       0       
GRID    50464   0       21.972  -10.93750.4033640       0       0       
GRID    50465   0       22.2372 -10.98470.3563370       0       0       
GRID    50466   0       22.5023 -11.00660.4193060       0       0       
GRID    50467   0       22.2372 -10.95940.4663340       0       0       
GRID    50468   0       21.9474 -11.14940.4522860       0       0       
GRID    50469   0       22.2082 -11.19580.4064060       0       0       
GRID    50470   0       22.4689 -11.21730.4679630       0       0       
GRID    50471   0       22.2082 -11.171 0.5138430       0       0       
GRID    50472   0       21.9229 -11.36130.5012080       0       0       
GRID    50473   0       22.1792 -11.40680.4564760       0       0       
GRID    50474   0       22.4355 -11.42810.5166190       0       0       
GRID    50475   0       22.1792 -11.38260.5613510       0       0       
GRID    50476   0       21.8983 -11.57320.55013 0       0       0       
GRID    50477   0       22.1502 -11.61780.5065450       0       0       
GRID    50478   0       22.4021 -11.63880.5652750       0       0       
GRID    50479   0       22.1502 -11.59420.60886 0       0       0       
GRID    50480   0       21.8737 -11.78510.5990520       0       0       
GRID    50481   0       22.1212 -11.82890.5566150       0       0       
GRID    50482   0       22.3687 -11.84960.6139320       0       0       
GRID    50483   0       22.1212 -11.80580.6563690       0       0       
GRID    50484   0       21.8492 -11.997 0.6479740       0       0       
GRID    50485   0       22.0922 -12.03990.6066850       0       0       
GRID    50486   0       22.3353 -12.06030.6625880       0       0       
GRID    50487   0       22.0922 -12.01750.7038770       0       0       
GRID    50488   0       21.8246 -12.20890.6968960       0       0       
GRID    50489   0       22.0632 -12.25090.6567540       0       0       
GRID    50490   0       22.3019 -12.27110.7112440       0       0       
GRID    50491   0       22.0632 -12.22910.7513860       0       0       
GRID    50492   0       21.8    -12.42090.7458180       0       0       
GRID    50493   0       22.0343 -12.462 0.7068240       0       0       
GRID    50494   0       22.2685 -12.48180.7599  0       0       0       
GRID    50495   0       22.0343 -12.44070.7988950       0       0       
GRID    50496   0       21.7755 -12.63280.79474 0       0       0       
GRID    50497   0       22.0053 -12.673 0.7568940       0       0       
GRID    50498   0       22.2351 -12.69260.8085570       0       0       
GRID    50499   0       22.0053 -12.65230.8464030       0       0       
GRID    50500   0       21.7509 -12.84470.8436620       0       0       
GRID    50501   0       21.9763 -12.884 0.8069630       0       0       
GRID    50502   0       22.2017 -12.90340.8572130       0       0       
GRID    50503   0       21.9763 -12.864 0.8939120       0       0       
GRID    50504   0       21.7263 -13.05660.8925840       0       0       
GRID    50505   0       21.9473 -13.09510.8570330       0       0       
GRID    50506   0       22.1683 -13.11410.9058690       0       0       
GRID    50507   0       21.9473 -13.07560.94142 0       0       0       
GRID    50508   0       21.6978 -13.29670.9480160       0       0       
GRID    50509   0       21.9183 -13.29670.9060260       0       0       
GRID    50510   0       22.1388 -13.29670.9480160       0       0       
GRID    50511   0       21.9183 -13.29670.9900050       0       0       
RBE0    5064    5064    50260   50261   50262   50263   
RBE0    5065    5065    50264   50265   50266   50267   
RBE0    5066    5066    50268   50269   50270   50271   
RBE0    5067    5067    50272   50273   50274   50275   
RBE0    5068    5068    50276   50277   50278   50279   
RBE0    5069    5069    50280   50281   50282   50283   
RBE0    5070    5070    50284   50285   50286   50287   
RBE0    5071    5071    50288   50289   50290   50291   
RBE0    5072    5072    50292   50293   50294   50295   
RBE0    5073    5073    50296   50297   50298   50299   
RBE0    5074    5074    50300   50301   50302   50303   
RBE0    5075    5075    50304   50305   50306   50307   
RBE0    5076    5076    50308   50309   50310   50311   
RBE0    5077    5077    50312   50313   50314   50315   
RBE0    5078    5078    50316   50317   50318   50319   
RBE0    5079    5079    50320   50321   50322   50323   
RBE0    5080    5080    50324   50325   50326   50327   
RBE0    5081    5081    50328   50329   50330   50331   
RBE0    5082    5082    50332   50333   50334   50335   
RBE0    5083    5083    50336   50337   50338   50339   
RBE0    5084    5084    50340   50341   50342   50343   
RBE0    5085    5085    50344   50345   50346   50347   
RBE0    5086    5086    50348   50349   50350   50351   
RBE0    5087    5087    50352   50353   50354   50355   
RBE0    5088    5088    50356   50357   50358   50359   
RBE0    5089    5089    50360   50361   50362   50363   
RBE0    5090    5090    50364   50365   50366   50367   
RBE0    5091    5091    50368   50369   50370   50371   
RBE0    5092    5092    50372   50373   50374   50375   
RBE0    5093    5093    50376   50377   50378   50379   
RBE0    5094    5094    50380   50381   50382   50383   
RBE0    5095    5095    50384   50385   50386   50387   
RBE0    5096    5096    50388   50389   50390   50391   
RBE0    5097    5097    50392   50393   50394   50395   
RBE0    5098    5098    50396   50397   50398   50399   
RBE0    5099    5099    50400   50401   50402   50403   
RBE0    5100    5100    50404   50405   50406   50407   
RBE0    5101    5101    50408   50409   50410   50411   
RBE0    5102    5102    50412   50413   50414   50415   
RBE0    5103    5103    50416   50417   50418   50419   
RBE0    5104    5104    50420   50421   50422   50423   
RBE0    5105    5105    50424   50425   50426   50427   
RBE0    5106    5106    50428   50429   50430   50431   
RBE0    5107    5107    50432   50433   50434   50435   
RBE0    5108    5108    50436   50437   50438   50439   
RBE0    5109    5109    50440   50441   50442   50443   
RBE0    5110    5110    50444   50445   50446   50447   
RBE0    5111    5111    50448   50449   50450   50451   
RBE0    5112    5112    50452   50453   50454   50455   
RBE0    5113    5113    50456   50457   50458   50459   
RBE0    5114    5114    50460   50461   50462   50463   
RBE0    5115    5115    50464   50465   50466   50467   
RBE0    5116    5116    50468   50469   50470   50471   
RBE0    5117    5117    50472   50473   50474   50475   
RBE0    5118    5118    50476   50477   50478   50479   
RBE0    5119    5119    50480   50481   50482   50483   
RBE0    5120    5120    50484   50485   50486   50487   
RBE0    5121    5121    50488   50489   50490   50491   
RBE0    5122    5122    50492   50493   50494   50495   
RBE0    5123    5123    50496   50497   50498   50499   
RBE0    5124    5124    50500   50501   50502   50503   
RBE0    5125    5125    50504   50505   50506   50507   
RBE0    5126    5126    50508   50509   50510   50511   

$-------2-------3-------4-------5-------6-------7-------8-------9-------10
$ Beam properties
$-------2-------3-------4-------5-------6-------7-------8-------9-------10
PBAR    1000    100     0.0216300.0015440.0015440.003088293.755 
                                                                        
PBAR    1001    100     0.0545130.0247170.0247170.049434289.814 
                                                                        
PBAR    1002    100     0.0743440.0626950.0626950.12539 285.704 
                                                                        
PBAR    1003    100     0.0908640.1144650.1144650.228931327.348 
                                                                        
PBAR    1004    100     0.1056820.1800940.1800940.360188406.64  
                                                                        
PBAR    1005    100     0.1126870.2183280.2183280.436656298.972 
                                                                        
PBAR    1006    100     0.1130570.2204850.2204850.440971285.282 
                                                                        
PBAR    1007    100     0.1132320.2215120.2215120.443024280.819 
                                                                        
PBAR    1008    100     0.1134070.2225410.2225410.445081276.357 
                                                                        
PBAR    1009    100     0.1135820.2235710.2235710.447141271.894 
                                                                        
PBAR    1010    100     0.1137560.2246020.2246020.449204267.432 
                                                                        
PBAR    1011    100     0.11393 0.2256350.2256350.451271262.969 
                                                                        
PBAR    1012    100     0.1141040.22667 0.22667 0.45334 258.507 
                                                                        
PBAR    1013    100     0.1142780.2277060.2277060.455413254.044 
                                                                        
PBAR    1014    100     0.1144510.2287440.2287440.457489249.582 
                                                                        
PBAR    1015    100     0.1146240.2297840.2297840.459568245.119 
                                                                        
PBAR    1016    100     0.1147970.2308250.2308250.46165 240.657 
                                                                        
PBAR    1017    100     0.11497 0.2318680.2318680.463735236.194 
                                                                        
PBAR    1018    100     0.1151420.2329120.2329120.465824231.731 
                                                                        
PBAR    1019    100     0.1152840.2337730.2337730.467545351.59  
                                                                        
PBAR    1020    100     0.1154290.2346560.2346560.469312197.785 
                                                                        
PBAR    1021    100     0.1155340.2353  0.2353  0.470599179.902 
                                                                        
PBAR    1022    100     0.1155340.2353  0.2353  0.470599213.877 
                                                                        
PBAR    1023    100     0.1155340.2353  0.2353  0.470599209.412 
                                                                        
PBAR    1024    100     0.1155340.2353  0.2353  0.470599204.948 
                                                                        
PBAR    1025    100     0.1155340.2353  0.2353  0.470599235.719 
                                                                        
PBAR    1026    100     0.1155340.2353  0.2353  0.470599171.108 
                                                                        
PBAR    1027    100     0.1155340.2353  0.2353  0.470599191.553 
                                                                        
PBAR    1028    100     0.1155340.2353  0.2353  0.470599187.088 
                                                                        
PBAR    1029    100     0.1155340.2353  0.2353  0.470599182.623 
                                                                        
PBAR    1030    100     0.1155340.2353  0.2353  0.470599178.159 
                                                                        
PBAR    1031    100     0.1155340.2353  0.2353  0.470599173.694 
                                                                        
PBAR    1032    100     0.1155340.2353  0.2353  0.470599169.229 
                                                                        
PBAR    1033    100     0.1155340.2353  0.2353  0.470599164.764 
                                                                        
PBAR    1034    100     0.1155340.2353  0.2353  0.470599160.299 
                                                                        
PBAR    1035    100     0.1155340.2353  0.2353  0.470599155.835 
                                                                        
PBAR    1036    100     0.1149210.2315720.2315720.463144285.336 
                                                                        
PBAR    1037    100     0.11188 0.2136740.2136740.42734994.675  
                                                                        
PBAR    1038    100     0.1055470.1794010.1794010.358801132.646 
                                                                        
PBAR    1039    100     0.1002030.1535070.1535070.307013128.209 
                                                                        
PBAR    1040    100     0.0946330.1293080.1293080.258615123.769 
                                                                        
PBAR    1041    100     0.0876550.1027610.1027610.20552286.1294 
                                                                        
PBAR    1042    100     0.0814550.0824620.0824620.164925184.185 
                                                                        
PBAR    1043    100     0.0761710.0674310.0674310.134863110.427 
                                                                        
PBAR    1044    100     0.0692170.0505980.0505980.101198105.969 
                                                                        
PBAR    1045    100     0.0616900.0358210.0358210.071642101.503 
                                                                        
PBAR    1046    100     0.0533870.0232170.0232170.04643597.0278 
                                                                        
PBAR    1047    100     0.0439370.0129420.0129420.02588492.5371 
                                                                        
PBAR    1048    100     0.0325400.0052570.0052570.01051588.0211 
                                                                        
PBAR    1049    100     0.0129760.0003330.0003330.00066784.0706 
                                                                        
PBAR    2000    200     0.1732410.0025450.0325390.0079790.186028
                                                                        
PBAR    2001    200     0.1679170.0024650.0297430.0076660.186028
                                                                        
PBAR    2002    200     0.1623360.0023740.0269920.0073220.714654
                                                                        
PBAR    2003    200     0.16182 0.0023540.0267580.0072590.712586
                                                                        
PBAR    2004    200     0.1613040.0023330.0265260.0071960.710519
                                                                        
PBAR    2005    200     0.1607870.0023130.0262950.0071330.708452
                                                                        
PBAR    2006    200     0.1602710.0022930.0260650.0070710.706385
                                                                        
PBAR    2007    200     0.1597550.0022730.0258370.0070090.704318
                                                                        
PBAR    2008    200     0.1592390.0022530.0256100.0069480.702251
                                                                        
PBAR    2009    200     0.1587220.0022330.0253850.0068860.700183
                                                                        
PBAR    2010    200     0.1582060.0022130.0251610.0068260.698116
                                                                        
PBAR    2011    200     0.15769 0.0021930.0249380.0067650.696049
                                                                        
PBAR    2012    200     0.1571740.0021740.0247160.0067050.693982
                                                                        
PBAR    2013    200     0.1566580.0021550.0244960.0066450.691915
                                                                        
PBAR    2014    200     0.1561410.0021350.0242770.0065860.689848
                                                                        
PBAR    2015    200     0.1556250.0021160.0240600.0065270.68778 
                                                                        
PBAR    2016    200     0.1551090.0020970.0238430.0064680.685713
                                                                        
PBAR    2017    200     0.1545930.0020780.0236280.0064100.683646
                                                                        
PBAR    2018    200     0.1540760.0020590.0234150.0063520.681579
                                                                        
PBAR    2019    200     0.15356 0.0020410.0232020.0062940.651786
                                                                        
PBAR    2020    200     0.1530440.0020220.0229910.0062370.649803
                                                                        
PBAR    2021    200     0.1525280.0020040.0227810.0061800.64782 
                                                                        
PBAR    2022    200     0.1520120.0019850.0225730.0061230.645837
                                                                        
PBAR    2023    200     0.1514950.0019670.0223660.0060670.643855
                                                                        
PBAR    2024    200     0.1509790.0019490.02216 0.0060110.641872
                                                                        
PBAR    2025    200     0.1504630.0019310.0219550.0059560.639889
                                                                        
PBAR    2026    200     0.1499470.0019130.0217510.0059010.637906
                                                                        
PBAR    2027    200     0.14943 0.0018950.0215490.0058460.635923
                                                                        
PBAR    2028    200     0.1489140.0018780.0213480.0057910.63394 
                                                                        
PBAR    2029    200     0.1483980.0018600.0211480.0057370.631958
                                                                        
PBAR    2030    200     0.1478820.0018430.0209500.0056830.629975
                                                                        
PBAR    2031    200     0.1473660.0018250.0207530.0056300.627992
                                                                        
PBAR    2032    200     0.1468490.0018080.0205570.0055770.626009
                                                                        
PBAR    2033    200     0.1463330.0017910.0203620.0055240.624026
                                                                        
PBAR    2034    200     0.1458170.0017740.0201690.0054710.622044
                                                                        
PBAR    2035    200     0.1453010.0017570.0199760.0054190.620061
                                                                        
PBAR    2036    200     0.1447850.0017400.0197850.0053670.618078
                                                                        
PBAR    2037    200     0.1442680.0017230.0195960.0053160.616095
                                                                        
PBAR    2038    200     0.1437520.0017070.0194070.0052650.614112
                                                                        
PBAR    2039    200     0.1432360.0016900.0192200.0052140.612129
                                                                        
PBAR    2040    200     0.14272 0.0016740.0190330.0051630.610147
                                                                        
PBAR    2041    200     0.1422030.0016580.0188480.0051130.608164
                                                                        
PBAR    2042    200     0.1416870.0016420.0186650.0050630.606181
                                                                        
PBAR    2043    200     0.1411710.0016250.0184820.0050140.604198
                                                                        
PBAR    2044    200     0.1406550.0016100.0183010.0049650.602215
                                                                        
PBAR    2045    200     0.1401390.0015940.0181210.0049160.600233
                                                                        
PBAR    2046    200     0.1396220.0015780.0179420.0048670.59825 
                                                                        
PBAR    2047    200     0.1391060.0015620.0177640.0048190.596267
                                                                        
PBAR    2048    200     0.1380740.0015270.0174160.0047110.60275 
                                                                        
PBAR    2049    200     0.13627 0.0014690.0168170.0045360.594718
                                                                        
PBAR    2050    200     0.1342120.0014100.0161450.0043550.586685
                                                                        
PBAR    2051    200     0.1321540.0013530.0154910.0041780.578653
                                                                        
PBAR    2052    200     0.1300960.0012980.0148550.0040070.570621
                                                                        
PBAR    2053    200     0.1280370.0012440.0142360.0038400.562589
                                                                        
PBAR    2054    200     0.1259790.0011910.0136350.0036780.554557
                                                                        
PBAR    2055    200     0.1239210.0011400.0130510.0035200.546525
                                                                        
PBAR    2056    200     0.1218620.0010900.0124840.0033670.538493
                                                                        
PBAR    2057    200     0.1198040.0010420.0119340.0032190.530461
                                                                        
PBAR    2058    200     0.1177460.0009960.0114000.0030750.522429
                                                                        
PBAR    2059    200     0.1156880.0009500.0108820.0029350.514397
                                                                        
PBAR    2060    200     0.1136290.0009070.0103800.0028000.506365
                                                                        
PBAR    2061    200     0.1115710.0008640.0098940.0026680.498332
                                                                        
PBAR    2062    200     0.1095130.0008230.0094230.0025410.4903  
                                                                        
PBAR    2063    200     0.1074550.0007830.0089670.0024190.482268
                                                                        
PBAR    2064    200     0.1053960.0007450.0085270.0023000.474236
                                                                        
PBAR    2065    200     0.1033650.0007080.0081060.0021860.466347
                                                                        
PBAR    2066    200     0.1013570.0006730.0077040.0020780.458498
                                                                        
PBAR    2067    200     0.0993450.0006390.0073160.0019730.45065 
                                                                        
PBAR    2068    200     0.0973340.0006060.0069400.0018710.442801
                                                                        
PBAR    2069    200     0.0953230.0005740.0065770.0017740.434952
                                                                        
PBAR    2070    200     0.0933120.0005440.0062280.0016790.427104
                                                                        
PBAR    2071    200     0.0913000.0005140.0058910.0015880.419255
                                                                        
PBAR    2072    200     0.0892890.0004860.0055660.0015010.411406
                                                                        
PBAR    2073    200     0.0872780.0004590.0052530.0014170.403558
                                                                        
PBAR    2074    200     0.0852670.0004320.0049530.0013350.395709
                                                                        
PBAR    2075    200     0.0832560.0004070.0046640.0012580.38786 
                                                                        
PBAR    2076    200     0.0812450.0003830.0043860.0011830.380012
                                                                        
PBAR    2077    200     0.0792340.0003600.0041200.0011110.372163
                                                                        
PBAR    2078    200     0.0772220.0003370.0038650.0010420.364314
                                                                        
PBAR    2079    200     0.0752110.0003160.0036200.0009760.356466
                                                                        
PBAR    2080    200     0.0732000.0002950.0033860.0009130.348617
                                                                        
PBAR    2081    200     0.0711890.0002760.0031630.0008530.340768
                                                                        
PBAR    2082    200     0.0691780.0002570.0029490.0007950.33292 
                                                                        
PBAR    2083    200     0.0671670.0002390.0027450.0007400.325071
                                                                        
PBAR    2084    200     0.0651550.0002220.0025510.0006880.317222
                                                                        
PBAR    2085    200     0.0631440.0002060.0023670.0006380.309374
                                                                        
PBAR    2086    200     0.0611330.0001910.0021910.0005910.301525
                                                                        
PBAR    2087    200     0.0591220.0001760.0020240.0005460.293676
                                                                        
PBAR    2088    200     0.0571110.0001630.0018660.0005030.285828
                                                                        
PBAR    2089    200     0.0551000.0001500.0017170.0004630.277979
                                                                        
PBAR    2090    200     0.0530880.0001370.0015750.0004250.27013 
                                                                        
PBAR    2091    200     0.0510770.0001260.0014420.0003890.262282
                                                                        
PBAR    2092    200     0.0490660.0001150.0013160.0003550.254433
                                                                        
PBAR    3000    300     0.0585820.0043570.0288680.0122731.07001 
                                                                        
PBAR    3001    300     0.0580250.0042350.0280600.0119301.05998 
                                                                        
PBAR    3002    300     0.0574680.0041160.0272670.0115931.04995 
                                                                        
PBAR    3003    300     0.0569120.0039980.0264890.0112621.03992 
                                                                        
PBAR    3004    300     0.0563550.0038830.0257270.0109381.02989 
                                                                        
PBAR    3005    300     0.0557980.0037700.0249780.01062 1.01986 
                                                                        
PBAR    3006    300     0.0552420.0036590.0242450.0103081.00982 
                                                                        
PBAR    3007    300     0.0546850.0035510.0235260.0100020.999793
                                                                        
PBAR    3008    300     0.0541280.0034450.0228220.0097020.989762
                                                                        
PBAR    3009    300     0.0535720.0033400.0221310.0094090.979731
                                                                        
PBAR    3010    300     0.0530150.0032380.0214550.0091210.969699
                                                                        
PBAR    3011    300     0.0524580.0031380.0207920.0088400.959668
                                                                        
PBAR    3012    300     0.0519020.0030400.0201440.0085640.949636
                                                                        
PBAR    3013    300     0.0513450.0029440.0195090.0082940.939605
                                                                        
PBAR    3014    300     0.0507880.0028510.0188870.0080300.929573
                                                                        
PBAR    3015    300     0.0502320.0027590.0182790.0077710.919545
                                                                        
PBAR    3016    300     0.0496750.0026690.0176840.0075180.918641
                                                                        
PBAR    3017    300     0.0491180.0025810.0171020.0072710.90853 
                                                                        
PBAR    3018    300     0.0485620.0024950.0165330.0070290.898395
                                                                        
PBAR    3019    300     0.0480050.0024110.0159770.0067930.888264
                                                                        
PBAR    3020    300     0.0474480.0023290.0154340.0065610.878132
                                                                        
PBAR    3021    300     0.0468920.0022490.0149020.0063360.868   
                                                                        
PBAR    3022    300     0.0463350.0021710.0143840.0061150.857868
                                                                        
PBAR    3023    300     0.0457780.0020940.0138770.0059000.847737
                                                                        
PBAR    3024    300     0.0452220.0020200.0133820.0056890.837605
                                                                        
PBAR    3025    300     0.0446650.0019470.0129000.0054840.827473
                                                                        
PBAR    3026    300     0.0441080.0018760.0124290.0052840.817345
                                                                        
PBAR    3027    300     0.0435520.0018060.0119690.0050890.807198
                                                                        
PBAR    3028    300     0.0429950.0017390.0115210.0048980.766288
                                                                        
PBAR    3029    300     0.0424380.0016730.0110850.0047130.756473
                                                                        
PBAR    3030    300     0.0418820.0016090.01066 0.0045320.746745
                                                                        
PBAR    3031    300     0.0413250.0015460.0102450.0043560.736996
                                                                        
PBAR    4000    400     0.0296290.0006110.0075850.0019080.634371
                                                                        
PBAR    4001    400     0.0282730.0005800.0065510.0017870.634371
                                                                        
PBAR    4002    400     0.0267370.0005380.0055030.0016330.641757
                                                                        
PBAR    4003    400     0.0263790.0005170.0052860.0015690.633247
                                                                        
PBAR    4004    400     0.0260210.0004960.0050760.0015070.624736
                                                                        
PBAR    4005    400     0.0256620.0004760.0048710.0014460.616225
                                                                        
PBAR    4006    400     0.0253040.0004570.0046720.0013870.607714
                                                                        
PBAR    4007    400     0.0249460.0004380.0044790.0013290.599204
                                                                        
PBAR    4008    400     0.0245880.0004190.0042910.0012740.590693
                                                                        
PBAR    4009    400     0.0242300.0004010.0041080.0012190.582182
                                                                        
PBAR    4010    400     0.0238710.0003840.0039300.0011670.573672
                                                                        
PBAR    4011    400     0.0235130.0003670.0037580.0011150.565161
                                                                        
PBAR    4012    400     0.0231550.0003510.0035910.0010660.55665 
                                                                        
PBAR    4013    400     0.0227970.0003350.0034280.0010180.548139
                                                                        
PBAR    4014    400     0.0224390.0003190.0032710.0009710.539629
                                                                        
PBAR    4015    400     0.0220810.0003050.0031190.0009260.531118
                                                                        
PBAR    4016    400     0.0217220.0002900.0029710.0008820.522607
                                                                        
PBAR    4017    400     0.0213640.0002760.0028280.0008390.514097
                                                                        
PBAR    4018    400     0.0210060.0002630.0026900.0007980.505586
                                                                        
PBAR    4019    400     0.0206480.0002500.0025570.0007590.497075
                                                                        
PBAR    4020    400     0.0202900.0002370.0024280.0007200.488564
                                                                        
PBAR    4021    400     0.0199310.0002250.0023030.0006830.480054
                                                                        
PBAR    4022    400     0.0195730.0002130.0021820.0006480.471543
                                                                        
PBAR    4023    400     0.0192150.0002020.0020660.0006130.463032
                                                                        
PBAR    4024    400     0.0188570.0001910.0019550.0005800.454522
                                                                        
PBAR    4025    400     0.0184990.0001800.0018470.0005480.446011
                                                                        
PBAR    4026    400     0.0181410.0001700.0017430.0005170.4375  
                                                                        
PBAR    4027    400     0.0177820.0001600.0016430.0004880.428989
                                                                        
PBAR    4028    400     0.0174240.0001510.0015470.0004590.420479
                                                                        
PBAR    4029    400     0.0170660.0001420.0014550.0004320.411968
                                                                        
PBAR    4030    400     0.0167080.0001330.0013670.0004050.403457
                                                                        
PBAR    4031    400     0.0162830.0001250.0012650.0003800.389373
                                                                        
PBAR    4032    400     0.0159080.0001180.0011800.0003580.383241
                                                                        
PBAR    4033    400     0.0156490.0001130.0011240.0003410.377109
                                                                        
PBAR    4034    400     0.0153900.0001070.0010700.0003250.370977
                                                                        
PBAR    4035    400     0.0151310.0001020.0010180.0003090.364845
                                                                        
PBAR    4036    400     0.0148729.73e-050.0009670.0002940.358714
                                                                        
PBAR    4037    400     0.0146149.24e-050.0009180.0002790.352582
                                                                        
PBAR    4038    400     0.0143558.77e-050.0008710.0002650.34645 
                                                                        
PBAR    4039    400     0.0140968.31e-050.0008260.0002510.340318
                                                                        
PBAR    4040    400     0.0138377.87e-050.0007820.0002370.334186
                                                                        
PBAR    4041    400     0.0135787.44e-050.0007400.0002250.328054
                                                                        
PBAR    4042    400     0.0133197.03e-050.0006990.0002120.321922
                                                                        
PBAR    4043    400     0.0130606.64e-050.0006600.0002000.315791
                                                                        
PBAR    4044    400     0.0128016.26e-050.0006220.0001890.309659
                                                                        
PBAR    4045    400     0.0125425.89e-050.0005860.0001780.303527
                                                                        
PBAR    4046    400     0.0122845.54e-050.0005510.0001670.297395
                                                                        
PBAR    4047    400     0.0120255.21e-050.0005180.0001570.291263
                                                                        
PBAR    4048    400     0.0117664.89e-050.0004850.0001470.285131
                                                                        
PBAR    4049    400     0.0115074.58e-050.0004550.0001380.278999
                                                                        
PBAR    4050    400     0.0112484.28e-050.0004250.0001290.272868
                                                                        
PBAR    4051    400     0.0109894.00e-050.0003970.0001210.266736
                                                                        
PBAR    4052    400     0.0107303.73e-050.0003710.0001120.260604
                                                                        
PBAR    4053    400     0.0104713.47e-050.0003450.0001050.254472
                                                                        
PBAR    4054    400     0.0102133.23e-050.0003219.76e-050.24834 
                                                                        
PBAR    4055    400     0.0099542.99e-050.0002979.06e-050.242208
                                                                        
PBAR    4056    400     0.0096952.77e-050.0002758.38e-050.236076
                                                                        
PBAR    4057    400     0.0094362.56e-050.0002547.75e-050.229945
                                                                        
PBAR    4058    400     0.0091772.36e-050.0002357.14e-050.223813
                                                                        
PBAR    4059    400     0.0089182.17e-050.0002166.57e-050.217681
                                                                        
PBAR    4060    400     0.0086591.99e-050.0001986.03e-050.211549
                                                                        
PBAR    4061    400     0.0084001.82e-050.0001815.52e-050.205417
                                                                        
PBAR    4062    400     0.0081411.66e-050.0001655.04e-050.199285
                                                                        
PBAR    5000    500     0.1488270.0031660.0651460.0104940.921032
                                                                        
PBAR    5001    500     0.1482680.0031530.0644140.0104440.921032
                                                                        
PBAR    5002    500     0.1443730.0029940.0595310.0098900.935696
                                                                        
PBAR    5003    500     0.1377010.0027150.0517690.0089280.890852
                                                                        
PBAR    5004    500     0.1310290.0024520.0447110.0080260.846008
                                                                        
PBAR    5005    500     0.1243560.0022060.0383230.0071820.801164
                                                                        
PBAR    5006    500     0.1176840.0019760.0325720.0063950.756319
                                                                        
PBAR    5007    500     0.1110120.0017620.0274260.0056630.711475
                                                                        
PBAR    5008    500     0.10434 0.0015620.0228490.0049830.666631
                                                                        
PBAR    5009    500     0.0976670.0013770.0188100.0043550.621787
                                                                        
PBAR    5010    500     0.0909950.0012060.0152750.0037760.576943
                                                                        
PBAR    5011    500     0.0843220.0010480.0122110.0032440.532099
                                                                        
PBAR    5012    500     0.0776500.0009030.0095830.0027570.487255
                                                                        
PBAR    5013    500     0.0709780.0007700.0073590.0023150.442411
                                                                        
PBAR    5014    500     0.0672330.0006960.0062810.0020720.417516
                                                                        
PBAR    5015    500     0.0664430.0006710.0060770.0020000.413234
                                                                        
PBAR    5016    500     0.0656780.0006470.0058850.0019300.408952
                                                                        
PBAR    5017    500     0.0649130.0006240.0056960.0018630.404669
                                                                        
PBAR    5018    500     0.0641480.0006020.0055120.0017960.400387
                                                                        
PBAR    5019    500     0.0633840.0005800.0053310.0017320.396105
                                                                        
PBAR    5020    500     0.0626190.0005580.0051550.0016690.391823
                                                                        
PBAR    5021    500     0.0618540.0005370.0049820.0016070.387541
                                                                        
PBAR    5022    500     0.0610890.0005170.0048140.0015470.383258
                                                                        
PBAR    5023    500     0.0603250.0004970.0046490.0014890.378976
                                                                        
PBAR    5024    500     0.0595600.0004780.0044880.0014320.374694
                                                                        
PBAR    5025    500     0.0587950.0004590.0043310.0013760.370412
                                                                        
PBAR    5026    500     0.0580300.0004400.0041780.0013220.366129
                                                                        
PBAR    5027    500     0.0572660.0004220.0040280.0012690.361847
                                                                        
PBAR    5028    500     0.0565010.0004050.0038820.0012180.357565
                                                                        
PBAR    5029    500     0.0557360.0003880.0037390.0011680.353283
                                                                        
PBAR    5030    500     0.0549710.0003720.0036000.0011200.349001
                                                                        
PBAR    5031    500     0.0542070.0003560.0034640.0010730.344718
                                                                        
PBAR    5032    500     0.0534420.0003400.0033320.0010270.340436
                                                                        
PBAR    5033    500     0.0526770.0003250.0032030.0009820.336154
                                                                        
PBAR    5034    500     0.0519120.0003110.0030780.0009390.331872
                                                                        
PBAR    5035    500     0.0511480.0002960.0029560.0008970.32759 
                                                                        
PBAR    5036    500     0.0503830.0002830.0028370.0008560.323307
                                                                        
PBAR    5037    500     0.0496180.0002690.0027210.0008170.319025
                                                                        
PBAR    5038    500     0.0488530.0002560.0026090.0007790.314743
                                                                        
PBAR    5039    500     0.0480890.0002440.0025000.0007420.310461
                                                                        
PBAR    5040    500     0.0473240.0002320.0023940.0007060.306178
                                                                        
PBAR    5041    500     0.0465590.0002200.0022900.0006710.301896
                                                                        
PBAR    5042    500     0.0457940.0002090.0021900.0006380.297614
                                                                        
PBAR    5043    500     0.04503 0.0001980.0020930.0006050.293332
                                                                        
PBAR    5044    500     0.0442650.0001880.0019990.0005740.28905 
                                                                        
PBAR    5045    500     0.0435000.0001780.0019070.0005440.284767
                                                                        
PBAR    5046    500     0.0427350.0001680.0018190.0005150.280485
                                                                        
PBAR    5047    500     0.0419700.0001580.0017330.0004860.276203
                                                                        
PBAR    5048    500     0.0412060.0001490.0016500.0004590.271921
                                                                        
PBAR    5049    500     0.0404410.0001410.0015690.0004330.267638
                                                                        
PBAR    5050    500     0.0396760.0001320.0014920.0004080.263356
                                                                        
PBAR    5051    500     0.0389110.0001240.0014170.0003840.259074
                                                                        
PBAR    5052    500     0.0381470.0001170.0013440.0003610.254792
                                                                        
PBAR    5053    500     0.0373820.0001090.0012740.0003390.25051 
                                                                        
PBAR    5054    500     0.0366170.0001020.0012060.0003170.246227
                                                                        
PBAR    5055    500     0.0358529.58e-050.0011410.0002970.241945
                                                                        
PBAR    5056    500     0.0350888.94e-050.0010780.0002780.237663
                                                                        
PBAR    5057    500     0.0343238.32e-050.0010180.0002590.233381
                                                                        
PBAR    5058    500     0.0335587.73e-050.0009600.0002410.229099
                                                                        
PBAR    5059    500     0.0327937.17e-050.0009040.0002240.224816
                                                                        
PBAR    5060    500     0.0320296.64e-050.0008500.0002080.220534
                                                                        
PBAR    5061    500     0.0312646.13e-050.0007990.0001920.216252
                                                                        
PBAR    5062    500     0.0304995.66e-050.0007490.0001780.21197 
                                                                        

$-------2-------3-------4-------5-------6-------7-------8-------9-------10
$ Bodies and lifting surfaces definition
$-------2-------3-------4-------5-------6-------7-------8-------9-------10
CAERO1  200     0       0       3       8       N64A410 N64A410 1       
        15.9335 0       2.01297 3.11321 2.02278 1       0       2.8     2.8     
CAERO1  250     0       0       3       8       N64A410 N64A410 1       
        15.9335 0       2.01297 3.11321 -2.022781       0       2.8     2.8     
CAERO1  201     -3      0       13      8       N64A410 N64A410 1       
        15.9335 2.02463 2.01297 3.11321 11.6002 0.86713521.5596 2.8     2.8     
CAERO1  251     3       0       13      8       N64A410 N64A410 1       
        15.9335 -2.024632.01297 3.11321 -11.60020.867135-21.55962.8     2.8     
CAERO1  202     -3      0       5       6       N64A410 N64A410 1       
        20.6203 13.6089 1.40586 2.69957 4.27761 0.77496222.2801 2.8     0       
CAERO1  252     3       0       5       6       N64A410 N64A410 1       
        20.6203 -13.60891.40586 2.69957 -4.277610.774962-22.28012.8     0       
CAERO1  204     -3      0       8       6       N64A410 N64A410 1       
        22.5248 17.8806 1.18199 2.09206 5.49475 0.62615222.2762 0       0       
        1       0.202   0.202   3       aileronr
CAERO1  205     -3      0       2       9       N64A410 N64A410 1       
        24.9712 23.3754 0.8940211.30995 1.37369 0.85073622.2762 0       0       
CAERO1  254     3       0       8       6       N64A410 N64A410 1       
        22.5248 -17.88061.18199 2.09206 -5.494750.626152-22.27620       0       
        1       0.202   0.202   3       aileronl
CAERO1  255     3       0       2       9       N64A410 N64A410 1       
        24.9712 -23.37540.8940211.30995 -1.373690.850736-22.27620       0       
CAERO1  400     0       0       1       7       0012    0012    1       
        40.2065 0       5.925   3.02068 0.2187381       0       0       0       
CAERO1  450     0       0       1       7       0012    0012    1       
        40.2065 0       5.925   3.02068 -0.218731       0       0       0       
CAERO1  401     -1.5    0       3       4       0012    0012    1       
        40.2065 0.2187385.925   3.02068 2.79376 0.61794829.7366 0       0       
        1       0.31    0.31    3         elev1r
CAERO1  451     1.5     0       3       4       0012    0012    1       
        40.2065 -0.218735.925   3.02068 -2.793760.617948-29.73660       0       
        1       0.31    0.31    3         elev1l
CAERO1  402     -1.5    0       4       4       0012    0012    1       
        42.091  3.01154 5.85187 1.86662 3.0125  0.5     30.8395 0       0       
        1       0.31    0.31    3         elev2r
CAERO1  452     1.5     0       4       4       0012    0012    1       
        42.091  -3.011545.85187 1.86662 -3.0125 0.5     -30.83950       0       
        1       0.31    0.31    3         elev2l
CAERO1  301     90      0       4       4       0012    0012    1       
        35.608  0       1.7254  5.66268 2.41    0.85    39.2067 0       0       
        1       0.3     0.3     3        rudder1
CAERO1  302     90      0       3       4       0012    0012    1       
        37.7864 1.47e-164.1354  4.81328 1.7896  0.86895839.2067 0       0       
        1       0.3     0.3     3        rudder2
CAERO1  303     90      0       1       4       0012    0012    1       
        39.404  0       5.925   4.18254 0.6204  0.94772139.2067 0       0       
        1       0.3     0.3     3        rudder3
CAERO1  500     0       0       1       6       A3201515A32015151       
        20.3962 0       -1.975  4.02447 0.4370461       0       0       0       
CAERO1  550     0       0       1       6       A3201515A32015151       
        20.3962 0       -1.975  4.02447 -0.437041       0       0       0       
CAERO1  501     12      0       3       6       A3201515A32015151       
        20.3962 0.437046-1.975  4.02447 2.56045 0.43834831.7327 0       0       
CAERO1  551     -12     0       3       6       A3201515A32015151       
        20.3962 -0.43704-1.975  4.02447 -2.560450.438348-31.73270       0       
CAERO1  502     13      0       12      6       A32015150012    1       
        22.5447 2.94155 -1.442651.76412 10.6275 0.5     -6.6754 0       0       
CAERO1  552     -13     0       12      6       A32015150012    1       
        22.5447 -2.94155-1.442651.76412 -10.62750.5     6.6754  0       0       

$-------2-------3-------4-------5-------6-------7-------8-------9-------10
$ Links aeroelastic variables
$-------2-------3-------4-------5-------6-------7-------8-------9-------10
AELINK  1       aileronlaileronr1.0     
AELINK  2        rudder2 rudder11.0     
AELINK  3        rudder3 rudder11.0     
AELINK  4         elev2r  elev1r1.0     
AELINK  5         elev1l  elev1r-1.0    
AELINK  6         elev2l  elev1r-1.0    

$-------2-------3-------4-------5-------6-------7-------8-------9-------10
$ Structural interpolation set
$-------2-------3-------4-------5-------6-------7-------8-------9-------10
SET1    200     2000    2001    2002    
CORD2R  200     0       17.489220.0000001.97500017.489220.0000002.975000
        16.489220.0000001.975000
SET1    201     2002    2003    2004    2005    2006    2007    2008    
        2009    2010    2011    2012    2013    2014    2015    2016    
        2017    2018    2019    2020    2021    2022    2023    2024    
        2025    2026    2027    2028    2029    2030    2031    2032    
        2033    2034    2035    2036    2037    2038    2039    2040    
        2041    2042    2043    2044    2045    2046    2047    2048    
CORD2R  201     0       17.489222.0227791.97500017.489222.0746802.973652
        16.556382.3825671.956301
SET1    202     2048    2049    2050    2051    2052    2053    2054    
        2055    2056    2057    2058    2059    2060    2061    2062    
        2063    2064    2065    
CORD2R  202     0       21.9693013.607291.37293921.9693013.651932.371942
        21.0327913.957571.357287
SET1    203     2065    2066    2067    2068    2069    2070    2071    
        2072    2073    2074    2075    2076    2077    2078    2079    
        2080    2081    2082    2083    2084    2085    2086    2087    
        2088    2089    2090    2091    2092    2093    
CORD2R  203     0       23.5708117.880631.18198923.5708117.932972.180619
        22.6341918.230511.163653
SET1    250     2000    2094    2095    
CORD2R  250     0       17.489220.0000001.97500017.489220.0000000.975000
        16.489220.0000001.975000
SET1    251     2095    2096    2097    2098    2099    2100    2101    
        2102    2103    2104    2105    2106    2107    2108    2109    
        2110    2111    2112    2113    2114    2115    2116    2117    
        2118    2119    2120    2121    2122    2123    2124    2125    
        2126    2127    2128    2129    2130    2131    2132    2133    
        2134    2135    2136    2137    2138    2139    2140    2141    
CORD2R  251     0       17.48922-2.022771.97500017.48922-1.970870.976348
        16.55638-2.382561.956301
SET1    252     2141    2142    2143    2144    2145    2146    2147    
        2148    2149    2150    2151    2152    2153    2154    2155    
        2156    2157    2158    
CORD2R  252     0       21.96930-13.60721.37293921.96930-13.56260.373935
        21.03279-13.95751.357287
SET1    253     2158    2159    2160    2161    2162    2163    2164    
        2165    2166    2167    2168    2169    2170    2171    2172    
        2173    2174    2175    2176    2177    2178    2179    2180    
        2181    2182    2183    2184    2185    2186    
CORD2R  253     0       23.57081-17.88061.18198923.57081-17.82830.183360
        22.63419-18.23051.163653
SET1    301     3000    3001    3002    3003    3004    3005    3006    
        3007    3008    3009    3010    3011    3012    3013    3014    
        3015    3016    
CORD2R  301     0       37.731500.0000001.72540037.73150-1.000001.725400
        36.939830.0000002.336347
SET1    302     3016    3017    3018    3019    3020    3021    3022    
        3023    3024    3025    3026    3027    3028    3029    3030    
        3031    3032    
CORD2R  302     0       39.591340.0000004.13540039.59134-1.000004.135400
        38.799670.0000004.746347
SET1    400     4000    4001    
CORD2R  400     0       41.414810.0000005.92500041.414810.0000006.925000
        40.414810.0000005.925000
SET1    401     4001    4002    4003    4004    4005    4006    4007    
        4008    4009    4010    4011    4012    4013    4014    4015    
        4016    4017    4018    4019    4020    4021    4022    4023    
        4024    4025    4026    4027    4028    4029    4030    4031    
CORD2R  401     0       41.414810.1093695.92500041.414810.1345606.924683
        40.516850.5493135.913914
SET1    402     4031    4032    4033    4034    4035    4036    4037    
        4038    4039    4040    4041    4042    4043    4044    4045    
        4046    4047    4048    4049    4050    4051    4052    4053    
        4054    4055    4056    4057    4058    4059    4060    4061    
        4062    4063    
CORD2R  402     0       42.837603.0115435.85186842.837603.0377206.851525
        41.961603.4936885.839242
SET1    450     4000    4064    
CORD2R  450     0       41.414810.0000005.92500041.414810.0000004.925000
        40.414810.0000005.925000
SET1    451     4064    4065    4066    4067    4068    4069    4070    
        4071    4072    4073    4074    4075    4076    4077    4078    
        4079    4080    4081    4082    4083    4084    4085    4086    
        4087    4088    4089    4090    4091    4092    4093    4094    
CORD2R  451     0       41.41481-0.109365.92500041.41481-0.084174.925317
        40.51685-0.549315.913914
SET1    452     4094    4095    4096    4097    4098    4099    4100    
        4101    4102    4103    4104    4105    4106    4107    4108    
        4109    4110    4111    4112    4113    4114    4115    4116    
        4117    4118    4119    4120    4121    4122    4123    4124    
        4125    4126    
CORD2R  452     0       42.83760-3.011545.85186842.83760-2.985364.852211
        41.96160-3.493685.839242
SET1    500     5000    5001    5002    
CORD2R  500     0       23.012130.000000-1.9750023.012130.000000-0.97500
        22.012130.000000-1.97500
SET1    501     5002    5003    5004    5005    5006    5007    5008    
        5009    5010    5011    5012    5013    5014    
CORD2R  501     0       23.012130.437046-1.9750023.012130.229134-0.99685
        22.020150.560745-1.94870
SET1    502     5014    5015    5016    5017    5018    5019    5020    
        5021    5022    5023    5024    5025    5026    5027    5028    
        5029    5030    5031    5032    5033    5034    5035    5036    
        5037    5038    5039    5040    5041    5042    5043    5044    
        5045    5046    5047    5048    5049    5050    5051    5052    
        5053    5054    5055    5056    5057    5058    5059    5060    
        5061    5062    5063    
CORD2R  502     0       23.338552.941548-1.4426523.338552.716597-0.46828
        22.347362.812483-1.47244
SET1    550     5000    5064    5065    
CORD2R  550     0       23.012130.000000-1.9750023.012130.000000-2.97500
        22.012130.000000-1.97500
SET1    551     5065    5066    5067    5068    5069    5070    5071    
        5072    5073    5074    5075    5076    5077    
CORD2R  551     0       23.01213-0.43704-1.9750023.01213-0.64495-2.95314
        22.02015-0.56074-1.94870
SET1    552     5077    5078    5079    5080    5081    5082    5083    
        5084    5085    5086    5087    5088    5089    5090    5091    
        5092    5093    5094    5095    5096    5097    5098    5099    
        5100    5101    5102    5103    5104    5105    5106    5107    
        5108    5109    5110    5111    5112    5113    5114    5115    
        5116    5117    5118    5119    5120    5121    5122    5123    
        5124    5125    5126    
CORD2R  552     0       23.33855-2.94154-1.4426523.33855-3.16649-2.41702
        22.34736-2.81248-1.47244

$-------2-------3-------4-------5-------6-------7-------8-------9-------10
$ Interpolation definition
$-------2-------3-------4-------5-------6-------7-------8-------9-------10
SPLINE1 200     200     1       24      200                     0       
SPLINE1 201     201     1       104     201                     0       
SPLINE1 202     202     1       30      202                     0       
SPLINE1 203     204     1       72      203                     0       
SPLINE1 204     205     1       18      203                     0       
SPLINE1 250     250     1       24      250                     0       
SPLINE1 251     251     1       104     251                     0       
SPLINE1 252     252     1       30      252                     0       
SPLINE1 253     254     1       72      253                     0       
SPLINE1 254     255     1       18      253                     0       
SPLINE1 301     301     1       28      301                     0       
SPLINE1 302     302     1       21      302                     0       
SPLINE1 303     303     1       7       302                     0       
SPLINE1 400     400     1       7       400                     0       
SPLINE1 401     401     1       21      401                     0       
SPLINE1 402     402     1       28      402                     0       
SPLINE1 450     450     1       7       450                     0       
SPLINE1 451     451     1       21      451                     0       
SPLINE1 452     452     1       28      452                     0       
SPLINE1 500     500     1       6       500                     0       
SPLINE1 501     501     1       18      501                     0       
SPLINE1 502     502     1       72      502                     0       
SPLINE1 550     550     1       6       550                     0       
SPLINE1 551     551     1       18      551                     0       
SPLINE1 552     552     1       72      552                     0       

$-------2-------3-------4-------5-------6-------7-------8-------9-------10
$ Lumped masses: ENGINES 6568 Kg
$-------2-------3-------4-------5-------6-------7-------8-------9-------10
CONM2   1       2019    0       3284    -2.447355e-05   -1.57187
        0.      0.      0.      0.      0.      0.      
CONM2   2       2112    0       3284    -2.44735-5e-05  -1.57187
        0.      0.      0.      0.      0.      0.      

$-------2-------3-------4-------5-------6-------7-------8-------9-------10
$ Lumped masses: MAIN LANDING GEAR 1669 Kg
$-------2-------3-------4-------5-------6-------7-------8-------9-------10
CONM2   3       1024    0       1669    0.0652  0       -0.5    
        0.      0.      0.      0.      0.      0.      
PARAM   LANDG   1024

$-------2-------3-------4-------5-------6-------7-------8-------9-------10
$ Lumped masses: NOSE LANDING GEAR 371 Kg
$-------2-------3-------4-------5-------6-------7-------8-------9-------10
CONM2   4       1006    0       371     -0.2712 0       -0.49999
        0.      0.      0.      0.      0.      0.      

$ Summary of secondary masses (as CONM2): 
$ Engines: 6568
$ Engines2: 0
$ Nose landing gear: 371
$ Main landing gear: 1669
$-------2-------3-------4-------5-------6-------7-------8-------9-------10
$ Rigid structural link
$-------2-------3-------4-------5-------6-------7-------8-------9-------10
RBE2    1       1020    1235    2002    2095    
RBE2    2       1042    123456  3000    
RBE2    3       3028    123456  4000    
RBE2    4       1026    1235    5002    5065    
RBE2    5       2047    123     5063    
RBE2    6       2140    123     5126    

PARAM   DIVERG  1       
AEROS           0       2.57907 49.538  122.69  0       0       
