
$-------2-------3-------4-------5-------6-------7-------8-------9-------10
$ Material definition
$-------2-------3-------4-------5-------6-------7-------8-------9-------10
MAT1    100     7.37e+10        0.3     2795.72 
        4.03e+083.72e+082.23e+08
MAT1    200     7.37e+10        0.3     2795.72 
        2.37e+082.37e+081.37e+08
MAT1    300     7.37e+10        0.3     2795.72 
        2.37e+082.37e+081.37e+08
MAT1    400     7.37e+10        0.3     2795.72 
        2.37e+082.37e+081.37e+08

$-------2-------3-------4-------5-------6-------7-------8-------9-------10
$ Node definition
$-------2-------3-------4-------5-------6-------7-------8-------9-------10
GRID    1000    0       0.      0.      -1.047680       0       0       
GRID    1001    0       0.9412960.      -0.741830       0       0       
GRID    1002    0       1.5574  0.      -0.541640       0       0       
GRID    1003    0       2.82389 0.      -0.364580       0       0       
GRID    1004    0       3.76518 0.      -0.232970       0       0       
GRID    1005    0       4.70648 0.      -0.101370       0       0       
GRID    1006    0       5.43158 0.      0.      0       0       0       
GRID    1007    0       6.58907 0.      0.      0       0       0       
GRID    1008    0       7.53037 0.      0.      0       0       0       
GRID    1009    0       8.47166 0.      0.      0       0       0       
GRID    1010    0       9.41296 0.      0.      0       0       0       
GRID    1011    0       10.3543 0.      0.      0       0       0       
GRID    1012    0       11.2956 0.      0.      0       0       0       
GRID    1013    0       12.2368 0.      0.      0       0       0       
GRID    1014    0       13.1781 0.      0.      0       0       0       
GRID    1015    0       14.1194 0.      0.      0       0       0       
GRID    1016    0       15.0607 0.      0.      0       0       0       
GRID    1017    0       16.002  0.      0.      0       0       0       
GRID    1018    0       16.9433 0.      0.      0       0       0       
GRID    1019    0       18.3146 0.      0.      0       0       0       
GRID    1020    0       18.8259 0.      0.      0       0       0       
GRID    1021    0       19.7672 0.      0.      0       0       0       
GRID    1022    0       20.7085 0.      0.      0       0       0       
GRID    1023    0       21.6498 0.      0.      0       0       0       
GRID    1024    0       22.5911 0.      0.      0       0       0       
GRID    1025    0       23.5324 0.      0.      0       0       0       
GRID    1026    0       24.4737 0.      0.      0       0       0       
GRID    1027    0       25.415  0.      0.      0       0       0       
GRID    1028    0       26.3563 0.      0.      0       0       0       
GRID    1029    0       27.2976 0.      0.      0       0       0       
GRID    1030    0       28.2389 0.      0.      0       0       0       
GRID    1031    0       29.1802 0.      0.      0       0       0       
GRID    1032    0       30.1215 0.      0.      0       0       0       
GRID    1033    0       31.0628 0.      0.      0       0       0       
GRID    1034    0       32.0041 0.      0.      0       0       0       
GRID    1035    0       33.1138 0.      0.      0       0       0       
GRID    1036    0       33.8867 0.      0.0635400       0       0       
GRID    1037    0       34.828  0.      0.1409290       0       0       
GRID    1038    0       35.7692 0.      0.2183170       0       0       
GRID    1039    0       36.7105 0.      0.2957060       0       0       
GRID    1040    0       37.6518 0.      0.3730940       0       0       
GRID    1041    0       38.5931 0.      0.4504830       0       0       
GRID    1042    0       39.5344 0.      0.5278710       0       0       
GRID    1043    0       40.4757 0.      0.6052590       0       0       
GRID    1044    0       41.417  0.      0.6826480       0       0       
GRID    1045    0       42.0569 0.      0.7352550       0       0       
GRID    1046    0       43.3259 0.      0.8395860       0       0       
GRID    1047    0       44.2409 0.      0.9148130       0       0       
GRID    1048    0       45.1822 0.      0.9922020       0       0       
GRID    1049    0       46.1235 0.      1.06959 0       0       0       
GRID    1050    0       47.0648 0.      1.14698 0       0       0       
GRID    2001    0       18.3146 1.01139 -0.977040       0       0       
GRID    2002    0       18.3146 2.02278 -0.977040       0       0       
GRID    2003    0       18.3867 2.19873 -0.959260       0       0       
GRID    2004    0       18.4589 2.37468 -0.941480       0       0       
GRID    2005    0       18.531  2.55062 -0.923710       0       0       
GRID    2006    0       18.6032 2.72657 -0.905930       0       0       
GRID    2007    0       18.6753 2.90252 -0.888160       0       0       
GRID    2008    0       18.7474 3.07847 -0.870380       0       0       
GRID    2009    0       18.8196 3.25442 -0.852610       0       0       
GRID    2010    0       18.8917 3.43037 -0.834830       0       0       
GRID    2011    0       18.9639 3.60632 -0.817060       0       0       
GRID    2012    0       19.036  3.78227 -0.799280       0       0       
GRID    2013    0       19.1082 3.95821 -0.781510       0       0       
GRID    2014    0       19.1803 4.13416 -0.763730       0       0       
GRID    2015    0       19.2524 4.31011 -0.745950       0       0       
GRID    2016    0       19.3246 4.48606 -0.728180       0       0       
GRID    2017    0       19.3967 4.66201 -0.710400       0       0       
GRID    2018    0       19.4689 4.83796 -0.692630       0       0       
GRID    2019    0       19.541  5.01391 -0.674850       0       0       
GRID    2020    0       19.6132 5.18985 -0.657080       0       0       
GRID    2021    0       19.6853 5.3658  -0.639300       0       0       
GRID    2022    0       19.7574 5.54175 -0.621530       0       0       
GRID    2023    0       19.8296 5.7177  -0.603750       0       0       
GRID    2024    0       19.8967 5.88139 -0.587210       0       0       
GRID    2025    0       19.9638 6.04508 -0.570680       0       0       
GRID    2026    0       20.0309 6.20878 -0.554140       0       0       
GRID    2027    0       20.0981 6.37247 -0.537600       0       0       
GRID    2028    0       20.1652 6.53616 -0.521070       0       0       
GRID    2029    0       20.2323 6.69985 -0.504530       0       0       
GRID    2030    0       20.3159 6.87525 -0.487810       0       0       
GRID    2031    0       20.3996 7.05065 -0.471100       0       0       
GRID    2032    0       20.4832 7.22605 -0.454380       0       0       
GRID    2033    0       20.5668 7.40145 -0.437670       0       0       
GRID    2034    0       20.6505 7.57685 -0.420950       0       0       
GRID    2035    0       20.7341 7.75224 -0.404240       0       0       
GRID    2036    0       20.8177 7.92764 -0.387520       0       0       
GRID    2037    0       20.9013 8.10304 -0.370810       0       0       
GRID    2038    0       20.985  8.27844 -0.354090       0       0       
GRID    2039    0       21.0686 8.45384 -0.337380       0       0       
GRID    2040    0       21.1522 8.62924 -0.320660       0       0       
GRID    2041    0       21.2359 8.80463 -0.303940       0       0       
GRID    2042    0       21.3195 8.98003 -0.287230       0       0       
GRID    2043    0       21.4031 9.15543 -0.270510       0       0       
GRID    2044    0       21.4868 9.33083 -0.253800       0       0       
GRID    2045    0       21.5704 9.50623 -0.237080       0       0       
GRID    2046    0       21.654  9.68163 -0.220370       0       0       
GRID    2047    0       21.7376 9.85703 -0.203650       0       0       
GRID    2048    0       21.8213 10.0324 -0.186940       0       0       
GRID    2049    0       21.9049 10.2078 -0.170220       0       0       
GRID    2050    0       21.9885 10.3832 -0.153510       0       0       
GRID    2051    0       22.0722 10.5586 -0.136790       0       0       
GRID    2052    0       22.1558 10.734  -0.120080       0       0       
GRID    2053    0       22.2394 10.9094 -0.103360       0       0       
GRID    2054    0       22.3231 11.0848 -0.086650       0       0       
GRID    2055    0       22.4067 11.2602 -0.069930       0       0       
GRID    2056    0       22.4903 11.4356 -0.053220       0       0       
GRID    2057    0       22.5739 11.611  -0.036500       0       0       
GRID    2058    0       22.6576 11.7864 -0.019780       0       0       
GRID    2059    0       22.7412 11.9618 -0.003070       0       0       
GRID    2060    0       22.8248 12.1372 0.0136400       0       0       
GRID    2061    0       22.9085 12.3126 0.0303560       0       0       
GRID    2062    0       22.9898 12.488  0.0470160       0       0       
GRID    2063    0       23.0711 12.6634 0.0636770       0       0       
GRID    2064    0       23.1524 12.8388 0.0803380       0       0       
GRID    2065    0       23.2337 13.0142 0.0969980       0       0       
GRID    2066    0       23.315  13.1896 0.1136590       0       0       
GRID    2067    0       23.3963 13.3651 0.13032 0       0       0       
GRID    2068    0       23.4776 13.5405 0.1469810       0       0       
GRID    2069    0       23.5589 13.7159 0.1636410       0       0       
GRID    2070    0       23.6402 13.8913 0.1803020       0       0       
GRID    2071    0       23.7215 14.0667 0.1969620       0       0       
GRID    2072    0       23.8028 14.2421 0.2136230       0       0       
GRID    2073    0       23.8841 14.4175 0.2302840       0       0       
GRID    2074    0       23.9654 14.5929 0.2469440       0       0       
GRID    2075    0       24.0467 14.7683 0.2636050       0       0       
GRID    2076    0       24.128  14.9437 0.2802660       0       0       
GRID    2077    0       24.2093 15.1191 0.2969260       0       0       
GRID    2078    0       24.2906 15.2946 0.3135870       0       0       
GRID    2079    0       24.3719 15.47   0.3302470       0       0       
GRID    2080    0       24.4532 15.6454 0.3469080       0       0       
GRID    2081    0       24.5345 15.8208 0.3635690       0       0       
GRID    2082    0       24.6158 15.9962 0.3802290       0       0       
GRID    2083    0       24.6971 16.1716 0.39689 0       0       0       
GRID    2084    0       24.7784 16.347  0.4135510       0       0       
GRID    2085    0       24.8597 16.5224 0.4302110       0       0       
GRID    2086    0       24.941  16.6978 0.4468720       0       0       
GRID    2087    0       25.0223 16.8732 0.4635320       0       0       
GRID    2088    0       25.1036 17.0486 0.4801930       0       0       
GRID    2089    0       25.1849 17.2241 0.4968540       0       0       
GRID    2090    0       25.2662 17.3995 0.5135140       0       0       
GRID    2091    0       25.3475 17.5749 0.5301750       0       0       
GRID    2092    0       25.4288 17.7503 0.5468360       0       0       
GRID    2093    0       25.5101 17.9257 0.5634960       0       0       
GRID    2000    0       18.3146 0.      -0.977040       0       0       
GRID    2094    0       18.3146 -1.01139-0.977040       0       0       
GRID    2095    0       18.3146 -2.02278-0.977040       0       0       
GRID    2096    0       18.3867 -2.19873-0.959260       0       0       
GRID    2097    0       18.4589 -2.37468-0.941480       0       0       
GRID    2098    0       18.531  -2.55062-0.923710       0       0       
GRID    2099    0       18.6032 -2.72657-0.905930       0       0       
GRID    2100    0       18.6753 -2.90252-0.888160       0       0       
GRID    2101    0       18.7474 -3.07847-0.870380       0       0       
GRID    2102    0       18.8196 -3.25442-0.852610       0       0       
GRID    2103    0       18.8917 -3.43037-0.834830       0       0       
GRID    2104    0       18.9639 -3.60632-0.817060       0       0       
GRID    2105    0       19.036  -3.78227-0.799280       0       0       
GRID    2106    0       19.1082 -3.95821-0.781510       0       0       
GRID    2107    0       19.1803 -4.13416-0.763730       0       0       
GRID    2108    0       19.2524 -4.31011-0.745950       0       0       
GRID    2109    0       19.3246 -4.48606-0.728180       0       0       
GRID    2110    0       19.3967 -4.66201-0.710400       0       0       
GRID    2111    0       19.4689 -4.83796-0.692630       0       0       
GRID    2112    0       19.541  -5.01391-0.674850       0       0       
GRID    2113    0       19.6132 -5.18985-0.657080       0       0       
GRID    2114    0       19.6853 -5.3658 -0.639300       0       0       
GRID    2115    0       19.7574 -5.54175-0.621530       0       0       
GRID    2116    0       19.8296 -5.7177 -0.603750       0       0       
GRID    2117    0       19.8967 -5.88139-0.587210       0       0       
GRID    2118    0       19.9638 -6.04508-0.570680       0       0       
GRID    2119    0       20.0309 -6.20878-0.554140       0       0       
GRID    2120    0       20.0981 -6.37247-0.537600       0       0       
GRID    2121    0       20.1652 -6.53616-0.521070       0       0       
GRID    2122    0       20.2323 -6.69985-0.504530       0       0       
GRID    2123    0       20.3159 -6.87525-0.487810       0       0       
GRID    2124    0       20.3996 -7.05065-0.471100       0       0       
GRID    2125    0       20.4832 -7.22605-0.454380       0       0       
GRID    2126    0       20.5668 -7.40145-0.437670       0       0       
GRID    2127    0       20.6505 -7.57685-0.420950       0       0       
GRID    2128    0       20.7341 -7.75224-0.404240       0       0       
GRID    2129    0       20.8177 -7.92764-0.387520       0       0       
GRID    2130    0       20.9013 -8.10304-0.370810       0       0       
GRID    2131    0       20.985  -8.27844-0.354090       0       0       
GRID    2132    0       21.0686 -8.45384-0.337380       0       0       
GRID    2133    0       21.1522 -8.62924-0.320660       0       0       
GRID    2134    0       21.2359 -8.80463-0.303940       0       0       
GRID    2135    0       21.3195 -8.98003-0.287230       0       0       
GRID    2136    0       21.4031 -9.15543-0.270510       0       0       
GRID    2137    0       21.4868 -9.33083-0.253800       0       0       
GRID    2138    0       21.5704 -9.50623-0.237080       0       0       
GRID    2139    0       21.654  -9.68163-0.220370       0       0       
GRID    2140    0       21.7376 -9.85703-0.203650       0       0       
GRID    2141    0       21.8213 -10.0324-0.186940       0       0       
GRID    2142    0       21.9049 -10.2078-0.170220       0       0       
GRID    2143    0       21.9885 -10.3832-0.153510       0       0       
GRID    2144    0       22.0722 -10.5586-0.136790       0       0       
GRID    2145    0       22.1558 -10.734 -0.120080       0       0       
GRID    2146    0       22.2394 -10.9094-0.103360       0       0       
GRID    2147    0       22.3231 -11.0848-0.086650       0       0       
GRID    2148    0       22.4067 -11.2602-0.069930       0       0       
GRID    2149    0       22.4903 -11.4356-0.053220       0       0       
GRID    2150    0       22.5739 -11.611 -0.036500       0       0       
GRID    2151    0       22.6576 -11.7864-0.019780       0       0       
GRID    2152    0       22.7412 -11.9618-0.003070       0       0       
GRID    2153    0       22.8248 -12.13720.0136400       0       0       
GRID    2154    0       22.9085 -12.31260.0303560       0       0       
GRID    2155    0       22.9898 -12.488 0.0470160       0       0       
GRID    2156    0       23.0711 -12.66340.0636770       0       0       
GRID    2157    0       23.1524 -12.83880.0803380       0       0       
GRID    2158    0       23.2337 -13.01420.0969980       0       0       
GRID    2159    0       23.315  -13.18960.1136590       0       0       
GRID    2160    0       23.3963 -13.36510.13032 0       0       0       
GRID    2161    0       23.4776 -13.54050.1469810       0       0       
GRID    2162    0       23.5589 -13.71590.1636410       0       0       
GRID    2163    0       23.6402 -13.89130.1803020       0       0       
GRID    2164    0       23.7215 -14.06670.1969620       0       0       
GRID    2165    0       23.8028 -14.24210.2136230       0       0       
GRID    2166    0       23.8841 -14.41750.2302840       0       0       
GRID    2167    0       23.9654 -14.59290.2469440       0       0       
GRID    2168    0       24.0467 -14.76830.2636050       0       0       
GRID    2169    0       24.128  -14.94370.2802660       0       0       
GRID    2170    0       24.2093 -15.11910.2969260       0       0       
GRID    2171    0       24.2906 -15.29460.3135870       0       0       
GRID    2172    0       24.3719 -15.47  0.3302470       0       0       
GRID    2173    0       24.4532 -15.64540.3469080       0       0       
GRID    2174    0       24.5345 -15.82080.3635690       0       0       
GRID    2175    0       24.6158 -15.99620.3802290       0       0       
GRID    2176    0       24.6971 -16.17160.39689 0       0       0       
GRID    2177    0       24.7784 -16.347 0.4135510       0       0       
GRID    2178    0       24.8597 -16.52240.4302110       0       0       
GRID    2179    0       24.941  -16.69780.4468720       0       0       
GRID    2180    0       25.0223 -16.87320.4635320       0       0       
GRID    2181    0       25.1036 -17.04860.4801930       0       0       
GRID    2182    0       25.1849 -17.22410.4968540       0       0       
GRID    2183    0       25.2662 -17.39950.5135140       0       0       
GRID    2184    0       25.3475 -17.57490.5301750       0       0       
GRID    2185    0       25.4288 -17.75030.5468360       0       0       
GRID    2186    0       25.5101 -17.92570.5634960       0       0       
GRID    3000    0       42.0569 0.      1.975   0       0       0       
GRID    3001    0       42.1504 0.      2.1322  0       0       0       
GRID    3002    0       42.2439 0.      2.28941 0       0       0       
GRID    3003    0       42.3375 0.      2.44661 0       0       0       
GRID    3004    0       42.431  0.      2.60381 0       0       0       
GRID    3005    0       42.5245 0.      2.76102 0       0       0       
GRID    3006    0       42.618  0.      2.91822 0       0       0       
GRID    3007    0       42.7115 0.      3.07542 0       0       0       
GRID    3008    0       42.805  0.      3.23263 0       0       0       
GRID    3009    0       42.8986 0.      3.38983 0       0       0       
GRID    3010    0       42.9921 0.      3.54703 0       0       0       
GRID    3011    0       43.0856 0.      3.70424 0       0       0       
GRID    3012    0       43.1791 0.      3.86144 0       0       0       
GRID    3013    0       43.2726 0.      4.01864 0       0       0       
GRID    3014    0       43.3661 0.      4.17585 0       0       0       
GRID    3015    0       43.4597 0.      4.33305 0       0       0       
GRID    3016    0       43.5532 0.      4.49025 0       0       0       
GRID    3017    0       43.6467 0.      4.64746 0       0       0       
GRID    3018    0       43.7402 0.      4.80466 0       0       0       
GRID    3019    0       43.8337 0.      4.96186 0       0       0       
GRID    3020    0       43.9272 0.      5.11907 0       0       0       
GRID    3021    0       44.0208 0.      5.27627 0       0       0       
GRID    3022    0       44.1143 0.      5.43347 0       0       0       
GRID    3023    0       44.2078 0.      5.59068 0       0       0       
GRID    3024    0       44.3013 0.      5.74788 0       0       0       
GRID    3025    0       44.3948 0.      5.90508 0       0       0       
GRID    3026    0       44.4883 0.      6.06229 0       0       0       
GRID    3027    0       44.5819 0.      6.21949 0       0       0       
GRID    3028    0       44.6754 0.      6.37669 0       0       0       
GRID    3029    0       44.7689 0.      6.5339  0       0       0       
GRID    3030    0       44.8624 0.      6.6911  0       0       0       
GRID    4001    0       43.3259 0.4907170.69    0       0       0       
GRID    4002    0       43.3259 0.9814330.69    0       0       0       
GRID    4003    0       43.3541 1.04093 0.6962530       0       0       
GRID    4004    0       43.3823 1.10043 0.7025070       0       0       
GRID    4005    0       43.4105 1.15992 0.70876 0       0       0       
GRID    4006    0       43.4387 1.21942 0.7150130       0       0       
GRID    4007    0       43.4669 1.27891 0.7212660       0       0       
GRID    4008    0       43.4951 1.33841 0.72752 0       0       0       
GRID    4009    0       43.5232 1.3979  0.7337730       0       0       
GRID    4010    0       43.5514 1.4574  0.7400260       0       0       
GRID    4011    0       43.5796 1.5169  0.7462790       0       0       
GRID    4012    0       43.6078 1.57639 0.7525330       0       0       
GRID    4013    0       43.636  1.63589 0.7587860       0       0       
GRID    4014    0       43.6642 1.69538 0.7650390       0       0       
GRID    4015    0       43.6924 1.75488 0.7712920       0       0       
GRID    4016    0       43.7206 1.81438 0.7775460       0       0       
GRID    4017    0       43.7488 1.87387 0.7837990       0       0       
GRID    4018    0       43.777  1.93337 0.7900520       0       0       
GRID    4019    0       43.8052 1.99286 0.7963050       0       0       
GRID    4020    0       43.8334 2.05236 0.8025590       0       0       
GRID    4021    0       43.8616 2.11185 0.8088120       0       0       
GRID    4022    0       43.8897 2.17135 0.8150650       0       0       
GRID    4023    0       43.9179 2.23085 0.8213190       0       0       
GRID    4024    0       43.9461 2.29034 0.8275720       0       0       
GRID    4025    0       43.9743 2.34984 0.8338250       0       0       
GRID    4026    0       44.0036 2.41153 0.84031 0       0       0       
GRID    4027    0       44.0328 2.47323 0.8467940       0       0       
GRID    4028    0       44.062  2.53493 0.8532790       0       0       
GRID    4029    0       44.0913 2.59662 0.8597630       0       0       
GRID    4030    0       44.1205 2.65832 0.8662480       0       0       
GRID    4031    0       44.1497 2.72002 0.8727320       0       0       
GRID    4032    0       44.179  2.78171 0.8792170       0       0       
GRID    4033    0       44.2082 2.84341 0.8857010       0       0       
GRID    4034    0       44.2374 2.9051  0.8921860       0       0       
GRID    4035    0       44.2667 2.9668  0.8986710       0       0       
GRID    4036    0       44.2959 3.0285  0.9051550       0       0       
GRID    4037    0       44.3251 3.09019 0.91164 0       0       0       
GRID    4038    0       44.3544 3.15189 0.9181240       0       0       
GRID    4039    0       44.3836 3.21359 0.9246090       0       0       
GRID    4040    0       44.4128 3.27528 0.9310930       0       0       
GRID    4041    0       44.4421 3.33698 0.9375780       0       0       
GRID    4042    0       44.4713 3.39868 0.9440620       0       0       
GRID    4043    0       44.5006 3.46037 0.9505470       0       0       
GRID    4044    0       44.5298 3.52207 0.9570310       0       0       
GRID    4045    0       44.559  3.58376 0.9635160       0       0       
GRID    4046    0       44.5883 3.64546 0.9700010       0       0       
GRID    4047    0       44.6175 3.70716 0.9764850       0       0       
GRID    4048    0       44.6467 3.76885 0.98297 0       0       0       
GRID    4049    0       44.676  3.83055 0.9894540       0       0       
GRID    4050    0       44.7052 3.89225 0.9959390       0       0       
GRID    4051    0       44.7344 3.95394 1.00242 0       0       0       
GRID    4052    0       44.7637 4.01564 1.00891 0       0       0       
GRID    4053    0       44.7929 4.07734 1.01539 0       0       0       
GRID    4054    0       44.8221 4.13903 1.02188 0       0       0       
GRID    4055    0       44.8514 4.20073 1.02836 0       0       0       
GRID    4056    0       44.8806 4.26242 1.03485 0       0       0       
GRID    4057    0       44.9098 4.32412 1.04133 0       0       0       
GRID    4058    0       44.9391 4.38582 1.04782 0       0       0       
GRID    4059    0       44.9683 4.44751 1.0543  0       0       0       
GRID    4060    0       44.9975 4.50921 1.06078 0       0       0       
GRID    4061    0       45.0268 4.57091 1.06727 0       0       0       
GRID    4062    0       45.056  4.6326  1.07375 0       0       0       
GRID    4063    0       45.0853 4.6943  1.08024 0       0       0       
GRID    4000    0       43.3259 0.      0.69    0       0       0       
GRID    4064    0       43.3259 -0.490710.69    0       0       0       
GRID    4065    0       43.3259 -0.981430.69    0       0       0       
GRID    4066    0       43.3541 -1.040930.6962530       0       0       
GRID    4067    0       43.3823 -1.100430.7025070       0       0       
GRID    4068    0       43.4105 -1.159920.70876 0       0       0       
GRID    4069    0       43.4387 -1.219420.7150130       0       0       
GRID    4070    0       43.4669 -1.278910.7212660       0       0       
GRID    4071    0       43.4951 -1.338410.72752 0       0       0       
GRID    4072    0       43.5232 -1.3979 0.7337730       0       0       
GRID    4073    0       43.5514 -1.4574 0.7400260       0       0       
GRID    4074    0       43.5796 -1.5169 0.7462790       0       0       
GRID    4075    0       43.6078 -1.576390.7525330       0       0       
GRID    4076    0       43.636  -1.635890.7587860       0       0       
GRID    4077    0       43.6642 -1.695380.7650390       0       0       
GRID    4078    0       43.6924 -1.754880.7712920       0       0       
GRID    4079    0       43.7206 -1.814380.7775460       0       0       
GRID    4080    0       43.7488 -1.873870.7837990       0       0       
GRID    4081    0       43.777  -1.933370.7900520       0       0       
GRID    4082    0       43.8052 -1.992860.7963050       0       0       
GRID    4083    0       43.8334 -2.052360.8025590       0       0       
GRID    4084    0       43.8616 -2.111850.8088120       0       0       
GRID    4085    0       43.8897 -2.171350.8150650       0       0       
GRID    4086    0       43.9179 -2.230850.8213190       0       0       
GRID    4087    0       43.9461 -2.290340.8275720       0       0       
GRID    4088    0       43.9743 -2.349840.8338250       0       0       
GRID    4089    0       44.0036 -2.411530.84031 0       0       0       
GRID    4090    0       44.0328 -2.473230.8467940       0       0       
GRID    4091    0       44.062  -2.534930.8532790       0       0       
GRID    4092    0       44.0913 -2.596620.8597630       0       0       
GRID    4093    0       44.1205 -2.658320.8662480       0       0       
GRID    4094    0       44.1497 -2.720020.8727320       0       0       
GRID    4095    0       44.179  -2.781710.8792170       0       0       
GRID    4096    0       44.2082 -2.843410.8857010       0       0       
GRID    4097    0       44.2374 -2.9051 0.8921860       0       0       
GRID    4098    0       44.2667 -2.9668 0.8986710       0       0       
GRID    4099    0       44.2959 -3.0285 0.9051550       0       0       
GRID    4100    0       44.3251 -3.090190.91164 0       0       0       
GRID    4101    0       44.3544 -3.151890.9181240       0       0       
GRID    4102    0       44.3836 -3.213590.9246090       0       0       
GRID    4103    0       44.4128 -3.275280.9310930       0       0       
GRID    4104    0       44.4421 -3.336980.9375780       0       0       
GRID    4105    0       44.4713 -3.398680.9440620       0       0       
GRID    4106    0       44.5006 -3.460370.9505470       0       0       
GRID    4107    0       44.5298 -3.522070.9570310       0       0       
GRID    4108    0       44.559  -3.583760.9635160       0       0       
GRID    4109    0       44.5883 -3.645460.9700010       0       0       
GRID    4110    0       44.6175 -3.707160.9764850       0       0       
GRID    4111    0       44.6467 -3.768850.98297 0       0       0       
GRID    4112    0       44.676  -3.830550.9894540       0       0       
GRID    4113    0       44.7052 -3.892250.9959390       0       0       
GRID    4114    0       44.7344 -3.953941.00242 0       0       0       
GRID    4115    0       44.7637 -4.015641.00891 0       0       0       
GRID    4116    0       44.7929 -4.077341.01539 0       0       0       
GRID    4117    0       44.8221 -4.139031.02188 0       0       0       
GRID    4118    0       44.8514 -4.200731.02836 0       0       0       
GRID    4119    0       44.8806 -4.262421.03485 0       0       0       
GRID    4120    0       44.9098 -4.324121.04133 0       0       0       
GRID    4121    0       44.9391 -4.385821.04782 0       0       0       
GRID    4122    0       44.9683 -4.447511.0543  0       0       0       
GRID    4123    0       44.9975 -4.509211.06078 0       0       0       
GRID    4124    0       45.0268 -4.570911.06727 0       0       0       
GRID    4125    0       45.056  -4.6326 1.07375 0       0       0       
GRID    4126    0       45.0853 -4.6943 1.08024 0       0       0       

$-------2-------3-------4-------5-------6-------7-------8-------9-------10
$ Beam definition
$-------2-------3-------4-------5-------6-------7-------8-------9-------10
CBAR    1000    1000    1000    1001    -0.309010.0     0.951057GGG     
CBAR    1001    1001    1001    1002    -0.309010.0     0.951057GGG     
CBAR    1002    1002    1002    1003    -0.138460.0     0.990368GGG     
CBAR    1003    1003    1003    1004    -0.138460.0     0.990368GGG     
CBAR    1004    1004    1004    1005    -0.138460.0     0.990368GGG     
CBAR    1005    1005    1005    1006    -0.138460.0     0.990368GGG     
CBAR    1006    1006    1006    1007    0.0     0.0     1.0     GGG     
CBAR    1007    1007    1007    1008    0.0     0.0     1.0     GGG     
CBAR    1008    1008    1008    1009    0.0     0.0     1.0     GGG     
CBAR    1009    1009    1009    1010    0.0     0.0     1.0     GGG     
CBAR    1010    1010    1010    1011    0.0     0.0     1.0     GGG     
CBAR    1011    1011    1011    1012    0.0     0.0     1.0     GGG     
CBAR    1012    1012    1012    1013    0.0     0.0     1.0     GGG     
CBAR    1013    1013    1013    1014    0.0     0.0     1.0     GGG     
CBAR    1014    1014    1014    1015    0.0     0.0     1.0     GGG     
CBAR    1015    1015    1015    1016    0.0     0.0     1.0     GGG     
CBAR    1016    1016    1016    1017    0.0     0.0     1.0     GGG     
CBAR    1017    1017    1017    1018    0.0     0.0     1.0     GGG     
CBAR    1018    1018    1018    1019    0.0     0.0     1.0     GGG     
CBAR    1019    1019    1019    1020    0.0     0.0     1.0     GGG     
CBAR    1020    1020    1020    1021    0.0     0.0     1.0     GGG     
CBAR    1021    1021    1021    1022    0.0     0.0     1.0     GGG     
CBAR    1022    1022    1022    1023    0.0     0.0     1.0     GGG     
CBAR    1023    1023    1023    1024    0.0     0.0     1.0     GGG     
CBAR    1024    1024    1024    1025    0.0     0.0     1.0     GGG     
CBAR    1025    1025    1025    1026    0.0     0.0     1.0     GGG     
CBAR    1026    1026    1026    1027    0.0     0.0     1.0     GGG     
CBAR    1027    1027    1027    1028    0.0     0.0     1.0     GGG     
CBAR    1028    1028    1028    1029    0.0     0.0     1.0     GGG     
CBAR    1029    1029    1029    1030    0.0     0.0     1.0     GGG     
CBAR    1030    1030    1030    1031    0.0     0.0     1.0     GGG     
CBAR    1031    1031    1031    1032    0.0     0.0     1.0     GGG     
CBAR    1032    1032    1032    1033    0.0     0.0     1.0     GGG     
CBAR    1033    1033    1033    1034    0.0     0.0     1.0     GGG     
CBAR    1034    1034    1034    1035    0.0     0.0     1.0     GGG     
CBAR    1035    1035    1035    1036    -0.081930.0     0.996637GGG     
CBAR    1036    1036    1036    1037    -0.081930.0     0.996637GGG     
CBAR    1037    1037    1037    1038    -0.081930.0     0.996637GGG     
CBAR    1038    1038    1038    1039    -0.081930.0     0.996637GGG     
CBAR    1039    1039    1039    1040    -0.081930.0     0.996637GGG     
CBAR    1040    1040    1040    1041    -0.081930.0     0.996637GGG     
CBAR    1041    1041    1041    1042    -0.081930.0     0.996637GGG     
CBAR    1042    1042    1042    1043    -0.081930.0     0.996637GGG     
CBAR    1043    1043    1043    1044    -0.081930.0     0.996637GGG     
CBAR    1044    1044    1044    1045    -0.081930.0     0.996637GGG     
CBAR    1045    1045    1045    1046    -0.081930.0     0.996637GGG     
CBAR    1046    1046    1046    1047    -0.081930.0     0.996637GGG     
CBAR    1047    1047    1047    1048    -0.081930.0     0.996637GGG     
CBAR    1048    1048    1048    1049    -0.081930.0     0.996637GGG     
CBAR    1049    1049    1049    1050    -0.081930.0     0.996637GGG     
CBAR    2000    2000    2000    2001    0.0     0.0     1.0     GGG     
CBAR    2001    2001    2001    2002    0.0     0.0     1.0     GGG     
CBAR    2002    2002    2002    2003    0.045564-0.125260.991077GGG     
CBAR    2003    2003    2003    2004    0.045564-0.125260.991077GGG     
CBAR    2004    2004    2004    2005    0.045564-0.125260.991077GGG     
CBAR    2005    2005    2005    2006    0.045564-0.125260.991077GGG     
CBAR    2006    2006    2006    2007    0.045564-0.125260.991077GGG     
CBAR    2007    2007    2007    2008    0.045564-0.125260.991077GGG     
CBAR    2008    2008    2008    2009    0.045564-0.125260.991077GGG     
CBAR    2009    2009    2009    2010    0.045564-0.125260.991077GGG     
CBAR    2010    2010    2010    2011    0.045564-0.125260.991077GGG     
CBAR    2011    2011    2011    2012    0.045564-0.125260.991077GGG     
CBAR    2012    2012    2012    2013    0.045564-0.125260.991077GGG     
CBAR    2013    2013    2013    2014    0.045564-0.125260.991077GGG     
CBAR    2014    2014    2014    2015    0.045564-0.125260.991077GGG     
CBAR    2015    2015    2015    2016    0.045564-0.125260.991077GGG     
CBAR    2016    2016    2016    2017    0.045564-0.125260.991077GGG     
CBAR    2017    2017    2017    2018    0.045564-0.125260.991077GGG     
CBAR    2018    2018    2018    2019    0.045564-0.125260.991077GGG     
CBAR    2019    2019    2019    2020    0.045564-0.125260.991077GGG     
CBAR    2020    2020    2020    2021    0.045564-0.125260.991077GGG     
CBAR    2021    2021    2021    2022    0.045564-0.125260.991077GGG     
CBAR    2022    2022    2022    2023    0.045564-0.125260.991077GGG     
CBAR    2023    2023    2023    2024    0.045564-0.125260.991077GGG     
CBAR    2024    2024    2024    2025    0.045564-0.125260.991077GGG     
CBAR    2025    2025    2025    2026    0.045564-0.125260.991077GGG     
CBAR    2026    2026    2026    2027    0.045564-0.125260.991077GGG     
CBAR    2027    2027    2027    2028    0.045564-0.125260.991077GGG     
CBAR    2028    2028    2028    2029    0.045564-0.125260.991077GGG     
CBAR    2029    2029    2029    2030    0.007571-0.098920.995066GGG     
CBAR    2030    2030    2030    2031    0.007571-0.098920.995066GGG     
CBAR    2031    2031    2031    2032    0.007571-0.098920.995066GGG     
CBAR    2032    2032    2032    2033    0.007571-0.098920.995066GGG     
CBAR    2033    2033    2033    2034    0.007571-0.098920.995066GGG     
CBAR    2034    2034    2034    2035    0.007571-0.098920.995066GGG     
CBAR    2035    2035    2035    2036    0.007571-0.098920.995066GGG     
CBAR    2036    2036    2036    2037    0.007571-0.098920.995066GGG     
CBAR    2037    2037    2037    2038    0.007571-0.098920.995066GGG     
CBAR    2038    2038    2038    2039    0.007571-0.098920.995066GGG     
CBAR    2039    2039    2039    2040    0.007571-0.098920.995066GGG     
CBAR    2040    2040    2040    2041    0.007571-0.098920.995066GGG     
CBAR    2041    2041    2041    2042    0.007571-0.098920.995066GGG     
CBAR    2042    2042    2042    2043    0.007571-0.098920.995066GGG     
CBAR    2043    2043    2043    2044    0.007571-0.098920.995066GGG     
CBAR    2044    2044    2044    2045    0.007571-0.098920.995066GGG     
CBAR    2045    2045    2045    2046    0.007571-0.098920.995066GGG     
CBAR    2046    2046    2046    2047    0.007571-0.098920.995066GGG     
CBAR    2047    2047    2047    2048    0.007571-0.098920.995066GGG     
CBAR    2048    2048    2048    2049    0.007571-0.098920.995066GGG     
CBAR    2049    2049    2049    2050    0.007571-0.098920.995066GGG     
CBAR    2050    2050    2050    2051    0.007571-0.098920.995066GGG     
CBAR    2051    2051    2051    2052    0.007571-0.098920.995066GGG     
CBAR    2052    2052    2052    2053    0.007571-0.098920.995066GGG     
CBAR    2053    2053    2053    2054    0.007571-0.098920.995066GGG     
CBAR    2054    2054    2054    2055    0.007571-0.098920.995066GGG     
CBAR    2055    2055    2055    2056    0.007571-0.098920.995066GGG     
CBAR    2056    2056    2056    2057    0.007571-0.098920.995066GGG     
CBAR    2057    2057    2057    2058    0.007571-0.098920.995066GGG     
CBAR    2058    2058    2058    2059    0.007571-0.098920.995066GGG     
CBAR    2059    2059    2059    2060    0.007571-0.098920.995066GGG     
CBAR    2060    2060    2060    2061    0.007571-0.098920.995066GGG     
CBAR    2061    2061    2061    2062    -0.00283-0.093520.995613GGG     
CBAR    2062    2062    2062    2063    -0.00283-0.093520.995613GGG     
CBAR    2063    2063    2063    2064    -0.00283-0.093520.995613GGG     
CBAR    2064    2064    2064    2065    -0.00283-0.093520.995613GGG     
CBAR    2065    2065    2065    2066    -0.00283-0.093520.995613GGG     
CBAR    2066    2066    2066    2067    -0.00283-0.093520.995613GGG     
CBAR    2067    2067    2067    2068    -0.00283-0.093520.995613GGG     
CBAR    2068    2068    2068    2069    -0.00283-0.093520.995613GGG     
CBAR    2069    2069    2069    2070    -0.00283-0.093520.995613GGG     
CBAR    2070    2070    2070    2071    -0.00283-0.093520.995613GGG     
CBAR    2071    2071    2071    2072    -0.00283-0.093520.995613GGG     
CBAR    2072    2072    2072    2073    -0.00283-0.093520.995613GGG     
CBAR    2073    2073    2073    2074    -0.00283-0.093520.995613GGG     
CBAR    2074    2074    2074    2075    -0.00283-0.093520.995613GGG     
CBAR    2075    2075    2075    2076    -0.00283-0.093520.995613GGG     
CBAR    2076    2076    2076    2077    -0.00283-0.093520.995613GGG     
CBAR    2077    2077    2077    2078    -0.00283-0.093520.995613GGG     
CBAR    2078    2078    2078    2079    -0.00283-0.093520.995613GGG     
CBAR    2079    2079    2079    2080    -0.00283-0.093520.995613GGG     
CBAR    2080    2080    2080    2081    -0.00283-0.093520.995613GGG     
CBAR    2081    2081    2081    2082    -0.00283-0.093520.995613GGG     
CBAR    2082    2082    2082    2083    -0.00283-0.093520.995613GGG     
CBAR    2083    2083    2083    2084    -0.00283-0.093520.995613GGG     
CBAR    2084    2084    2084    2085    -0.00283-0.093520.995613GGG     
CBAR    2085    2085    2085    2086    -0.00283-0.093520.995613GGG     
CBAR    2086    2086    2086    2087    -0.00283-0.093520.995613GGG     
CBAR    2087    2087    2087    2088    -0.00283-0.093520.995613GGG     
CBAR    2088    2088    2088    2089    -0.00283-0.093520.995613GGG     
CBAR    2089    2089    2089    2090    -0.00283-0.093520.995613GGG     
CBAR    2090    2090    2090    2091    -0.00283-0.093520.995613GGG     
CBAR    2091    2091    2091    2092    -0.00283-0.093520.995613GGG     
CBAR    2092    2092    2092    2093    -0.00283-0.093520.995613GGG     
CBAR    2093    2000    2000    2094    0.0     0.0     1.0     GGG     
CBAR    2094    2001    2094    2095    0.0     0.0     1.0     GGG     
CBAR    2095    2002    2095    2096    0.0455640.12526 0.991077GGG     
CBAR    2096    2003    2096    2097    0.0455640.12526 0.991077GGG     
CBAR    2097    2004    2097    2098    0.0455640.12526 0.991077GGG     
CBAR    2098    2005    2098    2099    0.0455640.12526 0.991077GGG     
CBAR    2099    2006    2099    2100    0.0455640.12526 0.991077GGG     
CBAR    2100    2007    2100    2101    0.0455640.12526 0.991077GGG     
CBAR    2101    2008    2101    2102    0.0455640.12526 0.991077GGG     
CBAR    2102    2009    2102    2103    0.0455640.12526 0.991077GGG     
CBAR    2103    2010    2103    2104    0.0455640.12526 0.991077GGG     
CBAR    2104    2011    2104    2105    0.0455640.12526 0.991077GGG     
CBAR    2105    2012    2105    2106    0.0455640.12526 0.991077GGG     
CBAR    2106    2013    2106    2107    0.0455640.12526 0.991077GGG     
CBAR    2107    2014    2107    2108    0.0455640.12526 0.991077GGG     
CBAR    2108    2015    2108    2109    0.0455640.12526 0.991077GGG     
CBAR    2109    2016    2109    2110    0.0455640.12526 0.991077GGG     
CBAR    2110    2017    2110    2111    0.0455640.12526 0.991077GGG     
CBAR    2111    2018    2111    2112    0.0455640.12526 0.991077GGG     
CBAR    2112    2019    2112    2113    0.0455640.12526 0.991077GGG     
CBAR    2113    2020    2113    2114    0.0455640.12526 0.991077GGG     
CBAR    2114    2021    2114    2115    0.0455640.12526 0.991077GGG     
CBAR    2115    2022    2115    2116    0.0455640.12526 0.991077GGG     
CBAR    2116    2023    2116    2117    0.0455640.12526 0.991077GGG     
CBAR    2117    2024    2117    2118    0.0455640.12526 0.991077GGG     
CBAR    2118    2025    2118    2119    0.0455640.12526 0.991077GGG     
CBAR    2119    2026    2119    2120    0.0455640.12526 0.991077GGG     
CBAR    2120    2027    2120    2121    0.0455640.12526 0.991077GGG     
CBAR    2121    2028    2121    2122    0.0455640.12526 0.991077GGG     
CBAR    2122    2029    2122    2123    0.0075710.0989210.995066GGG     
CBAR    2123    2030    2123    2124    0.0075710.0989210.995066GGG     
CBAR    2124    2031    2124    2125    0.0075710.0989210.995066GGG     
CBAR    2125    2032    2125    2126    0.0075710.0989210.995066GGG     
CBAR    2126    2033    2126    2127    0.0075710.0989210.995066GGG     
CBAR    2127    2034    2127    2128    0.0075710.0989210.995066GGG     
CBAR    2128    2035    2128    2129    0.0075710.0989210.995066GGG     
CBAR    2129    2036    2129    2130    0.0075710.0989210.995066GGG     
CBAR    2130    2037    2130    2131    0.0075710.0989210.995066GGG     
CBAR    2131    2038    2131    2132    0.0075710.0989210.995066GGG     
CBAR    2132    2039    2132    2133    0.0075710.0989210.995066GGG     
CBAR    2133    2040    2133    2134    0.0075710.0989210.995066GGG     
CBAR    2134    2041    2134    2135    0.0075710.0989210.995066GGG     
CBAR    2135    2042    2135    2136    0.0075710.0989210.995066GGG     
CBAR    2136    2043    2136    2137    0.0075710.0989210.995066GGG     
CBAR    2137    2044    2137    2138    0.0075710.0989210.995066GGG     
CBAR    2138    2045    2138    2139    0.0075710.0989210.995066GGG     
CBAR    2139    2046    2139    2140    0.0075710.0989210.995066GGG     
CBAR    2140    2047    2140    2141    0.0075710.0989210.995066GGG     
CBAR    2141    2048    2141    2142    0.0075710.0989210.995066GGG     
CBAR    2142    2049    2142    2143    0.0075710.0989210.995066GGG     
CBAR    2143    2050    2143    2144    0.0075710.0989210.995066GGG     
CBAR    2144    2051    2144    2145    0.0075710.0989210.995066GGG     
CBAR    2145    2052    2145    2146    0.0075710.0989210.995066GGG     
CBAR    2146    2053    2146    2147    0.0075710.0989210.995066GGG     
CBAR    2147    2054    2147    2148    0.0075710.0989210.995066GGG     
CBAR    2148    2055    2148    2149    0.0075710.0989210.995066GGG     
CBAR    2149    2056    2149    2150    0.0075710.0989210.995066GGG     
CBAR    2150    2057    2150    2151    0.0075710.0989210.995066GGG     
CBAR    2151    2058    2151    2152    0.0075710.0989210.995066GGG     
CBAR    2152    2059    2152    2153    0.0075710.0989210.995066GGG     
CBAR    2153    2060    2153    2154    0.0075710.0989210.995066GGG     
CBAR    2154    2061    2154    2155    -0.002830.0935230.995613GGG     
CBAR    2155    2062    2155    2156    -0.002830.0935230.995613GGG     
CBAR    2156    2063    2156    2157    -0.002830.0935230.995613GGG     
CBAR    2157    2064    2157    2158    -0.002830.0935230.995613GGG     
CBAR    2158    2065    2158    2159    -0.002830.0935230.995613GGG     
CBAR    2159    2066    2159    2160    -0.002830.0935230.995613GGG     
CBAR    2160    2067    2160    2161    -0.002830.0935230.995613GGG     
CBAR    2161    2068    2161    2162    -0.002830.0935230.995613GGG     
CBAR    2162    2069    2162    2163    -0.002830.0935230.995613GGG     
CBAR    2163    2070    2163    2164    -0.002830.0935230.995613GGG     
CBAR    2164    2071    2164    2165    -0.002830.0935230.995613GGG     
CBAR    2165    2072    2165    2166    -0.002830.0935230.995613GGG     
CBAR    2166    2073    2166    2167    -0.002830.0935230.995613GGG     
CBAR    2167    2074    2167    2168    -0.002830.0935230.995613GGG     
CBAR    2168    2075    2168    2169    -0.002830.0935230.995613GGG     
CBAR    2169    2076    2169    2170    -0.002830.0935230.995613GGG     
CBAR    2170    2077    2170    2171    -0.002830.0935230.995613GGG     
CBAR    2171    2078    2171    2172    -0.002830.0935230.995613GGG     
CBAR    2172    2079    2172    2173    -0.002830.0935230.995613GGG     
CBAR    2173    2080    2173    2174    -0.002830.0935230.995613GGG     
CBAR    2174    2081    2174    2175    -0.002830.0935230.995613GGG     
CBAR    2175    2082    2175    2176    -0.002830.0935230.995613GGG     
CBAR    2176    2083    2176    2177    -0.002830.0935230.995613GGG     
CBAR    2177    2084    2177    2178    -0.002830.0935230.995613GGG     
CBAR    2178    2085    2178    2179    -0.002830.0935230.995613GGG     
CBAR    2179    2086    2179    2180    -0.002830.0935230.995613GGG     
CBAR    2180    2087    2180    2181    -0.002830.0935230.995613GGG     
CBAR    2181    2088    2181    2182    -0.002830.0935230.995613GGG     
CBAR    2182    2089    2182    2183    -0.002830.0935230.995613GGG     
CBAR    2183    2090    2183    2184    -0.002830.0935230.995613GGG     
CBAR    2184    2091    2184    2185    -0.002830.0935230.995613GGG     
CBAR    2185    2092    2185    2186    -0.002830.0935230.995613GGG     
CBAR    3000    3000    3000    3001    0.0     -1.0    0.0     GGG     
CBAR    3001    3001    3001    3002    0.0     -1.0    0.0     GGG     
CBAR    3002    3002    3002    3003    0.0     -1.0    0.0     GGG     
CBAR    3003    3003    3003    3004    0.0     -1.0    0.0     GGG     
CBAR    3004    3004    3004    3005    0.0     -1.0    0.0     GGG     
CBAR    3005    3005    3005    3006    0.0     -1.0    0.0     GGG     
CBAR    3006    3006    3006    3007    0.0     -1.0    0.0     GGG     
CBAR    3007    3007    3007    3008    0.0     -1.0    0.0     GGG     
CBAR    3008    3008    3008    3009    0.0     -1.0    0.0     GGG     
CBAR    3009    3009    3009    3010    0.0     -1.0    0.0     GGG     
CBAR    3010    3010    3010    3011    0.0     -1.0    0.0     GGG     
CBAR    3011    3011    3011    3012    0.0     -1.0    0.0     GGG     
CBAR    3012    3012    3012    3013    0.0     -1.0    0.0     GGG     
CBAR    3013    3013    3013    3014    0.0     -1.0    0.0     GGG     
CBAR    3014    3014    3014    3015    0.0     -1.0    0.0     GGG     
CBAR    3015    3015    3015    3016    0.0     -1.0    0.0     GGG     
CBAR    3016    3016    3016    3017    0.0     -1.0    0.0     GGG     
CBAR    3017    3017    3017    3018    0.0     -1.0    0.0     GGG     
CBAR    3018    3018    3018    3019    0.0     -1.0    0.0     GGG     
CBAR    3019    3019    3019    3020    0.0     -1.0    0.0     GGG     
CBAR    3020    3020    3020    3021    0.0     -1.0    0.0     GGG     
CBAR    3021    3021    3021    3022    0.0     -1.0    0.0     GGG     
CBAR    3022    3022    3022    3023    0.0     -1.0    0.0     GGG     
CBAR    3023    3023    3023    3024    0.0     -1.0    0.0     GGG     
CBAR    3024    3024    3024    3025    0.0     -1.0    0.0     GGG     
CBAR    3025    3025    3025    3026    0.0     -1.0    0.0     GGG     
CBAR    3026    3026    3026    3027    0.0     -1.0    0.0     GGG     
CBAR    3027    3027    3027    3028    0.0     -1.0    0.0     GGG     
CBAR    3028    3028    3028    3029    0.0     -1.0    0.0     GGG     
CBAR    3029    3029    3029    3030    0.0     -1.0    0.0     GGG     
CBAR    4000    4000    4000    4001    0.0     0.0     1.0     GGG     
CBAR    4001    4001    4001    4002    0.0     0.0     1.0     GGG     
CBAR    4002    4002    4002    4003    0.0     -0.104520.994522GGG     
CBAR    4003    4003    4003    4004    0.0     -0.104520.994522GGG     
CBAR    4004    4004    4004    4005    0.0     -0.104520.994522GGG     
CBAR    4005    4005    4005    4006    0.0     -0.104520.994522GGG     
CBAR    4006    4006    4006    4007    0.0     -0.104520.994522GGG     
CBAR    4007    4007    4007    4008    0.0     -0.104520.994522GGG     
CBAR    4008    4008    4008    4009    0.0     -0.104520.994522GGG     
CBAR    4009    4009    4009    4010    0.0     -0.104520.994522GGG     
CBAR    4010    4010    4010    4011    0.0     -0.104520.994522GGG     
CBAR    4011    4011    4011    4012    0.0     -0.104520.994522GGG     
CBAR    4012    4012    4012    4013    0.0     -0.104520.994522GGG     
CBAR    4013    4013    4013    4014    0.0     -0.104520.994522GGG     
CBAR    4014    4014    4014    4015    0.0     -0.104520.994522GGG     
CBAR    4015    4015    4015    4016    0.0     -0.104520.994522GGG     
CBAR    4016    4016    4016    4017    0.0     -0.104520.994522GGG     
CBAR    4017    4017    4017    4018    0.0     -0.104520.994522GGG     
CBAR    4018    4018    4018    4019    0.0     -0.104520.994522GGG     
CBAR    4019    4019    4019    4020    0.0     -0.104520.994522GGG     
CBAR    4020    4020    4020    4021    0.0     -0.104520.994522GGG     
CBAR    4021    4021    4021    4022    0.0     -0.104520.994522GGG     
CBAR    4022    4022    4022    4023    0.0     -0.104520.994522GGG     
CBAR    4023    4023    4023    4024    0.0     -0.104520.994522GGG     
CBAR    4024    4024    4024    4025    0.0     -0.104520.994522GGG     
CBAR    4025    4025    4025    4026    0.0     -0.104520.994522GGG     
CBAR    4026    4026    4026    4027    0.0     -0.104520.994522GGG     
CBAR    4027    4027    4027    4028    0.0     -0.104520.994522GGG     
CBAR    4028    4028    4028    4029    0.0     -0.104520.994522GGG     
CBAR    4029    4029    4029    4030    0.0     -0.104520.994522GGG     
CBAR    4030    4030    4030    4031    0.0     -0.104520.994522GGG     
CBAR    4031    4031    4031    4032    0.0     -0.104520.994522GGG     
CBAR    4032    4032    4032    4033    0.0     -0.104520.994522GGG     
CBAR    4033    4033    4033    4034    0.0     -0.104520.994522GGG     
CBAR    4034    4034    4034    4035    0.0     -0.104520.994522GGG     
CBAR    4035    4035    4035    4036    0.0     -0.104520.994522GGG     
CBAR    4036    4036    4036    4037    0.0     -0.104520.994522GGG     
CBAR    4037    4037    4037    4038    0.0     -0.104520.994522GGG     
CBAR    4038    4038    4038    4039    0.0     -0.104520.994522GGG     
CBAR    4039    4039    4039    4040    0.0     -0.104520.994522GGG     
CBAR    4040    4040    4040    4041    0.0     -0.104520.994522GGG     
CBAR    4041    4041    4041    4042    0.0     -0.104520.994522GGG     
CBAR    4042    4042    4042    4043    0.0     -0.104520.994522GGG     
CBAR    4043    4043    4043    4044    0.0     -0.104520.994522GGG     
CBAR    4044    4044    4044    4045    0.0     -0.104520.994522GGG     
CBAR    4045    4045    4045    4046    0.0     -0.104520.994522GGG     
CBAR    4046    4046    4046    4047    0.0     -0.104520.994522GGG     
CBAR    4047    4047    4047    4048    0.0     -0.104520.994522GGG     
CBAR    4048    4048    4048    4049    0.0     -0.104520.994522GGG     
CBAR    4049    4049    4049    4050    0.0     -0.104520.994522GGG     
CBAR    4050    4050    4050    4051    0.0     -0.104520.994522GGG     
CBAR    4051    4051    4051    4052    0.0     -0.104520.994522GGG     
CBAR    4052    4052    4052    4053    0.0     -0.104520.994522GGG     
CBAR    4053    4053    4053    4054    0.0     -0.104520.994522GGG     
CBAR    4054    4054    4054    4055    0.0     -0.104520.994522GGG     
CBAR    4055    4055    4055    4056    0.0     -0.104520.994522GGG     
CBAR    4056    4056    4056    4057    0.0     -0.104520.994522GGG     
CBAR    4057    4057    4057    4058    0.0     -0.104520.994522GGG     
CBAR    4058    4058    4058    4059    0.0     -0.104520.994522GGG     
CBAR    4059    4059    4059    4060    0.0     -0.104520.994522GGG     
CBAR    4060    4060    4060    4061    0.0     -0.104520.994522GGG     
CBAR    4061    4061    4061    4062    0.0     -0.104520.994522GGG     
CBAR    4062    4062    4062    4063    0.0     -0.104520.994522GGG     
CBAR    4063    4000    4000    4064    0.0     0.0     1.0     GGG     
CBAR    4064    4001    4064    4065    0.0     0.0     1.0     GGG     
CBAR    4065    4002    4065    4066    0.0     0.1045280.994522GGG     
CBAR    4066    4003    4066    4067    0.0     0.1045280.994522GGG     
CBAR    4067    4004    4067    4068    0.0     0.1045280.994522GGG     
CBAR    4068    4005    4068    4069    0.0     0.1045280.994522GGG     
CBAR    4069    4006    4069    4070    0.0     0.1045280.994522GGG     
CBAR    4070    4007    4070    4071    0.0     0.1045280.994522GGG     
CBAR    4071    4008    4071    4072    0.0     0.1045280.994522GGG     
CBAR    4072    4009    4072    4073    0.0     0.1045280.994522GGG     
CBAR    4073    4010    4073    4074    0.0     0.1045280.994522GGG     
CBAR    4074    4011    4074    4075    0.0     0.1045280.994522GGG     
CBAR    4075    4012    4075    4076    0.0     0.1045280.994522GGG     
CBAR    4076    4013    4076    4077    0.0     0.1045280.994522GGG     
CBAR    4077    4014    4077    4078    0.0     0.1045280.994522GGG     
CBAR    4078    4015    4078    4079    0.0     0.1045280.994522GGG     
CBAR    4079    4016    4079    4080    0.0     0.1045280.994522GGG     
CBAR    4080    4017    4080    4081    0.0     0.1045280.994522GGG     
CBAR    4081    4018    4081    4082    0.0     0.1045280.994522GGG     
CBAR    4082    4019    4082    4083    0.0     0.1045280.994522GGG     
CBAR    4083    4020    4083    4084    0.0     0.1045280.994522GGG     
CBAR    4084    4021    4084    4085    0.0     0.1045280.994522GGG     
CBAR    4085    4022    4085    4086    0.0     0.1045280.994522GGG     
CBAR    4086    4023    4086    4087    0.0     0.1045280.994522GGG     
CBAR    4087    4024    4087    4088    0.0     0.1045280.994522GGG     
CBAR    4088    4025    4088    4089    0.0     0.1045280.994522GGG     
CBAR    4089    4026    4089    4090    0.0     0.1045280.994522GGG     
CBAR    4090    4027    4090    4091    0.0     0.1045280.994522GGG     
CBAR    4091    4028    4091    4092    0.0     0.1045280.994522GGG     
CBAR    4092    4029    4092    4093    0.0     0.1045280.994522GGG     
CBAR    4093    4030    4093    4094    0.0     0.1045280.994522GGG     
CBAR    4094    4031    4094    4095    0.0     0.1045280.994522GGG     
CBAR    4095    4032    4095    4096    0.0     0.1045280.994522GGG     
CBAR    4096    4033    4096    4097    0.0     0.1045280.994522GGG     
CBAR    4097    4034    4097    4098    0.0     0.1045280.994522GGG     
CBAR    4098    4035    4098    4099    0.0     0.1045280.994522GGG     
CBAR    4099    4036    4099    4100    0.0     0.1045280.994522GGG     
CBAR    4100    4037    4100    4101    0.0     0.1045280.994522GGG     
CBAR    4101    4038    4101    4102    0.0     0.1045280.994522GGG     
CBAR    4102    4039    4102    4103    0.0     0.1045280.994522GGG     
CBAR    4103    4040    4103    4104    0.0     0.1045280.994522GGG     
CBAR    4104    4041    4104    4105    0.0     0.1045280.994522GGG     
CBAR    4105    4042    4105    4106    0.0     0.1045280.994522GGG     
CBAR    4106    4043    4106    4107    0.0     0.1045280.994522GGG     
CBAR    4107    4044    4107    4108    0.0     0.1045280.994522GGG     
CBAR    4108    4045    4108    4109    0.0     0.1045280.994522GGG     
CBAR    4109    4046    4109    4110    0.0     0.1045280.994522GGG     
CBAR    4110    4047    4110    4111    0.0     0.1045280.994522GGG     
CBAR    4111    4048    4111    4112    0.0     0.1045280.994522GGG     
CBAR    4112    4049    4112    4113    0.0     0.1045280.994522GGG     
CBAR    4113    4050    4113    4114    0.0     0.1045280.994522GGG     
CBAR    4114    4051    4114    4115    0.0     0.1045280.994522GGG     
CBAR    4115    4052    4115    4116    0.0     0.1045280.994522GGG     
CBAR    4116    4053    4116    4117    0.0     0.1045280.994522GGG     
CBAR    4117    4054    4117    4118    0.0     0.1045280.994522GGG     
CBAR    4118    4055    4118    4119    0.0     0.1045280.994522GGG     
CBAR    4119    4056    4119    4120    0.0     0.1045280.994522GGG     
CBAR    4120    4057    4120    4121    0.0     0.1045280.994522GGG     
CBAR    4121    4058    4121    4122    0.0     0.1045280.994522GGG     
CBAR    4122    4059    4122    4123    0.0     0.1045280.994522GGG     
CBAR    4123    4060    4123    4124    0.0     0.1045280.994522GGG     
CBAR    4124    4061    4124    4125    0.0     0.1045280.994522GGG     
CBAR    4125    4062    4125    4126    0.0     0.1045280.994522GGG     

$-------2-------3-------4-------5-------6-------7-------8-------9-------10
$ Aeronode definition
$-------2-------3-------4-------5-------6-------7-------8-------9-------10
GRID    10000   0       0.      0.      -1.047680       0       0       
GRID    10001   0       0.      0.      -1.047680       0       0       
GRID    10002   0       0.      0.      -1.047680       0       0       
GRID    10003   0       0.      0.      -1.047680       0       0       
GRID    10004   0       0.9412960.888618-0.741830       0       0       
GRID    10005   0       0.9412960.      0.1776320       0       0       
GRID    10006   0       0.941296-0.88861-0.741830       0       0       
GRID    10007   0       0.9412960.      -1.6613 0       0       0       
GRID    10008   0       1.5574  1.23492 -0.541640       0       0       
GRID    10009   0       1.5574  0.      0.7361370       0       0       
GRID    10010   0       1.5574  -1.23492-0.541640       0       0       
GRID    10011   0       1.5574  0.      -1.819430       0       0       
GRID    10012   0       2.82389 1.47685 -0.364580       0       0       
GRID    10013   0       2.82389 0.      1.17218 0       0       0       
GRID    10014   0       2.82389 -1.47685-0.364580       0       0       
GRID    10015   0       2.82389 0.      -1.901350       0       0       
GRID    10016   0       3.76518 1.65667 -0.232970       0       0       
GRID    10017   0       3.76518 0.      1.49627 0       0       0       
GRID    10018   0       3.76518 -1.65667-0.232970       0       0       
GRID    10019   0       3.76518 0.      -1.962220       0       0       
GRID    10020   0       4.70648 1.83648 -0.101370       0       0       
GRID    10021   0       4.70648 0.      1.82035 0       0       0       
GRID    10022   0       4.70648 -1.83648-0.101370       0       0       
GRID    10023   0       4.70648 0.      -2.0231 0       0       0       
GRID    10024   0       5.43158 1.975   0.      0       0       0       
GRID    10025   0       5.43158 0.      2.07    0       0       0       
GRID    10026   0       5.43158 -1.975  0.      0       0       0       
GRID    10027   0       5.43158 0.      -2.07   0       0       0       
GRID    10028   0       6.58907 1.975   0.      0       0       0       
GRID    10029   0       6.58907 0.      2.07    0       0       0       
GRID    10030   0       6.58907 -1.975  0.      0       0       0       
GRID    10031   0       6.58907 0.      -2.07   0       0       0       
GRID    10032   0       7.53037 1.975   0.      0       0       0       
GRID    10033   0       7.53037 0.      2.07    0       0       0       
GRID    10034   0       7.53037 -1.975  0.      0       0       0       
GRID    10035   0       7.53037 0.      -2.07   0       0       0       
GRID    10036   0       8.47166 1.975   0.      0       0       0       
GRID    10037   0       8.47166 0.      2.07    0       0       0       
GRID    10038   0       8.47166 -1.975  0.      0       0       0       
GRID    10039   0       8.47166 0.      -2.07   0       0       0       
GRID    10040   0       9.41296 1.975   0.      0       0       0       
GRID    10041   0       9.41296 0.      2.07    0       0       0       
GRID    10042   0       9.41296 -1.975  0.      0       0       0       
GRID    10043   0       9.41296 0.      -2.07   0       0       0       
GRID    10044   0       10.3543 1.975   0.      0       0       0       
GRID    10045   0       10.3543 0.      2.07    0       0       0       
GRID    10046   0       10.3543 -1.975  0.      0       0       0       
GRID    10047   0       10.3543 0.      -2.07   0       0       0       
GRID    10048   0       11.2956 1.975   0.      0       0       0       
GRID    10049   0       11.2956 0.      2.07    0       0       0       
GRID    10050   0       11.2956 -1.975  0.      0       0       0       
GRID    10051   0       11.2956 0.      -2.07   0       0       0       
GRID    10052   0       12.2368 1.975   0.      0       0       0       
GRID    10053   0       12.2368 0.      2.07    0       0       0       
GRID    10054   0       12.2368 -1.975  0.      0       0       0       
GRID    10055   0       12.2368 0.      -2.07   0       0       0       
GRID    10056   0       13.1781 1.975   0.      0       0       0       
GRID    10057   0       13.1781 0.      2.07    0       0       0       
GRID    10058   0       13.1781 -1.975  0.      0       0       0       
GRID    10059   0       13.1781 0.      -2.07   0       0       0       
GRID    10060   0       14.1194 1.975   0.      0       0       0       
GRID    10061   0       14.1194 0.      2.07    0       0       0       
GRID    10062   0       14.1194 -1.975  0.      0       0       0       
GRID    10063   0       14.1194 0.      -2.07   0       0       0       
GRID    10064   0       15.0607 1.975   0.      0       0       0       
GRID    10065   0       15.0607 0.      2.07    0       0       0       
GRID    10066   0       15.0607 -1.975  0.      0       0       0       
GRID    10067   0       15.0607 0.      -2.07   0       0       0       
GRID    10068   0       16.002  1.975   0.      0       0       0       
GRID    10069   0       16.002  0.      2.07    0       0       0       
GRID    10070   0       16.002  -1.975  0.      0       0       0       
GRID    10071   0       16.002  0.      -2.07   0       0       0       
GRID    10072   0       16.9433 1.975   0.      0       0       0       
GRID    10073   0       16.9433 0.      2.07    0       0       0       
GRID    10074   0       16.9433 -1.975  0.      0       0       0       
GRID    10075   0       16.9433 0.      -2.07   0       0       0       
GRID    10076   0       18.3146 1.975   0.      0       0       0       
GRID    10077   0       18.3146 0.      2.07    0       0       0       
GRID    10078   0       18.3146 -1.975  0.      0       0       0       
GRID    10079   0       18.3146 0.      -2.07   0       0       0       
GRID    10080   0       18.8259 1.975   0.      0       0       0       
GRID    10081   0       18.8259 0.      2.07    0       0       0       
GRID    10082   0       18.8259 -1.975  0.      0       0       0       
GRID    10083   0       18.8259 0.      -2.07   0       0       0       
GRID    10084   0       19.7672 1.975   0.      0       0       0       
GRID    10085   0       19.7672 0.      2.07    0       0       0       
GRID    10086   0       19.7672 -1.975  0.      0       0       0       
GRID    10087   0       19.7672 0.      -2.07   0       0       0       
GRID    10088   0       20.7085 1.975   0.      0       0       0       
GRID    10089   0       20.7085 0.      2.07    0       0       0       
GRID    10090   0       20.7085 -1.975  0.      0       0       0       
GRID    10091   0       20.7085 0.      -2.07   0       0       0       
GRID    10092   0       21.6498 1.975   0.      0       0       0       
GRID    10093   0       21.6498 0.      2.07    0       0       0       
GRID    10094   0       21.6498 -1.975  0.      0       0       0       
GRID    10095   0       21.6498 0.      -2.07   0       0       0       
GRID    10096   0       22.5911 1.975   0.      0       0       0       
GRID    10097   0       22.5911 0.      2.07    0       0       0       
GRID    10098   0       22.5911 -1.975  0.      0       0       0       
GRID    10099   0       22.5911 0.      -2.07   0       0       0       
GRID    10100   0       23.5324 1.975   0.      0       0       0       
GRID    10101   0       23.5324 0.      2.07    0       0       0       
GRID    10102   0       23.5324 -1.975  0.      0       0       0       
GRID    10103   0       23.5324 0.      -2.07   0       0       0       
GRID    10104   0       24.4737 1.975   0.      0       0       0       
GRID    10105   0       24.4737 0.      2.07    0       0       0       
GRID    10106   0       24.4737 -1.975  0.      0       0       0       
GRID    10107   0       24.4737 0.      -2.07   0       0       0       
GRID    10108   0       25.415  1.975   0.      0       0       0       
GRID    10109   0       25.415  0.      2.07    0       0       0       
GRID    10110   0       25.415  -1.975  0.      0       0       0       
GRID    10111   0       25.415  0.      -2.07   0       0       0       
GRID    10112   0       26.3563 1.975   0.      0       0       0       
GRID    10113   0       26.3563 0.      2.07    0       0       0       
GRID    10114   0       26.3563 -1.975  0.      0       0       0       
GRID    10115   0       26.3563 0.      -2.07   0       0       0       
GRID    10116   0       27.2976 1.975   0.      0       0       0       
GRID    10117   0       27.2976 0.      2.07    0       0       0       
GRID    10118   0       27.2976 -1.975  0.      0       0       0       
GRID    10119   0       27.2976 0.      -2.07   0       0       0       
GRID    10120   0       28.2389 1.975   0.      0       0       0       
GRID    10121   0       28.2389 0.      2.07    0       0       0       
GRID    10122   0       28.2389 -1.975  0.      0       0       0       
GRID    10123   0       28.2389 0.      -2.07   0       0       0       
GRID    10124   0       29.1802 1.975   0.      0       0       0       
GRID    10125   0       29.1802 0.      2.07    0       0       0       
GRID    10126   0       29.1802 -1.975  0.      0       0       0       
GRID    10127   0       29.1802 0.      -2.07   0       0       0       
GRID    10128   0       30.1215 1.975   0.      0       0       0       
GRID    10129   0       30.1215 0.      2.07    0       0       0       
GRID    10130   0       30.1215 -1.975  0.      0       0       0       
GRID    10131   0       30.1215 0.      -2.07   0       0       0       
GRID    10132   0       31.0628 1.975   0.      0       0       0       
GRID    10133   0       31.0628 0.      2.07    0       0       0       
GRID    10134   0       31.0628 -1.975  0.      0       0       0       
GRID    10135   0       31.0628 0.      -2.07   0       0       0       
GRID    10136   0       32.0041 1.975   0.      0       0       0       
GRID    10137   0       32.0041 0.      2.07    0       0       0       
GRID    10138   0       32.0041 -1.975  0.      0       0       0       
GRID    10139   0       32.0041 0.      -2.07   0       0       0       
GRID    10140   0       33.1138 1.975   0.      0       0       0       
GRID    10141   0       33.1138 0.      2.07    0       0       0       
GRID    10142   0       33.1138 -1.975  0.      0       0       0       
GRID    10143   0       33.1138 0.      -2.07   0       0       0       
GRID    10144   0       33.8867 1.9127  0.0635400       0       0       
GRID    10145   0       33.8867 0.      2.06824 0       0       0       
GRID    10146   0       33.8867 -1.9127 0.0635400       0       0       
GRID    10147   0       33.8867 0.      -1.941160       0       0       
GRID    10148   0       34.828  1.83451 0.1409290       0       0       
GRID    10149   0       34.828  0.      2.06368 0       0       0       
GRID    10150   0       34.828  -1.834510.1409290       0       0       
GRID    10151   0       34.828  0.      -1.781820       0       0       
GRID    10152   0       35.7692 1.75375 0.2183170       0       0       
GRID    10153   0       35.7692 0.      2.05643 0       0       0       
GRID    10154   0       35.7692 -1.753750.2183170       0       0       
GRID    10155   0       35.7692 0.      -1.619790       0       0       
GRID    10156   0       36.7105 1.67015 0.2957060       0       0       
GRID    10157   0       36.7105 0.      2.04619 0       0       0       
GRID    10158   0       36.7105 -1.670150.2957060       0       0       
GRID    10159   0       36.7105 0.      -1.454780       0       0       
GRID    10160   0       37.6518 1.58293 0.3730940       0       0       
GRID    10161   0       37.6518 0.      2.03217 0       0       0       
GRID    10162   0       37.6518 -1.582930.3730940       0       0       
GRID    10163   0       37.6518 0.      -1.285980       0       0       
GRID    10164   0       38.5931 1.49173 0.4504830       0       0       
GRID    10165   0       38.5931 0.      2.01397 0       0       0       
GRID    10166   0       38.5931 -1.491730.4504830       0       0       
GRID    10167   0       38.5931 0.      -1.113  0       0       0       
GRID    10168   0       39.5344 1.39618 0.5278710       0       0       
GRID    10169   0       39.5344 0.      1.99121 0       0       0       
GRID    10170   0       39.5344 -1.396180.5278710       0       0       
GRID    10171   0       39.5344 0.      -0.935460       0       0       
GRID    10172   0       40.4757 1.29545 0.6052590       0       0       
GRID    10173   0       40.4757 0.      1.96302 0       0       0       
GRID    10174   0       40.4757 -1.295450.6052590       0       0       
GRID    10175   0       40.4757 0.      -0.752490       0       0       
GRID    10176   0       41.417  1.18743 0.6826480       0       0       
GRID    10177   0       41.417  0.      1.92719 0       0       0       
GRID    10178   0       41.417  -1.187430.6826480       0       0       
GRID    10179   0       41.417  0.      -0.561890       0       0       
GRID    10180   0       42.0569 1.10987 0.7352550       0       0       
GRID    10181   0       42.0569 0.      1.89851 0       0       0       
GRID    10182   0       42.0569 -1.109870.7352550       0       0       
GRID    10183   0       42.0569 0.      -0.427990       0       0       
GRID    10184   0       43.3259 0.9417780.8395860       0       0       
GRID    10185   0       43.3259 0.      1.82666 0       0       0       
GRID    10186   0       43.3259 -0.941770.8395860       0       0       
GRID    10187   0       43.3259 0.      -0.147490       0       0       
GRID    10188   0       44.2409 0.8036530.9148130       0       0       
GRID    10189   0       44.2409 0.      1.75712 0       0       0       
GRID    10190   0       44.2409 -0.803650.9148130       0       0       
GRID    10191   0       44.2409 0.      0.0725030       0       0       
GRID    10192   0       45.1822 0.6375640.9922020       0       0       
GRID    10193   0       45.1822 0.      1.66043 0       0       0       
GRID    10194   0       45.1822 -0.637560.9922020       0       0       
GRID    10195   0       45.1822 0.      0.32397 0       0       0       
GRID    10196   0       46.1235 0.4280431.06959 0       0       0       
GRID    10197   0       46.1235 0.      1.51822 0       0       0       
GRID    10198   0       46.1235 -0.428041.06959 0       0       0       
GRID    10199   0       46.1235 0.      0.6209570       0       0       
GRID    10200   0       47.0648 0.      1.14698 0       0       0       
GRID    10201   0       47.0648 0.      1.14698 0       0       0       
GRID    10202   0       47.0648 0.      1.14698 0       0       0       
GRID    10203   0       47.0648 0.      1.14698 0       0       0       
RBE0    1000    1000    10000   10001   10002   10003   
RBE0    1001    1001    10004   10005   10006   10007   
RBE0    1002    1002    10008   10009   10010   10011   
RBE0    1003    1003    10012   10013   10014   10015   
RBE0    1004    1004    10016   10017   10018   10019   
RBE0    1005    1005    10020   10021   10022   10023   
RBE0    1006    1006    10024   10025   10026   10027   
RBE0    1007    1007    10028   10029   10030   10031   
RBE0    1008    1008    10032   10033   10034   10035   
RBE0    1009    1009    10036   10037   10038   10039   
RBE0    1010    1010    10040   10041   10042   10043   
RBE0    1011    1011    10044   10045   10046   10047   
RBE0    1012    1012    10048   10049   10050   10051   
RBE0    1013    1013    10052   10053   10054   10055   
RBE0    1014    1014    10056   10057   10058   10059   
RBE0    1015    1015    10060   10061   10062   10063   
RBE0    1016    1016    10064   10065   10066   10067   
RBE0    1017    1017    10068   10069   10070   10071   
RBE0    1018    1018    10072   10073   10074   10075   
RBE0    1019    1019    10076   10077   10078   10079   
RBE0    1020    1020    10080   10081   10082   10083   
RBE0    1021    1021    10084   10085   10086   10087   
RBE0    1022    1022    10088   10089   10090   10091   
RBE0    1023    1023    10092   10093   10094   10095   
RBE0    1024    1024    10096   10097   10098   10099   
RBE0    1025    1025    10100   10101   10102   10103   
RBE0    1026    1026    10104   10105   10106   10107   
RBE0    1027    1027    10108   10109   10110   10111   
RBE0    1028    1028    10112   10113   10114   10115   
RBE0    1029    1029    10116   10117   10118   10119   
RBE0    1030    1030    10120   10121   10122   10123   
RBE0    1031    1031    10124   10125   10126   10127   
RBE0    1032    1032    10128   10129   10130   10131   
RBE0    1033    1033    10132   10133   10134   10135   
RBE0    1034    1034    10136   10137   10138   10139   
RBE0    1035    1035    10140   10141   10142   10143   
RBE0    1036    1036    10144   10145   10146   10147   
RBE0    1037    1037    10148   10149   10150   10151   
RBE0    1038    1038    10152   10153   10154   10155   
RBE0    1039    1039    10156   10157   10158   10159   
RBE0    1040    1040    10160   10161   10162   10163   
RBE0    1041    1041    10164   10165   10166   10167   
RBE0    1042    1042    10168   10169   10170   10171   
RBE0    1043    1043    10172   10173   10174   10175   
RBE0    1044    1044    10176   10177   10178   10179   
RBE0    1045    1045    10180   10181   10182   10183   
RBE0    1046    1046    10184   10185   10186   10187   
RBE0    1047    1047    10188   10189   10190   10191   
RBE0    1048    1048    10192   10193   10194   10195   
RBE0    1049    1049    10196   10197   10198   10199   
RBE0    1050    1050    10200   10201   10202   10203   
GRID    20000   0       17.1376 0.      -0.977040       0       0       
GRID    20001   0       18.3146 0.      -1.313170       0       0       
GRID    20002   0       19.4916 0.      -0.977040       0       0       
GRID    20003   0       18.3146 0.      -0.640910       0       0       
GRID    20004   0       17.1376 1.01139 -0.977040       0       0       
GRID    20005   0       18.3146 1.01139 -1.313170       0       0       
GRID    20006   0       19.4916 1.01139 -0.977040       0       0       
GRID    20007   0       18.3146 1.01139 -0.640910       0       0       
GRID    20008   0       17.2256 2.02278 -0.977040       0       0       
GRID    20009   0       18.3146 2.02278 -1.313170       0       0       
GRID    20010   0       19.4036 2.02278 -0.977040       0       0       
GRID    20011   0       18.3146 2.02278 -0.640910       0       0       
GRID    20012   0       17.3914 2.59714 -0.863140       0       0       
GRID    20013   0       18.371  2.2381  -1.285220       0       0       
GRID    20014   0       19.3821 1.80031 -1.055380       0       0       
GRID    20015   0       18.4024 2.15935 -0.633310       0       0       
GRID    20016   0       17.4751 2.76844 -0.846490       0       0       
GRID    20017   0       18.4435 2.41316 -1.260080       0       0       
GRID    20018   0       19.4426 1.98091 -1.036480       0       0       
GRID    20019   0       18.4742 2.33619 -0.622900       0       0       
GRID    20020   0       17.5589 2.93975 -0.829830       0       0       
GRID    20021   0       18.516  2.58822 -1.234930       0       0       
GRID    20022   0       19.5032 2.1615  -1.017590       0       0       
GRID    20023   0       18.546  2.51303 -0.612490       0       0       
GRID    20024   0       17.6426 3.11105 -0.813180       0       0       
GRID    20025   0       18.5885 2.76328 -1.209790       0       0       
GRID    20026   0       19.5637 2.3421  -0.998690       0       0       
GRID    20027   0       18.6178 2.68987 -0.602080       0       0       
GRID    20028   0       17.7264 3.28235 -0.796530       0       0       
GRID    20029   0       18.661  2.93834 -1.184650       0       0       
GRID    20030   0       19.6242 2.52269 -0.979790       0       0       
GRID    20031   0       18.6896 2.86671 -0.591670       0       0       
GRID    20032   0       17.8101 3.45365 -0.779870       0       0       
GRID    20033   0       18.7335 3.1134  -1.159510       0       0       
GRID    20034   0       19.6848 2.70329 -0.960890       0       0       
GRID    20035   0       18.7614 3.04355 -0.581260       0       0       
GRID    20036   0       17.8939 3.62495 -0.763220       0       0       
GRID    20037   0       18.806  3.28845 -1.134370       0       0       
GRID    20038   0       19.7453 2.88388 -0.942000       0       0       
GRID    20039   0       18.8332 3.22038 -0.570850       0       0       
GRID    20040   0       17.9776 3.79626 -0.746560       0       0       
GRID    20041   0       18.8785 3.46351 -1.109230       0       0       
GRID    20042   0       19.8058 3.06448 -0.923100       0       0       
GRID    20043   0       18.905  3.39722 -0.560440       0       0       
GRID    20044   0       18.0614 3.96756 -0.729910       0       0       
GRID    20045   0       18.951  3.63857 -1.084090       0       0       
GRID    20046   0       19.8664 3.24507 -0.904210       0       0       
GRID    20047   0       18.9767 3.57406 -0.550030       0       0       
GRID    20048   0       18.1451 4.13886 -0.713250       0       0       
GRID    20049   0       19.0235 3.81363 -1.058950       0       0       
GRID    20050   0       19.9269 3.42567 -0.885310       0       0       
GRID    20051   0       19.0485 3.7509  -0.539620       0       0       
GRID    20052   0       18.2289 4.31016 -0.696600       0       0       
GRID    20053   0       19.096  3.98869 -1.033810       0       0       
GRID    20054   0       19.9874 3.60626 -0.866410       0       0       
GRID    20055   0       19.1203 3.92774 -0.529210       0       0       
GRID    20056   0       18.3126 4.48147 -0.679940       0       0       
GRID    20057   0       19.1685 4.16375 -1.008670       0       0       
GRID    20058   0       20.048  3.78686 -0.847520       0       0       
GRID    20059   0       19.1921 4.10458 -0.518800       0       0       
GRID    20060   0       18.3964 4.65277 -0.663290       0       0       
GRID    20061   0       19.241  4.33881 -0.983520       0       0       
GRID    20062   0       20.1085 3.96745 -0.828620       0       0       
GRID    20063   0       19.2639 4.28141 -0.508390       0       0       
GRID    20064   0       18.4801 4.82407 -0.646640       0       0       
GRID    20065   0       19.3135 4.51387 -0.958380       0       0       
GRID    20066   0       20.169  4.14805 -0.809720       0       0       
GRID    20067   0       19.3357 4.45825 -0.497980       0       0       
GRID    20068   0       18.5639 4.99537 -0.629980       0       0       
GRID    20069   0       19.386  4.68893 -0.933240       0       0       
GRID    20070   0       20.2296 4.32864 -0.790830       0       0       
GRID    20071   0       19.4075 4.63509 -0.487570       0       0       
GRID    20072   0       18.6476 5.16668 -0.613330       0       0       
GRID    20073   0       19.4585 4.86398 -0.908100       0       0       
GRID    20074   0       20.2901 4.50924 -0.771930       0       0       
GRID    20075   0       19.4793 4.81193 -0.477160       0       0       
GRID    20076   0       18.7314 5.33798 -0.596670       0       0       
GRID    20077   0       19.531  5.03904 -0.882960       0       0       
GRID    20078   0       20.3507 4.68983 -0.753030       0       0       
GRID    20079   0       19.5511 4.98877 -0.466750       0       0       
GRID    20080   0       18.8151 5.50928 -0.580020       0       0       
GRID    20081   0       19.6035 5.2141  -0.857820       0       0       
GRID    20082   0       20.4112 4.87043 -0.734140       0       0       
GRID    20083   0       19.6228 5.16561 -0.456340       0       0       
GRID    20084   0       18.8989 5.68058 -0.563360       0       0       
GRID    20085   0       19.676  5.38916 -0.832670       0       0       
GRID    20086   0       20.4717 5.05102 -0.715240       0       0       
GRID    20087   0       19.6946 5.34244 -0.445930       0       0       
GRID    20088   0       18.9826 5.85188 -0.546710       0       0       
GRID    20089   0       19.7485 5.56422 -0.807530       0       0       
GRID    20090   0       20.5323 5.23162 -0.696350       0       0       
GRID    20091   0       19.7664 5.51928 -0.435520       0       0       
GRID    20092   0       19.0664 6.02319 -0.530050       0       0       
GRID    20093   0       19.821  5.73928 -0.782390       0       0       
GRID    20094   0       20.5928 5.41221 -0.677450       0       0       
GRID    20095   0       19.8382 5.69612 -0.425110       0       0       
GRID    20096   0       19.1451 6.18223 -0.514640       0       0       
GRID    20097   0       19.8885 5.90208 -0.758490       0       0       
GRID    20098   0       20.6483 5.58055 -0.659790       0       0       
GRID    20099   0       19.905  5.8607  -0.415940       0       0       
GRID    20100   0       19.2238 6.34128 -0.499220       0       0       
GRID    20101   0       19.9559 6.06488 -0.734590       0       0       
GRID    20102   0       20.7038 5.74889 -0.642130       0       0       
GRID    20103   0       19.9717 6.02528 -0.406770       0       0       
GRID    20104   0       19.3026 6.50032 -0.483800       0       0       
GRID    20105   0       20.0234 6.22769 -0.710680       0       0       
GRID    20106   0       20.7593 5.91723 -0.624470       0       0       
GRID    20107   0       20.0385 6.18987 -0.3976 0       0       0       
GRID    20108   0       19.3813 6.65937 -0.468390       0       0       
GRID    20109   0       20.0909 6.39049 -0.686780       0       0       
GRID    20110   0       20.8148 6.08557 -0.606820       0       0       
GRID    20111   0       20.1053 6.35445 -0.388420       0       0       
GRID    20112   0       19.46   6.81842 -0.452970       0       0       
GRID    20113   0       20.1583 6.55329 -0.662880       0       0       
GRID    20114   0       20.8703 6.25391 -0.589160       0       0       
GRID    20115   0       20.172  6.51903 -0.379250       0       0       
GRID    20116   0       19.5387 6.97746 -0.437560       0       0       
GRID    20117   0       20.2258 6.71609 -0.638980       0       0       
GRID    20118   0       20.9259 6.42224 -0.571500       0       0       
GRID    20119   0       20.2388 6.68361 -0.370080       0       0       
GRID    20120   0       19.6648 7.18235 -0.452330       0       0       
GRID    20121   0       20.3149 6.88852 -0.621780       0       0       
GRID    20122   0       20.9671 6.56815 -0.523300       0       0       
GRID    20123   0       20.317  6.86199 -0.353850       0       0       
GRID    20124   0       19.7582 7.35311 -0.436150       0       0       
GRID    20125   0       20.3985 7.06382 -0.604110       0       0       
GRID    20126   0       21.0409 6.74819 -0.506050       0       0       
GRID    20127   0       20.4006 7.03748 -0.338080       0       0       
GRID    20128   0       19.8517 7.52386 -0.419970       0       0       
GRID    20129   0       20.4822 7.23912 -0.586440       0       0       
GRID    20130   0       21.1147 6.92823 -0.488790       0       0       
GRID    20131   0       20.4842 7.21297 -0.322320       0       0       
GRID    20132   0       19.9452 7.69462 -0.403790       0       0       
GRID    20133   0       20.5658 7.41443 -0.568780       0       0       
GRID    20134   0       21.1885 7.10828 -0.471540       0       0       
GRID    20135   0       20.5678 7.38846 -0.306560       0       0       
GRID    20136   0       20.0387 7.86537 -0.387610       0       0       
GRID    20137   0       20.6494 7.58973 -0.551110       0       0       
GRID    20138   0       21.2623 7.28832 -0.454290       0       0       
GRID    20139   0       20.6515 7.56396 -0.290790       0       0       
GRID    20140   0       20.1321 8.03613 -0.371430       0       0       
GRID    20141   0       20.7331 7.76504 -0.533440       0       0       
GRID    20142   0       21.336  7.46836 -0.437040       0       0       
GRID    20143   0       20.7351 7.73945 -0.275030       0       0       
GRID    20144   0       20.2256 8.20689 -0.355260       0       0       
GRID    20145   0       20.8167 7.94034 -0.515780       0       0       
GRID    20146   0       21.4098 7.6484  -0.419790       0       0       
GRID    20147   0       20.8187 7.91494 -0.259270       0       0       
GRID    20148   0       20.3191 8.37764 -0.339080       0       0       
GRID    20149   0       20.9004 8.11565 -0.498110       0       0       
GRID    20150   0       21.4836 7.82844 -0.402540       0       0       
GRID    20151   0       20.9023 8.09044 -0.243500       0       0       
GRID    20152   0       20.4125 8.5484  -0.322900       0       0       
GRID    20153   0       20.984  8.29095 -0.480440       0       0       
GRID    20154   0       21.5574 8.00848 -0.385280       0       0       
GRID    20155   0       20.986  8.26593 -0.227740       0       0       
GRID    20156   0       20.506  8.71915 -0.306720       0       0       
GRID    20157   0       21.0676 8.46625 -0.462780       0       0       
GRID    20158   0       21.6312 8.18852 -0.368030       0       0       
GRID    20159   0       21.0696 8.44142 -0.211970       0       0       
GRID    20160   0       20.5995 8.88991 -0.290540       0       0       
GRID    20161   0       21.1513 8.64156 -0.445110       0       0       
GRID    20162   0       21.705  8.36856 -0.350780       0       0       
GRID    20163   0       21.1532 8.61691 -0.196210       0       0       
GRID    20164   0       20.693  9.06067 -0.274360       0       0       
GRID    20165   0       21.2349 8.81686 -0.427440       0       0       
GRID    20166   0       21.7788 8.5486  -0.333530       0       0       
GRID    20167   0       21.2368 8.79241 -0.180450       0       0       
GRID    20168   0       20.7864 9.23142 -0.258180       0       0       
GRID    20169   0       21.3185 8.99217 -0.409780       0       0       
GRID    20170   0       21.8525 8.72864 -0.316280       0       0       
GRID    20171   0       21.3204 8.9679  -0.164680       0       0       
GRID    20172   0       20.8799 9.40218 -0.242000       0       0       
GRID    20173   0       21.4022 9.16747 -0.392110       0       0       
GRID    20174   0       21.9263 8.90868 -0.299030       0       0       
GRID    20175   0       21.4041 9.14339 -0.148920       0       0       
GRID    20176   0       20.9734 9.57294 -0.225820       0       0       
GRID    20177   0       21.4858 9.34278 -0.374440       0       0       
GRID    20178   0       22.0001 9.08872 -0.281770       0       0       
GRID    20179   0       21.4877 9.31888 -0.133160       0       0       
GRID    20180   0       21.0669 9.74369 -0.209650       0       0       
GRID    20181   0       21.5695 9.51808 -0.356780       0       0       
GRID    20182   0       22.0739 9.26877 -0.264520       0       0       
GRID    20183   0       21.5713 9.49438 -0.117390       0       0       
GRID    20184   0       21.1603 9.91445 -0.193470       0       0       
GRID    20185   0       21.6531 9.69338 -0.339110       0       0       
GRID    20186   0       22.1477 9.44881 -0.247270       0       0       
GRID    20187   0       21.6549 9.66987 -0.101630       0       0       
GRID    20188   0       21.2538 10.0852 -0.177290       0       0       
GRID    20189   0       21.7367 9.86869 -0.321440       0       0       
GRID    20190   0       22.2215 9.62885 -0.230020       0       0       
GRID    20191   0       21.7386 9.84536 -0.085860       0       0       
GRID    20192   0       21.3473 10.256  -0.161110       0       0       
GRID    20193   0       21.8204 10.044  -0.303780       0       0       
GRID    20194   0       22.2953 9.80889 -0.212770       0       0       
GRID    20195   0       21.8222 10.0209 -0.070100       0       0       
GRID    20196   0       21.4408 10.4267 -0.144930       0       0       
GRID    20197   0       21.904  10.2193 -0.286110       0       0       
GRID    20198   0       22.369  9.98893 -0.195510       0       0       
GRID    20199   0       21.9058 10.1963 -0.054340       0       0       
GRID    20200   0       21.5342 10.5975 -0.128750       0       0       
GRID    20201   0       21.9876 10.3946 -0.268440       0       0       
GRID    20202   0       22.4428 10.169  -0.178260       0       0       
GRID    20203   0       21.9894 10.3718 -0.038570       0       0       
GRID    20204   0       21.6277 10.7682 -0.112570       0       0       
GRID    20205   0       22.0713 10.5699 -0.250780       0       0       
GRID    20206   0       22.5166 10.349  -0.161010       0       0       
GRID    20207   0       22.0731 10.5473 -0.022810       0       0       
GRID    20208   0       21.7212 10.939  -0.096390       0       0       
GRID    20209   0       22.1549 10.7452 -0.233110       0       0       
GRID    20210   0       22.5904 10.5291 -0.143760       0       0       
GRID    20211   0       22.1567 10.7228 -0.007040       0       0       
GRID    20212   0       21.8147 11.1097 -0.080210       0       0       
GRID    20213   0       22.2386 10.9205 -0.215440       0       0       
GRID    20214   0       22.6642 10.7091 -0.126510       0       0       
GRID    20215   0       22.2403 10.8983 0.0087140       0       0       
GRID    20216   0       21.9081 11.2805 -0.064040       0       0       
GRID    20217   0       22.3222 11.0958 -0.197770       0       0       
GRID    20218   0       22.738  10.8891 -0.109260       0       0       
GRID    20219   0       22.3239 11.0738 0.0244770       0       0       
GRID    20220   0       22.0016 11.4513 -0.047860       0       0       
GRID    20221   0       22.4058 11.2711 -0.180110       0       0       
GRID    20222   0       22.8118 11.0692 -0.092000       0       0       
GRID    20223   0       22.4075 11.2493 0.0402410       0       0       
GRID    20224   0       22.0951 11.622  -0.031680       0       0       
GRID    20225   0       22.4895 11.4464 -0.162440       0       0       
GRID    20226   0       22.8856 11.2492 -0.074750       0       0       
GRID    20227   0       22.4912 11.4248 0.0560050       0       0       
GRID    20228   0       22.1885 11.7928 -0.015500       0       0       
GRID    20229   0       22.5731 11.6217 -0.144770       0       0       
GRID    20230   0       22.9593 11.4293 -0.057500       0       0       
GRID    20231   0       22.5748 11.6003 0.0717690       0       0       
GRID    20232   0       22.282  11.9635 0.0006750       0       0       
GRID    20233   0       22.6567 11.797  -0.127110       0       0       
GRID    20234   0       23.0331 11.6093 -0.040250       0       0       
GRID    20235   0       22.6584 11.7758 0.0875330       0       0       
GRID    20236   0       22.3755 12.1343 0.0168530       0       0       
GRID    20237   0       22.7404 11.9723 -0.109440       0       0       
GRID    20238   0       23.1069 11.7893 -0.023000       0       0       
GRID    20239   0       22.742  11.9513 0.1032970       0       0       
GRID    20240   0       22.469  12.305  0.0330320       0       0       
GRID    20241   0       22.824  12.1476 -0.091770       0       0       
GRID    20242   0       23.1807 11.9694 -0.005750       0       0       
GRID    20243   0       22.8257 12.1268 0.1190610       0       0       
GRID    20244   0       22.5624 12.4758 0.0492110       0       0       
GRID    20245   0       22.9077 12.3229 -0.074110       0       0       
GRID    20246   0       23.2545 12.1494 0.0115000       0       0       
GRID    20247   0       22.9093 12.3023 0.1348240       0       0       
GRID    20248   0       22.6461 12.646  0.0608750       0       0       
GRID    20249   0       22.99   12.4977 -0.056300       0       0       
GRID    20250   0       23.3334 12.3301 0.0331570       0       0       
GRID    20251   0       22.9895 12.4783 0.1503410       0       0       
GRID    20252   0       22.7334 12.8186 0.0772960       0       0       
GRID    20253   0       23.0713 12.673  -0.038440       0       0       
GRID    20254   0       23.4087 12.5082 0.0500580       0       0       
GRID    20255   0       23.0708 12.6539 0.1658020       0       0       
GRID    20256   0       22.8206 12.9913 0.0937170       0       0       
GRID    20257   0       23.1526 12.8483 -0.020580       0       0       
GRID    20258   0       23.4841 12.6864 0.0669590       0       0       
GRID    20259   0       23.1521 12.8294 0.1812630       0       0       
GRID    20260   0       22.9079 13.164  0.1101380       0       0       
GRID    20261   0       23.2339 13.0236 -0.002720       0       0       
GRID    20262   0       23.5594 12.8645 0.0838590       0       0       
GRID    20263   0       23.2334 13.0049 0.1967240       0       0       
GRID    20264   0       22.9951 13.3367 0.1265580       0       0       
GRID    20265   0       23.3152 13.1989 0.0151340       0       0       
GRID    20266   0       23.6348 13.0426 0.10076 0       0       0       
GRID    20267   0       23.3147 13.1804 0.2121850       0       0       
GRID    20268   0       23.0824 13.5093 0.1429790       0       0       
GRID    20269   0       23.3965 13.3742 0.0329940       0       0       
GRID    20270   0       23.7101 13.2208 0.1176610       0       0       
GRID    20271   0       23.396  13.3559 0.2276450       0       0       
GRID    20272   0       23.1696 13.682  0.1593990       0       0       
GRID    20273   0       23.4778 13.5495 0.0508540       0       0       
GRID    20274   0       23.7855 13.3989 0.1345620       0       0       
GRID    20275   0       23.4773 13.5315 0.2431060       0       0       
GRID    20276   0       23.2569 13.8547 0.17582 0       0       0       
GRID    20277   0       23.5591 13.7248 0.0687150       0       0       
GRID    20278   0       23.8608 13.5771 0.1514620       0       0       
GRID    20279   0       23.5586 13.707  0.2585670       0       0       
GRID    20280   0       23.3441 14.0273 0.1922410       0       0       
GRID    20281   0       23.6404 13.9001 0.0865750       0       0       
GRID    20282   0       23.9362 13.7552 0.1683630       0       0       
GRID    20283   0       23.6399 13.8825 0.2740280       0       0       
GRID    20284   0       23.4314 14.2    0.2086610       0       0       
GRID    20285   0       23.7217 14.0754 0.1044360       0       0       
GRID    20286   0       24.0115 13.9334 0.1852640       0       0       
GRID    20287   0       23.7212 14.058  0.2894890       0       0       
GRID    20288   0       23.5186 14.3727 0.2250820       0       0       
GRID    20289   0       23.803  14.2507 0.1222960       0       0       
GRID    20290   0       24.0869 14.1115 0.2021640       0       0       
GRID    20291   0       23.8025 14.2335 0.30495 0       0       0       
GRID    20292   0       23.6059 14.5454 0.2415020       0       0       
GRID    20293   0       23.8843 14.426  0.1401560       0       0       
GRID    20294   0       24.1622 14.2897 0.2190650       0       0       
GRID    20295   0       23.8838 14.4091 0.3204110       0       0       
GRID    20296   0       23.6932 14.718  0.2579230       0       0       
GRID    20297   0       23.9656 14.6013 0.1580170       0       0       
GRID    20298   0       24.2376 14.4678 0.2359660       0       0       
GRID    20299   0       23.9651 14.5846 0.3358720       0       0       
GRID    20300   0       23.7804 14.8907 0.2743430       0       0       
GRID    20301   0       24.0469 14.7765 0.1758770       0       0       
GRID    20302   0       24.3129 14.6459 0.2528660       0       0       
GRID    20303   0       24.0464 14.7601 0.3513330       0       0       
GRID    20304   0       23.8677 15.0634 0.2907640       0       0       
GRID    20305   0       24.1282 14.9518 0.1937380       0       0       
GRID    20306   0       24.3883 14.8241 0.2697670       0       0       
GRID    20307   0       24.1277 14.9356 0.3667940       0       0       
GRID    20308   0       23.9549 15.2361 0.3071850       0       0       
GRID    20309   0       24.2095 15.1271 0.2115980       0       0       
GRID    20310   0       24.4636 15.0022 0.2866680       0       0       
GRID    20311   0       24.209  15.1111 0.3822550       0       0       
GRID    20312   0       24.0422 15.4087 0.3236050       0       0       
GRID    20313   0       24.2908 15.3024 0.2294580       0       0       
GRID    20314   0       24.539  15.1804 0.3035680       0       0       
GRID    20315   0       24.2903 15.2867 0.3977150       0       0       
GRID    20316   0       24.1294 15.5814 0.3400260       0       0       
GRID    20317   0       24.3721 15.4777 0.2473190       0       0       
GRID    20318   0       24.6143 15.3585 0.3204690       0       0       
GRID    20319   0       24.3716 15.4622 0.4131760       0       0       
GRID    20320   0       24.2167 15.7541 0.3564460       0       0       
GRID    20321   0       24.4534 15.653  0.2651790       0       0       
GRID    20322   0       24.6897 15.5367 0.33737 0       0       0       
GRID    20323   0       24.4529 15.6377 0.4286370       0       0       
GRID    20324   0       24.3039 15.9268 0.3728670       0       0       
GRID    20325   0       24.5347 15.8283 0.2830390       0       0       
GRID    20326   0       24.765  15.7148 0.35427 0       0       0       
GRID    20327   0       24.5342 15.8132 0.4440980       0       0       
GRID    20328   0       24.3912 16.0994 0.3892880       0       0       
GRID    20329   0       24.616  16.0036 0.3009  0       0       0       
GRID    20330   0       24.8404 15.893  0.3711710       0       0       
GRID    20331   0       24.6155 15.9888 0.4595590       0       0       
GRID    20332   0       24.4784 16.2721 0.4057080       0       0       
GRID    20333   0       24.6973 16.1789 0.31876 0       0       0       
GRID    20334   0       24.9157 16.0711 0.3880720       0       0       
GRID    20335   0       24.6968 16.1643 0.47502 0       0       0       
GRID    20336   0       24.5657 16.4448 0.4221290       0       0       
GRID    20337   0       24.7786 16.3542 0.33662 0       0       0       
GRID    20338   0       24.991  16.2492 0.4049720       0       0       
GRID    20339   0       24.7781 16.3398 0.4904810       0       0       
GRID    20340   0       24.6529 16.6174 0.4385490       0       0       
GRID    20341   0       24.8599 16.5295 0.3544810       0       0       
GRID    20342   0       25.0664 16.4274 0.4218730       0       0       
GRID    20343   0       24.8594 16.5153 0.5059420       0       0       
GRID    20344   0       24.7402 16.7901 0.45497 0       0       0       
GRID    20345   0       24.9412 16.7048 0.3723410       0       0       
GRID    20346   0       25.1417 16.6055 0.4387740       0       0       
GRID    20347   0       24.9408 16.6908 0.5214030       0       0       
GRID    20348   0       24.8274 16.9628 0.47139 0       0       0       
GRID    20349   0       25.0225 16.8801 0.3902010       0       0       
GRID    20350   0       25.2171 16.7837 0.4556750       0       0       
GRID    20351   0       25.0221 16.8664 0.5368640       0       0       
GRID    20352   0       24.9147 17.1355 0.4878110       0       0       
GRID    20353   0       25.1038 17.0554 0.4080620       0       0       
GRID    20354   0       25.2924 16.9618 0.4725750       0       0       
GRID    20355   0       25.1034 17.0419 0.5523240       0       0       
GRID    20356   0       25.0019 17.3081 0.5042320       0       0       
GRID    20357   0       25.1851 17.2307 0.4259220       0       0       
GRID    20358   0       25.3678 17.14   0.4894760       0       0       
GRID    20359   0       25.1847 17.2174 0.5677850       0       0       
GRID    20360   0       25.0892 17.4808 0.5206520       0       0       
GRID    20361   0       25.2663 17.406  0.4437820       0       0       
GRID    20362   0       25.4431 17.3181 0.5063770       0       0       
GRID    20363   0       25.266  17.3929 0.5832460       0       0       
GRID    20364   0       25.1764 17.6535 0.5370730       0       0       
GRID    20365   0       25.3476 17.5813 0.4616430       0       0       
GRID    20366   0       25.5185 17.4963 0.5232770       0       0       
GRID    20367   0       25.3473 17.5684 0.5987070       0       0       
GRID    20368   0       25.2637 17.8262 0.5534930       0       0       
GRID    20369   0       25.4289 17.7566 0.4795030       0       0       
GRID    20370   0       25.5938 17.6744 0.5401780       0       0       
GRID    20371   0       25.4286 17.744  0.6141680       0       0       
GRID    20372   0       25.3169 17.9259 0.5616720       0       0       
GRID    20373   0       25.5107 17.9319 0.4973710       0       0       
GRID    20374   0       25.7032 17.9255 0.5653210       0       0       
GRID    20375   0       25.5094 17.9194 0.6296210       0       0       
RBE0    2000    2000    20000   20001   20002   20003   
RBE0    2001    2001    20004   20005   20006   20007   
RBE0    2002    2002    20008   20009   20010   20011   
RBE0    2003    2003    20012   20013   20014   20015   
RBE0    2004    2004    20016   20017   20018   20019   
RBE0    2005    2005    20020   20021   20022   20023   
RBE0    2006    2006    20024   20025   20026   20027   
RBE0    2007    2007    20028   20029   20030   20031   
RBE0    2008    2008    20032   20033   20034   20035   
RBE0    2009    2009    20036   20037   20038   20039   
RBE0    2010    2010    20040   20041   20042   20043   
RBE0    2011    2011    20044   20045   20046   20047   
RBE0    2012    2012    20048   20049   20050   20051   
RBE0    2013    2013    20052   20053   20054   20055   
RBE0    2014    2014    20056   20057   20058   20059   
RBE0    2015    2015    20060   20061   20062   20063   
RBE0    2016    2016    20064   20065   20066   20067   
RBE0    2017    2017    20068   20069   20070   20071   
RBE0    2018    2018    20072   20073   20074   20075   
RBE0    2019    2019    20076   20077   20078   20079   
RBE0    2020    2020    20080   20081   20082   20083   
RBE0    2021    2021    20084   20085   20086   20087   
RBE0    2022    2022    20088   20089   20090   20091   
RBE0    2023    2023    20092   20093   20094   20095   
RBE0    2024    2024    20096   20097   20098   20099   
RBE0    2025    2025    20100   20101   20102   20103   
RBE0    2026    2026    20104   20105   20106   20107   
RBE0    2027    2027    20108   20109   20110   20111   
RBE0    2028    2028    20112   20113   20114   20115   
RBE0    2029    2029    20116   20117   20118   20119   
RBE0    2030    2030    20120   20121   20122   20123   
RBE0    2031    2031    20124   20125   20126   20127   
RBE0    2032    2032    20128   20129   20130   20131   
RBE0    2033    2033    20132   20133   20134   20135   
RBE0    2034    2034    20136   20137   20138   20139   
RBE0    2035    2035    20140   20141   20142   20143   
RBE0    2036    2036    20144   20145   20146   20147   
RBE0    2037    2037    20148   20149   20150   20151   
RBE0    2038    2038    20152   20153   20154   20155   
RBE0    2039    2039    20156   20157   20158   20159   
RBE0    2040    2040    20160   20161   20162   20163   
RBE0    2041    2041    20164   20165   20166   20167   
RBE0    2042    2042    20168   20169   20170   20171   
RBE0    2043    2043    20172   20173   20174   20175   
RBE0    2044    2044    20176   20177   20178   20179   
RBE0    2045    2045    20180   20181   20182   20183   
RBE0    2046    2046    20184   20185   20186   20187   
RBE0    2047    2047    20188   20189   20190   20191   
RBE0    2048    2048    20192   20193   20194   20195   
RBE0    2049    2049    20196   20197   20198   20199   
RBE0    2050    2050    20200   20201   20202   20203   
RBE0    2051    2051    20204   20205   20206   20207   
RBE0    2052    2052    20208   20209   20210   20211   
RBE0    2053    2053    20212   20213   20214   20215   
RBE0    2054    2054    20216   20217   20218   20219   
RBE0    2055    2055    20220   20221   20222   20223   
RBE0    2056    2056    20224   20225   20226   20227   
RBE0    2057    2057    20228   20229   20230   20231   
RBE0    2058    2058    20232   20233   20234   20235   
RBE0    2059    2059    20236   20237   20238   20239   
RBE0    2060    2060    20240   20241   20242   20243   
RBE0    2061    2061    20244   20245   20246   20247   
RBE0    2062    2062    20248   20249   20250   20251   
RBE0    2063    2063    20252   20253   20254   20255   
RBE0    2064    2064    20256   20257   20258   20259   
RBE0    2065    2065    20260   20261   20262   20263   
RBE0    2066    2066    20264   20265   20266   20267   
RBE0    2067    2067    20268   20269   20270   20271   
RBE0    2068    2068    20272   20273   20274   20275   
RBE0    2069    2069    20276   20277   20278   20279   
RBE0    2070    2070    20280   20281   20282   20283   
RBE0    2071    2071    20284   20285   20286   20287   
RBE0    2072    2072    20288   20289   20290   20291   
RBE0    2073    2073    20292   20293   20294   20295   
RBE0    2074    2074    20296   20297   20298   20299   
RBE0    2075    2075    20300   20301   20302   20303   
RBE0    2076    2076    20304   20305   20306   20307   
RBE0    2077    2077    20308   20309   20310   20311   
RBE0    2078    2078    20312   20313   20314   20315   
RBE0    2079    2079    20316   20317   20318   20319   
RBE0    2080    2080    20320   20321   20322   20323   
RBE0    2081    2081    20324   20325   20326   20327   
RBE0    2082    2082    20328   20329   20330   20331   
RBE0    2083    2083    20332   20333   20334   20335   
RBE0    2084    2084    20336   20337   20338   20339   
RBE0    2085    2085    20340   20341   20342   20343   
RBE0    2086    2086    20344   20345   20346   20347   
RBE0    2087    2087    20348   20349   20350   20351   
RBE0    2088    2088    20352   20353   20354   20355   
RBE0    2089    2089    20356   20357   20358   20359   
RBE0    2090    2090    20360   20361   20362   20363   
RBE0    2091    2091    20364   20365   20366   20367   
RBE0    2092    2092    20368   20369   20370   20371   
RBE0    2093    2093    20372   20373   20374   20375   
GRID    20376   0       17.1376 -1.01139-0.977040       0       0       
GRID    20377   0       18.3146 -1.01139-1.313170       0       0       
GRID    20378   0       19.4916 -1.01139-0.977040       0       0       
GRID    20379   0       18.3146 -1.01139-0.640910       0       0       
GRID    20380   0       17.2256 -2.02278-0.977040       0       0       
GRID    20381   0       18.3146 -2.02278-1.313170       0       0       
GRID    20382   0       19.4036 -2.02278-0.977040       0       0       
GRID    20383   0       18.3146 -2.02278-0.640910       0       0       
GRID    20384   0       17.3914 -2.59714-0.863140       0       0       
GRID    20385   0       18.371  -2.2381 -1.285220       0       0       
GRID    20386   0       19.3821 -1.80031-1.055380       0       0       
GRID    20387   0       18.4024 -2.15935-0.633310       0       0       
GRID    20388   0       17.4751 -2.76844-0.846490       0       0       
GRID    20389   0       18.4435 -2.41316-1.260080       0       0       
GRID    20390   0       19.4426 -1.98091-1.036480       0       0       
GRID    20391   0       18.4742 -2.33619-0.622900       0       0       
GRID    20392   0       17.5589 -2.93975-0.829830       0       0       
GRID    20393   0       18.516  -2.58822-1.234930       0       0       
GRID    20394   0       19.5032 -2.1615 -1.017590       0       0       
GRID    20395   0       18.546  -2.51303-0.612490       0       0       
GRID    20396   0       17.6426 -3.11105-0.813180       0       0       
GRID    20397   0       18.5885 -2.76328-1.209790       0       0       
GRID    20398   0       19.5637 -2.3421 -0.998690       0       0       
GRID    20399   0       18.6178 -2.68987-0.602080       0       0       
GRID    20400   0       17.7264 -3.28235-0.796530       0       0       
GRID    20401   0       18.661  -2.93834-1.184650       0       0       
GRID    20402   0       19.6242 -2.52269-0.979790       0       0       
GRID    20403   0       18.6896 -2.86671-0.591670       0       0       
GRID    20404   0       17.8101 -3.45365-0.779870       0       0       
GRID    20405   0       18.7335 -3.1134 -1.159510       0       0       
GRID    20406   0       19.6848 -2.70329-0.960890       0       0       
GRID    20407   0       18.7614 -3.04355-0.581260       0       0       
GRID    20408   0       17.8939 -3.62495-0.763220       0       0       
GRID    20409   0       18.806  -3.28845-1.134370       0       0       
GRID    20410   0       19.7453 -2.88388-0.942000       0       0       
GRID    20411   0       18.8332 -3.22038-0.570850       0       0       
GRID    20412   0       17.9776 -3.79626-0.746560       0       0       
GRID    20413   0       18.8785 -3.46351-1.109230       0       0       
GRID    20414   0       19.8058 -3.06448-0.923100       0       0       
GRID    20415   0       18.905  -3.39722-0.560440       0       0       
GRID    20416   0       18.0614 -3.96756-0.729910       0       0       
GRID    20417   0       18.951  -3.63857-1.084090       0       0       
GRID    20418   0       19.8664 -3.24507-0.904210       0       0       
GRID    20419   0       18.9767 -3.57406-0.550030       0       0       
GRID    20420   0       18.1451 -4.13886-0.713250       0       0       
GRID    20421   0       19.0235 -3.81363-1.058950       0       0       
GRID    20422   0       19.9269 -3.42567-0.885310       0       0       
GRID    20423   0       19.0485 -3.7509 -0.539620       0       0       
GRID    20424   0       18.2289 -4.31016-0.696600       0       0       
GRID    20425   0       19.096  -3.98869-1.033810       0       0       
GRID    20426   0       19.9874 -3.60626-0.866410       0       0       
GRID    20427   0       19.1203 -3.92774-0.529210       0       0       
GRID    20428   0       18.3126 -4.48147-0.679940       0       0       
GRID    20429   0       19.1685 -4.16375-1.008670       0       0       
GRID    20430   0       20.048  -3.78686-0.847520       0       0       
GRID    20431   0       19.1921 -4.10458-0.518800       0       0       
GRID    20432   0       18.3964 -4.65277-0.663290       0       0       
GRID    20433   0       19.241  -4.33881-0.983520       0       0       
GRID    20434   0       20.1085 -3.96745-0.828620       0       0       
GRID    20435   0       19.2639 -4.28141-0.508390       0       0       
GRID    20436   0       18.4801 -4.82407-0.646640       0       0       
GRID    20437   0       19.3135 -4.51387-0.958380       0       0       
GRID    20438   0       20.169  -4.14805-0.809720       0       0       
GRID    20439   0       19.3357 -4.45825-0.497980       0       0       
GRID    20440   0       18.5639 -4.99537-0.629980       0       0       
GRID    20441   0       19.386  -4.68893-0.933240       0       0       
GRID    20442   0       20.2296 -4.32864-0.790830       0       0       
GRID    20443   0       19.4075 -4.63509-0.487570       0       0       
GRID    20444   0       18.6476 -5.16668-0.613330       0       0       
GRID    20445   0       19.4585 -4.86398-0.908100       0       0       
GRID    20446   0       20.2901 -4.50924-0.771930       0       0       
GRID    20447   0       19.4793 -4.81193-0.477160       0       0       
GRID    20448   0       18.7314 -5.33798-0.596670       0       0       
GRID    20449   0       19.531  -5.03904-0.882960       0       0       
GRID    20450   0       20.3507 -4.68983-0.753030       0       0       
GRID    20451   0       19.5511 -4.98877-0.466750       0       0       
GRID    20452   0       18.8151 -5.50928-0.580020       0       0       
GRID    20453   0       19.6035 -5.2141 -0.857820       0       0       
GRID    20454   0       20.4112 -4.87043-0.734140       0       0       
GRID    20455   0       19.6228 -5.16561-0.456340       0       0       
GRID    20456   0       18.8989 -5.68058-0.563360       0       0       
GRID    20457   0       19.676  -5.38916-0.832670       0       0       
GRID    20458   0       20.4717 -5.05102-0.715240       0       0       
GRID    20459   0       19.6946 -5.34244-0.445930       0       0       
GRID    20460   0       18.9826 -5.85188-0.546710       0       0       
GRID    20461   0       19.7485 -5.56422-0.807530       0       0       
GRID    20462   0       20.5323 -5.23162-0.696350       0       0       
GRID    20463   0       19.7664 -5.51928-0.435520       0       0       
GRID    20464   0       19.0664 -6.02319-0.530050       0       0       
GRID    20465   0       19.821  -5.73928-0.782390       0       0       
GRID    20466   0       20.5928 -5.41221-0.677450       0       0       
GRID    20467   0       19.8382 -5.69612-0.425110       0       0       
GRID    20468   0       19.1451 -6.18223-0.514640       0       0       
GRID    20469   0       19.8885 -5.90208-0.758490       0       0       
GRID    20470   0       20.6483 -5.58055-0.659790       0       0       
GRID    20471   0       19.905  -5.8607 -0.415940       0       0       
GRID    20472   0       19.2238 -6.34128-0.499220       0       0       
GRID    20473   0       19.9559 -6.06488-0.734590       0       0       
GRID    20474   0       20.7038 -5.74889-0.642130       0       0       
GRID    20475   0       19.9717 -6.02528-0.406770       0       0       
GRID    20476   0       19.3026 -6.50032-0.483800       0       0       
GRID    20477   0       20.0234 -6.22769-0.710680       0       0       
GRID    20478   0       20.7593 -5.91723-0.624470       0       0       
GRID    20479   0       20.0385 -6.18987-0.3976 0       0       0       
GRID    20480   0       19.3813 -6.65937-0.468390       0       0       
GRID    20481   0       20.0909 -6.39049-0.686780       0       0       
GRID    20482   0       20.8148 -6.08557-0.606820       0       0       
GRID    20483   0       20.1053 -6.35445-0.388420       0       0       
GRID    20484   0       19.46   -6.81842-0.452970       0       0       
GRID    20485   0       20.1583 -6.55329-0.662880       0       0       
GRID    20486   0       20.8703 -6.25391-0.589160       0       0       
GRID    20487   0       20.172  -6.51903-0.379250       0       0       
GRID    20488   0       19.5387 -6.97746-0.437560       0       0       
GRID    20489   0       20.2258 -6.71609-0.638980       0       0       
GRID    20490   0       20.9259 -6.42224-0.571500       0       0       
GRID    20491   0       20.2388 -6.68361-0.370080       0       0       
GRID    20492   0       19.6648 -7.18235-0.452330       0       0       
GRID    20493   0       20.3149 -6.88852-0.621780       0       0       
GRID    20494   0       20.9671 -6.56815-0.523300       0       0       
GRID    20495   0       20.317  -6.86199-0.353850       0       0       
GRID    20496   0       19.7582 -7.35311-0.436150       0       0       
GRID    20497   0       20.3985 -7.06382-0.604110       0       0       
GRID    20498   0       21.0409 -6.74819-0.506050       0       0       
GRID    20499   0       20.4006 -7.03748-0.338080       0       0       
GRID    20500   0       19.8517 -7.52386-0.419970       0       0       
GRID    20501   0       20.4822 -7.23912-0.586440       0       0       
GRID    20502   0       21.1147 -6.92823-0.488790       0       0       
GRID    20503   0       20.4842 -7.21297-0.322320       0       0       
GRID    20504   0       19.9452 -7.69462-0.403790       0       0       
GRID    20505   0       20.5658 -7.41443-0.568780       0       0       
GRID    20506   0       21.1885 -7.10828-0.471540       0       0       
GRID    20507   0       20.5678 -7.38846-0.306560       0       0       
GRID    20508   0       20.0387 -7.86537-0.387610       0       0       
GRID    20509   0       20.6494 -7.58973-0.551110       0       0       
GRID    20510   0       21.2623 -7.28832-0.454290       0       0       
GRID    20511   0       20.6515 -7.56396-0.290790       0       0       
GRID    20512   0       20.1321 -8.03613-0.371430       0       0       
GRID    20513   0       20.7331 -7.76504-0.533440       0       0       
GRID    20514   0       21.336  -7.46836-0.437040       0       0       
GRID    20515   0       20.7351 -7.73945-0.275030       0       0       
GRID    20516   0       20.2256 -8.20689-0.355260       0       0       
GRID    20517   0       20.8167 -7.94034-0.515780       0       0       
GRID    20518   0       21.4098 -7.6484 -0.419790       0       0       
GRID    20519   0       20.8187 -7.91494-0.259270       0       0       
GRID    20520   0       20.3191 -8.37764-0.339080       0       0       
GRID    20521   0       20.9004 -8.11565-0.498110       0       0       
GRID    20522   0       21.4836 -7.82844-0.402540       0       0       
GRID    20523   0       20.9023 -8.09044-0.243500       0       0       
GRID    20524   0       20.4125 -8.5484 -0.322900       0       0       
GRID    20525   0       20.984  -8.29095-0.480440       0       0       
GRID    20526   0       21.5574 -8.00848-0.385280       0       0       
GRID    20527   0       20.986  -8.26593-0.227740       0       0       
GRID    20528   0       20.506  -8.71915-0.306720       0       0       
GRID    20529   0       21.0676 -8.46625-0.462780       0       0       
GRID    20530   0       21.6312 -8.18852-0.368030       0       0       
GRID    20531   0       21.0696 -8.44142-0.211970       0       0       
GRID    20532   0       20.5995 -8.88991-0.290540       0       0       
GRID    20533   0       21.1513 -8.64156-0.445110       0       0       
GRID    20534   0       21.705  -8.36856-0.350780       0       0       
GRID    20535   0       21.1532 -8.61691-0.196210       0       0       
GRID    20536   0       20.693  -9.06067-0.274360       0       0       
GRID    20537   0       21.2349 -8.81686-0.427440       0       0       
GRID    20538   0       21.7788 -8.5486 -0.333530       0       0       
GRID    20539   0       21.2368 -8.79241-0.180450       0       0       
GRID    20540   0       20.7864 -9.23142-0.258180       0       0       
GRID    20541   0       21.3185 -8.99217-0.409780       0       0       
GRID    20542   0       21.8525 -8.72864-0.316280       0       0       
GRID    20543   0       21.3204 -8.9679 -0.164680       0       0       
GRID    20544   0       20.8799 -9.40218-0.242000       0       0       
GRID    20545   0       21.4022 -9.16747-0.392110       0       0       
GRID    20546   0       21.9263 -8.90868-0.299030       0       0       
GRID    20547   0       21.4041 -9.14339-0.148920       0       0       
GRID    20548   0       20.9734 -9.57294-0.225820       0       0       
GRID    20549   0       21.4858 -9.34278-0.374440       0       0       
GRID    20550   0       22.0001 -9.08872-0.281770       0       0       
GRID    20551   0       21.4877 -9.31888-0.133160       0       0       
GRID    20552   0       21.0669 -9.74369-0.209650       0       0       
GRID    20553   0       21.5695 -9.51808-0.356780       0       0       
GRID    20554   0       22.0739 -9.26877-0.264520       0       0       
GRID    20555   0       21.5713 -9.49438-0.117390       0       0       
GRID    20556   0       21.1603 -9.91445-0.193470       0       0       
GRID    20557   0       21.6531 -9.69338-0.339110       0       0       
GRID    20558   0       22.1477 -9.44881-0.247270       0       0       
GRID    20559   0       21.6549 -9.66987-0.101630       0       0       
GRID    20560   0       21.2538 -10.0852-0.177290       0       0       
GRID    20561   0       21.7367 -9.86869-0.321440       0       0       
GRID    20562   0       22.2215 -9.62885-0.230020       0       0       
GRID    20563   0       21.7386 -9.84536-0.085860       0       0       
GRID    20564   0       21.3473 -10.256 -0.161110       0       0       
GRID    20565   0       21.8204 -10.044 -0.303780       0       0       
GRID    20566   0       22.2953 -9.80889-0.212770       0       0       
GRID    20567   0       21.8222 -10.0209-0.070100       0       0       
GRID    20568   0       21.4408 -10.4267-0.144930       0       0       
GRID    20569   0       21.904  -10.2193-0.286110       0       0       
GRID    20570   0       22.369  -9.98893-0.195510       0       0       
GRID    20571   0       21.9058 -10.1963-0.054340       0       0       
GRID    20572   0       21.5342 -10.5975-0.128750       0       0       
GRID    20573   0       21.9876 -10.3946-0.268440       0       0       
GRID    20574   0       22.4428 -10.169 -0.178260       0       0       
GRID    20575   0       21.9894 -10.3718-0.038570       0       0       
GRID    20576   0       21.6277 -10.7682-0.112570       0       0       
GRID    20577   0       22.0713 -10.5699-0.250780       0       0       
GRID    20578   0       22.5166 -10.349 -0.161010       0       0       
GRID    20579   0       22.0731 -10.5473-0.022810       0       0       
GRID    20580   0       21.7212 -10.939 -0.096390       0       0       
GRID    20581   0       22.1549 -10.7452-0.233110       0       0       
GRID    20582   0       22.5904 -10.5291-0.143760       0       0       
GRID    20583   0       22.1567 -10.7228-0.007040       0       0       
GRID    20584   0       21.8147 -11.1097-0.080210       0       0       
GRID    20585   0       22.2386 -10.9205-0.215440       0       0       
GRID    20586   0       22.6642 -10.7091-0.126510       0       0       
GRID    20587   0       22.2403 -10.89830.0087140       0       0       
GRID    20588   0       21.9081 -11.2805-0.064040       0       0       
GRID    20589   0       22.3222 -11.0958-0.197770       0       0       
GRID    20590   0       22.738  -10.8891-0.109260       0       0       
GRID    20591   0       22.3239 -11.07380.0244770       0       0       
GRID    20592   0       22.0016 -11.4513-0.047860       0       0       
GRID    20593   0       22.4058 -11.2711-0.180110       0       0       
GRID    20594   0       22.8118 -11.0692-0.092000       0       0       
GRID    20595   0       22.4075 -11.24930.0402410       0       0       
GRID    20596   0       22.0951 -11.622 -0.031680       0       0       
GRID    20597   0       22.4895 -11.4464-0.162440       0       0       
GRID    20598   0       22.8856 -11.2492-0.074750       0       0       
GRID    20599   0       22.4912 -11.42480.0560050       0       0       
GRID    20600   0       22.1885 -11.7928-0.015500       0       0       
GRID    20601   0       22.5731 -11.6217-0.144770       0       0       
GRID    20602   0       22.9593 -11.4293-0.057500       0       0       
GRID    20603   0       22.5748 -11.60030.0717690       0       0       
GRID    20604   0       22.282  -11.96350.0006750       0       0       
GRID    20605   0       22.6567 -11.797 -0.127110       0       0       
GRID    20606   0       23.0331 -11.6093-0.040250       0       0       
GRID    20607   0       22.6584 -11.77580.0875330       0       0       
GRID    20608   0       22.3755 -12.13430.0168530       0       0       
GRID    20609   0       22.7404 -11.9723-0.109440       0       0       
GRID    20610   0       23.1069 -11.7893-0.023000       0       0       
GRID    20611   0       22.742  -11.95130.1032970       0       0       
GRID    20612   0       22.469  -12.305 0.0330320       0       0       
GRID    20613   0       22.824  -12.1476-0.091770       0       0       
GRID    20614   0       23.1807 -11.9694-0.005750       0       0       
GRID    20615   0       22.8257 -12.12680.1190610       0       0       
GRID    20616   0       22.5624 -12.47580.0492110       0       0       
GRID    20617   0       22.9077 -12.3229-0.074110       0       0       
GRID    20618   0       23.2545 -12.14940.0115000       0       0       
GRID    20619   0       22.9093 -12.30230.1348240       0       0       
GRID    20620   0       22.6461 -12.646 0.0608750       0       0       
GRID    20621   0       22.99   -12.4977-0.056300       0       0       
GRID    20622   0       23.3334 -12.33010.0331570       0       0       
GRID    20623   0       22.9895 -12.47830.1503410       0       0       
GRID    20624   0       22.7334 -12.81860.0772960       0       0       
GRID    20625   0       23.0713 -12.673 -0.038440       0       0       
GRID    20626   0       23.4087 -12.50820.0500580       0       0       
GRID    20627   0       23.0708 -12.65390.1658020       0       0       
GRID    20628   0       22.8206 -12.99130.0937170       0       0       
GRID    20629   0       23.1526 -12.8483-0.020580       0       0       
GRID    20630   0       23.4841 -12.68640.0669590       0       0       
GRID    20631   0       23.1521 -12.82940.1812630       0       0       
GRID    20632   0       22.9079 -13.164 0.1101380       0       0       
GRID    20633   0       23.2339 -13.0236-0.002720       0       0       
GRID    20634   0       23.5594 -12.86450.0838590       0       0       
GRID    20635   0       23.2334 -13.00490.1967240       0       0       
GRID    20636   0       22.9951 -13.33670.1265580       0       0       
GRID    20637   0       23.3152 -13.19890.0151340       0       0       
GRID    20638   0       23.6348 -13.04260.10076 0       0       0       
GRID    20639   0       23.3147 -13.18040.2121850       0       0       
GRID    20640   0       23.0824 -13.50930.1429790       0       0       
GRID    20641   0       23.3965 -13.37420.0329940       0       0       
GRID    20642   0       23.7101 -13.22080.1176610       0       0       
GRID    20643   0       23.396  -13.35590.2276450       0       0       
GRID    20644   0       23.1696 -13.682 0.1593990       0       0       
GRID    20645   0       23.4778 -13.54950.0508540       0       0       
GRID    20646   0       23.7855 -13.39890.1345620       0       0       
GRID    20647   0       23.4773 -13.53150.2431060       0       0       
GRID    20648   0       23.2569 -13.85470.17582 0       0       0       
GRID    20649   0       23.5591 -13.72480.0687150       0       0       
GRID    20650   0       23.8608 -13.57710.1514620       0       0       
GRID    20651   0       23.5586 -13.707 0.2585670       0       0       
GRID    20652   0       23.3441 -14.02730.1922410       0       0       
GRID    20653   0       23.6404 -13.90010.0865750       0       0       
GRID    20654   0       23.9362 -13.75520.1683630       0       0       
GRID    20655   0       23.6399 -13.88250.2740280       0       0       
GRID    20656   0       23.4314 -14.2   0.2086610       0       0       
GRID    20657   0       23.7217 -14.07540.1044360       0       0       
GRID    20658   0       24.0115 -13.93340.1852640       0       0       
GRID    20659   0       23.7212 -14.058 0.2894890       0       0       
GRID    20660   0       23.5186 -14.37270.2250820       0       0       
GRID    20661   0       23.803  -14.25070.1222960       0       0       
GRID    20662   0       24.0869 -14.11150.2021640       0       0       
GRID    20663   0       23.8025 -14.23350.30495 0       0       0       
GRID    20664   0       23.6059 -14.54540.2415020       0       0       
GRID    20665   0       23.8843 -14.426 0.1401560       0       0       
GRID    20666   0       24.1622 -14.28970.2190650       0       0       
GRID    20667   0       23.8838 -14.40910.3204110       0       0       
GRID    20668   0       23.6932 -14.718 0.2579230       0       0       
GRID    20669   0       23.9656 -14.60130.1580170       0       0       
GRID    20670   0       24.2376 -14.46780.2359660       0       0       
GRID    20671   0       23.9651 -14.58460.3358720       0       0       
GRID    20672   0       23.7804 -14.89070.2743430       0       0       
GRID    20673   0       24.0469 -14.77650.1758770       0       0       
GRID    20674   0       24.3129 -14.64590.2528660       0       0       
GRID    20675   0       24.0464 -14.76010.3513330       0       0       
GRID    20676   0       23.8677 -15.06340.2907640       0       0       
GRID    20677   0       24.1282 -14.95180.1937380       0       0       
GRID    20678   0       24.3883 -14.82410.2697670       0       0       
GRID    20679   0       24.1277 -14.93560.3667940       0       0       
GRID    20680   0       23.9549 -15.23610.3071850       0       0       
GRID    20681   0       24.2095 -15.12710.2115980       0       0       
GRID    20682   0       24.4636 -15.00220.2866680       0       0       
GRID    20683   0       24.209  -15.11110.3822550       0       0       
GRID    20684   0       24.0422 -15.40870.3236050       0       0       
GRID    20685   0       24.2908 -15.30240.2294580       0       0       
GRID    20686   0       24.539  -15.18040.3035680       0       0       
GRID    20687   0       24.2903 -15.28670.3977150       0       0       
GRID    20688   0       24.1294 -15.58140.3400260       0       0       
GRID    20689   0       24.3721 -15.47770.2473190       0       0       
GRID    20690   0       24.6143 -15.35850.3204690       0       0       
GRID    20691   0       24.3716 -15.46220.4131760       0       0       
GRID    20692   0       24.2167 -15.75410.3564460       0       0       
GRID    20693   0       24.4534 -15.653 0.2651790       0       0       
GRID    20694   0       24.6897 -15.53670.33737 0       0       0       
GRID    20695   0       24.4529 -15.63770.4286370       0       0       
GRID    20696   0       24.3039 -15.92680.3728670       0       0       
GRID    20697   0       24.5347 -15.82830.2830390       0       0       
GRID    20698   0       24.765  -15.71480.35427 0       0       0       
GRID    20699   0       24.5342 -15.81320.4440980       0       0       
GRID    20700   0       24.3912 -16.09940.3892880       0       0       
GRID    20701   0       24.616  -16.00360.3009  0       0       0       
GRID    20702   0       24.8404 -15.893 0.3711710       0       0       
GRID    20703   0       24.6155 -15.98880.4595590       0       0       
GRID    20704   0       24.4784 -16.27210.4057080       0       0       
GRID    20705   0       24.6973 -16.17890.31876 0       0       0       
GRID    20706   0       24.9157 -16.07110.3880720       0       0       
GRID    20707   0       24.6968 -16.16430.47502 0       0       0       
GRID    20708   0       24.5657 -16.44480.4221290       0       0       
GRID    20709   0       24.7786 -16.35420.33662 0       0       0       
GRID    20710   0       24.991  -16.24920.4049720       0       0       
GRID    20711   0       24.7781 -16.33980.4904810       0       0       
GRID    20712   0       24.6529 -16.61740.4385490       0       0       
GRID    20713   0       24.8599 -16.52950.3544810       0       0       
GRID    20714   0       25.0664 -16.42740.4218730       0       0       
GRID    20715   0       24.8594 -16.51530.5059420       0       0       
GRID    20716   0       24.7402 -16.79010.45497 0       0       0       
GRID    20717   0       24.9412 -16.70480.3723410       0       0       
GRID    20718   0       25.1417 -16.60550.4387740       0       0       
GRID    20719   0       24.9408 -16.69080.5214030       0       0       
GRID    20720   0       24.8274 -16.96280.47139 0       0       0       
GRID    20721   0       25.0225 -16.88010.3902010       0       0       
GRID    20722   0       25.2171 -16.78370.4556750       0       0       
GRID    20723   0       25.0221 -16.86640.5368640       0       0       
GRID    20724   0       24.9147 -17.13550.4878110       0       0       
GRID    20725   0       25.1038 -17.05540.4080620       0       0       
GRID    20726   0       25.2924 -16.96180.4725750       0       0       
GRID    20727   0       25.1034 -17.04190.5523240       0       0       
GRID    20728   0       25.0019 -17.30810.5042320       0       0       
GRID    20729   0       25.1851 -17.23070.4259220       0       0       
GRID    20730   0       25.3678 -17.14  0.4894760       0       0       
GRID    20731   0       25.1847 -17.21740.5677850       0       0       
GRID    20732   0       25.0892 -17.48080.5206520       0       0       
GRID    20733   0       25.2663 -17.406 0.4437820       0       0       
GRID    20734   0       25.4431 -17.31810.5063770       0       0       
GRID    20735   0       25.266  -17.39290.5832460       0       0       
GRID    20736   0       25.1764 -17.65350.5370730       0       0       
GRID    20737   0       25.3476 -17.58130.4616430       0       0       
GRID    20738   0       25.5185 -17.49630.5232770       0       0       
GRID    20739   0       25.3473 -17.56840.5987070       0       0       
GRID    20740   0       25.2637 -17.82620.5534930       0       0       
GRID    20741   0       25.4289 -17.75660.4795030       0       0       
GRID    20742   0       25.5938 -17.67440.5401780       0       0       
GRID    20743   0       25.4286 -17.744 0.6141680       0       0       
GRID    20744   0       25.3169 -17.92590.5616720       0       0       
GRID    20745   0       25.5107 -17.93190.4973710       0       0       
GRID    20746   0       25.7032 -17.92550.5653210       0       0       
GRID    20747   0       25.5094 -17.91940.6296210       0       0       
RBE0    2094    2094    20376   20377   20378   20379   
RBE0    2095    2095    20380   20381   20382   20383   
RBE0    2096    2096    20384   20385   20386   20387   
RBE0    2097    2097    20388   20389   20390   20391   
RBE0    2098    2098    20392   20393   20394   20395   
RBE0    2099    2099    20396   20397   20398   20399   
RBE0    2100    2100    20400   20401   20402   20403   
RBE0    2101    2101    20404   20405   20406   20407   
RBE0    2102    2102    20408   20409   20410   20411   
RBE0    2103    2103    20412   20413   20414   20415   
RBE0    2104    2104    20416   20417   20418   20419   
RBE0    2105    2105    20420   20421   20422   20423   
RBE0    2106    2106    20424   20425   20426   20427   
RBE0    2107    2107    20428   20429   20430   20431   
RBE0    2108    2108    20432   20433   20434   20435   
RBE0    2109    2109    20436   20437   20438   20439   
RBE0    2110    2110    20440   20441   20442   20443   
RBE0    2111    2111    20444   20445   20446   20447   
RBE0    2112    2112    20448   20449   20450   20451   
RBE0    2113    2113    20452   20453   20454   20455   
RBE0    2114    2114    20456   20457   20458   20459   
RBE0    2115    2115    20460   20461   20462   20463   
RBE0    2116    2116    20464   20465   20466   20467   
RBE0    2117    2117    20468   20469   20470   20471   
RBE0    2118    2118    20472   20473   20474   20475   
RBE0    2119    2119    20476   20477   20478   20479   
RBE0    2120    2120    20480   20481   20482   20483   
RBE0    2121    2121    20484   20485   20486   20487   
RBE0    2122    2122    20488   20489   20490   20491   
RBE0    2123    2123    20492   20493   20494   20495   
RBE0    2124    2124    20496   20497   20498   20499   
RBE0    2125    2125    20500   20501   20502   20503   
RBE0    2126    2126    20504   20505   20506   20507   
RBE0    2127    2127    20508   20509   20510   20511   
RBE0    2128    2128    20512   20513   20514   20515   
RBE0    2129    2129    20516   20517   20518   20519   
RBE0    2130    2130    20520   20521   20522   20523   
RBE0    2131    2131    20524   20525   20526   20527   
RBE0    2132    2132    20528   20529   20530   20531   
RBE0    2133    2133    20532   20533   20534   20535   
RBE0    2134    2134    20536   20537   20538   20539   
RBE0    2135    2135    20540   20541   20542   20543   
RBE0    2136    2136    20544   20545   20546   20547   
RBE0    2137    2137    20548   20549   20550   20551   
RBE0    2138    2138    20552   20553   20554   20555   
RBE0    2139    2139    20556   20557   20558   20559   
RBE0    2140    2140    20560   20561   20562   20563   
RBE0    2141    2141    20564   20565   20566   20567   
RBE0    2142    2142    20568   20569   20570   20571   
RBE0    2143    2143    20572   20573   20574   20575   
RBE0    2144    2144    20576   20577   20578   20579   
RBE0    2145    2145    20580   20581   20582   20583   
RBE0    2146    2146    20584   20585   20586   20587   
RBE0    2147    2147    20588   20589   20590   20591   
RBE0    2148    2148    20592   20593   20594   20595   
RBE0    2149    2149    20596   20597   20598   20599   
RBE0    2150    2150    20600   20601   20602   20603   
RBE0    2151    2151    20604   20605   20606   20607   
RBE0    2152    2152    20608   20609   20610   20611   
RBE0    2153    2153    20612   20613   20614   20615   
RBE0    2154    2154    20616   20617   20618   20619   
RBE0    2155    2155    20620   20621   20622   20623   
RBE0    2156    2156    20624   20625   20626   20627   
RBE0    2157    2157    20628   20629   20630   20631   
RBE0    2158    2158    20632   20633   20634   20635   
RBE0    2159    2159    20636   20637   20638   20639   
RBE0    2160    2160    20640   20641   20642   20643   
RBE0    2161    2161    20644   20645   20646   20647   
RBE0    2162    2162    20648   20649   20650   20651   
RBE0    2163    2163    20652   20653   20654   20655   
RBE0    2164    2164    20656   20657   20658   20659   
RBE0    2165    2165    20660   20661   20662   20663   
RBE0    2166    2166    20664   20665   20666   20667   
RBE0    2167    2167    20668   20669   20670   20671   
RBE0    2168    2168    20672   20673   20674   20675   
RBE0    2169    2169    20676   20677   20678   20679   
RBE0    2170    2170    20680   20681   20682   20683   
RBE0    2171    2171    20684   20685   20686   20687   
RBE0    2172    2172    20688   20689   20690   20691   
RBE0    2173    2173    20692   20693   20694   20695   
RBE0    2174    2174    20696   20697   20698   20699   
RBE0    2175    2175    20700   20701   20702   20703   
RBE0    2176    2176    20704   20705   20706   20707   
RBE0    2177    2177    20708   20709   20710   20711   
RBE0    2178    2178    20712   20713   20714   20715   
RBE0    2179    2179    20716   20717   20718   20719   
RBE0    2180    2180    20720   20721   20722   20723   
RBE0    2181    2181    20724   20725   20726   20727   
RBE0    2182    2182    20728   20729   20730   20731   
RBE0    2183    2183    20732   20733   20734   20735   
RBE0    2184    2184    20736   20737   20738   20739   
RBE0    2185    2185    20740   20741   20742   20743   
RBE0    2186    2186    20744   20745   20746   20747   
GRID    30000   0       41.0248 0.      1.975   0       0       0       
GRID    30001   0       42.0569 -0.157121.975   0       0       0       
GRID    30002   0       43.089  0.      1.975   0       0       0       
GRID    30003   0       42.0569 0.1571281.975   0       0       0       
GRID    30004   0       41.2826 0.      2.64842 0       0       0       
GRID    30005   0       42.1504 0.1537232.1322  0       0       0       
GRID    30006   0       43.0182 0.      1.61599 0       0       0       
GRID    30007   0       42.1504 -0.153722.1322  0       0       0       
GRID    30008   0       41.3954 0.      2.79419 0       0       0       
GRID    30009   0       42.2439 0.1503192.28941 0       0       0       
GRID    30010   0       43.0925 0.      1.78462 0       0       0       
GRID    30011   0       42.2439 -0.150312.28941 0       0       0       
GRID    30012   0       41.5081 0.      2.93996 0       0       0       
GRID    30013   0       42.3375 0.1469142.44661 0       0       0       
GRID    30014   0       43.1668 0.      1.95326 0       0       0       
GRID    30015   0       42.3375 -0.146912.44661 0       0       0       
GRID    30016   0       41.6209 0.      3.08573 0       0       0       
GRID    30017   0       42.431  0.14351 2.60381 0       0       0       
GRID    30018   0       43.2411 0.      2.12189 0       0       0       
GRID    30019   0       42.431  -0.143512.60381 0       0       0       
GRID    30020   0       41.7336 0.      3.2315  0       0       0       
GRID    30021   0       42.5245 0.1401052.76102 0       0       0       
GRID    30022   0       43.3154 0.      2.29053 0       0       0       
GRID    30023   0       42.5245 -0.140102.76102 0       0       0       
GRID    30024   0       41.8463 0.      3.37728 0       0       0       
GRID    30025   0       42.618  0.1367012.91822 0       0       0       
GRID    30026   0       43.3897 0.      2.45916 0       0       0       
GRID    30027   0       42.618  -0.136702.91822 0       0       0       
GRID    30028   0       41.9591 0.      3.52305 0       0       0       
GRID    30029   0       42.7115 0.1332973.07542 0       0       0       
GRID    30030   0       43.464  0.      2.6278  0       0       0       
GRID    30031   0       42.7115 -0.133293.07542 0       0       0       
GRID    30032   0       42.0718 0.      3.66882 0       0       0       
GRID    30033   0       42.805  0.1298923.23263 0       0       0       
GRID    30034   0       43.5383 0.      2.79644 0       0       0       
GRID    30035   0       42.805  -0.129893.23263 0       0       0       
GRID    30036   0       42.1845 0.      3.81459 0       0       0       
GRID    30037   0       42.8986 0.1264883.38983 0       0       0       
GRID    30038   0       43.6126 0.      2.96507 0       0       0       
GRID    30039   0       42.8986 -0.126483.38983 0       0       0       
GRID    30040   0       42.2973 0.      3.96036 0       0       0       
GRID    30041   0       42.9921 0.1230833.54703 0       0       0       
GRID    30042   0       43.6869 0.      3.13371 0       0       0       
GRID    30043   0       42.9921 -0.123083.54703 0       0       0       
GRID    30044   0       42.41   0.      4.10613 0       0       0       
GRID    30045   0       43.0856 0.1196793.70424 0       0       0       
GRID    30046   0       43.7612 0.      3.30234 0       0       0       
GRID    30047   0       43.0856 -0.119673.70424 0       0       0       
GRID    30048   0       42.5227 0.      4.2519  0       0       0       
GRID    30049   0       43.1791 0.1162743.86144 0       0       0       
GRID    30050   0       43.8355 0.      3.47098 0       0       0       
GRID    30051   0       43.1791 -0.116273.86144 0       0       0       
GRID    30052   0       42.6355 0.      4.39767 0       0       0       
GRID    30053   0       43.2726 0.11287 4.01864 0       0       0       
GRID    30054   0       43.9098 0.      3.63961 0       0       0       
GRID    30055   0       43.2726 -0.112874.01864 0       0       0       
GRID    30056   0       42.7482 0.      4.54344 0       0       0       
GRID    30057   0       43.3661 0.1094664.17585 0       0       0       
GRID    30058   0       43.9841 0.      3.80825 0       0       0       
GRID    30059   0       43.3661 -0.109464.17585 0       0       0       
GRID    30060   0       42.8609 0.      4.68921 0       0       0       
GRID    30061   0       43.4597 0.1060614.33305 0       0       0       
GRID    30062   0       44.0584 0.      3.97689 0       0       0       
GRID    30063   0       43.4597 -0.106064.33305 0       0       0       
GRID    30064   0       42.9737 0.      4.83498 0       0       0       
GRID    30065   0       43.5532 0.1026574.49025 0       0       0       
GRID    30066   0       44.1327 0.      4.14552 0       0       0       
GRID    30067   0       43.5532 -0.102654.49025 0       0       0       
GRID    30068   0       43.0864 0.      4.98076 0       0       0       
GRID    30069   0       43.6467 0.0992524.64746 0       0       0       
GRID    30070   0       44.207  0.      4.31416 0       0       0       
GRID    30071   0       43.6467 -0.099254.64746 0       0       0       
GRID    30072   0       43.1991 0.      5.12653 0       0       0       
GRID    30073   0       43.7402 0.0958474.80466 0       0       0       
GRID    30074   0       44.2813 0.      4.48279 0       0       0       
GRID    30075   0       43.7402 -0.095844.80466 0       0       0       
GRID    30076   0       43.3119 0.      5.2723  0       0       0       
GRID    30077   0       43.8337 0.0924434.96186 0       0       0       
GRID    30078   0       44.3556 0.      4.65143 0       0       0       
GRID    30079   0       43.8337 -0.092444.96186 0       0       0       
GRID    30080   0       43.4246 0.      5.41807 0       0       0       
GRID    30081   0       43.9272 0.0890395.11907 0       0       0       
GRID    30082   0       44.4299 0.      4.82006 0       0       0       
GRID    30083   0       43.9272 -0.089035.11907 0       0       0       
GRID    30084   0       43.5373 0.      5.56384 0       0       0       
GRID    30085   0       44.0208 0.0856345.27627 0       0       0       
GRID    30086   0       44.5042 0.      4.9887  0       0       0       
GRID    30087   0       44.0208 -0.085635.27627 0       0       0       
GRID    30088   0       43.6501 0.      5.70961 0       0       0       
GRID    30089   0       44.1143 0.0822305.43347 0       0       0       
GRID    30090   0       44.5785 0.      5.15734 0       0       0       
GRID    30091   0       44.1143 -0.082235.43347 0       0       0       
GRID    30092   0       43.7628 0.      5.85538 0       0       0       
GRID    30093   0       44.2078 0.0788255.59068 0       0       0       
GRID    30094   0       44.6528 0.      5.32597 0       0       0       
GRID    30095   0       44.2078 -0.078825.59068 0       0       0       
GRID    30096   0       43.8756 0.      6.00115 0       0       0       
GRID    30097   0       44.3013 0.0754215.74788 0       0       0       
GRID    30098   0       44.7271 0.      5.49461 0       0       0       
GRID    30099   0       44.3013 -0.075425.74788 0       0       0       
GRID    30100   0       43.9883 0.      6.14692 0       0       0       
GRID    30101   0       44.3948 0.0720165.90508 0       0       0       
GRID    30102   0       44.8014 0.      5.66324 0       0       0       
GRID    30103   0       44.3948 -0.072015.90508 0       0       0       
GRID    30104   0       44.101  0.      6.29269 0       0       0       
GRID    30105   0       44.4883 0.0686126.06229 0       0       0       
GRID    30106   0       44.8757 0.      5.83188 0       0       0       
GRID    30107   0       44.4883 -0.068616.06229 0       0       0       
GRID    30108   0       44.2138 0.      6.43846 0       0       0       
GRID    30109   0       44.5819 0.0652086.21949 0       0       0       
GRID    30110   0       44.95   0.      6.00052 0       0       0       
GRID    30111   0       44.5819 -0.065206.21949 0       0       0       
GRID    30112   0       44.3265 0.      6.58424 0       0       0       
GRID    30113   0       44.6754 0.0618036.37669 0       0       0       
GRID    30114   0       45.0243 0.      6.16915 0       0       0       
GRID    30115   0       44.6754 -0.061806.37669 0       0       0       
GRID    30116   0       44.4392 0.      6.73001 0       0       0       
GRID    30117   0       44.7689 0.0583996.5339  0       0       0       
GRID    30118   0       45.0986 0.      6.33779 0       0       0       
GRID    30119   0       44.7689 -0.058396.5339  0       0       0       
GRID    30120   0       44.5012 0.      6.6911  0       0       0       
GRID    30121   0       44.8624 -0.054996.6911  0       0       0       
GRID    30122   0       45.2236 0.      6.6911  0       0       0       
GRID    30123   0       44.8624 0.0549946.6911  0       0       0       
RBE0    3000    3000    30000   30001   30002   30003   
RBE0    3001    3001    30004   30005   30006   30007   
RBE0    3002    3002    30008   30009   30010   30011   
RBE0    3003    3003    30012   30013   30014   30015   
RBE0    3004    3004    30016   30017   30018   30019   
RBE0    3005    3005    30020   30021   30022   30023   
RBE0    3006    3006    30024   30025   30026   30027   
RBE0    3007    3007    30028   30029   30030   30031   
RBE0    3008    3008    30032   30033   30034   30035   
RBE0    3009    3009    30036   30037   30038   30039   
RBE0    3010    3010    30040   30041   30042   30043   
RBE0    3011    3011    30044   30045   30046   30047   
RBE0    3012    3012    30048   30049   30050   30051   
RBE0    3013    3013    30052   30053   30054   30055   
RBE0    3014    3014    30056   30057   30058   30059   
RBE0    3015    3015    30060   30061   30062   30063   
RBE0    3016    3016    30064   30065   30066   30067   
RBE0    3017    3017    30068   30069   30070   30071   
RBE0    3018    3018    30072   30073   30074   30075   
RBE0    3019    3019    30076   30077   30078   30079   
RBE0    3020    3020    30080   30081   30082   30083   
RBE0    3021    3021    30084   30085   30086   30087   
RBE0    3022    3022    30088   30089   30090   30091   
RBE0    3023    3023    30092   30093   30094   30095   
RBE0    3024    3024    30096   30097   30098   30099   
RBE0    3025    3025    30100   30101   30102   30103   
RBE0    3026    3026    30104   30105   30106   30107   
RBE0    3027    3027    30108   30109   30110   30111   
RBE0    3028    3028    30112   30113   30114   30115   
RBE0    3029    3029    30116   30117   30118   30119   
RBE0    3030    3030    30120   30121   30122   30123   
GRID    40000   0       42.7158 0.      0.69    0       0       0       
GRID    40001   0       43.3259 0.      0.59805 0       0       0       
GRID    40002   0       43.936  0.      0.69    0       0       0       
GRID    40003   0       43.3259 0.      0.78195 0       0       0       
GRID    40004   0       42.7158 0.4907170.69    0       0       0       
GRID    40005   0       43.3259 0.4907170.59805 0       0       0       
GRID    40006   0       43.936  0.4907170.69    0       0       0       
GRID    40007   0       43.3259 0.4907170.78195 0       0       0       
GRID    40008   0       42.7746 0.9814330.69    0       0       0       
GRID    40009   0       43.3259 0.9814330.59805 0       0       0       
GRID    40010   0       43.8772 0.9814330.69    0       0       0       
GRID    40011   0       43.3259 0.9814330.78195 0       0       0       
GRID    40012   0       42.8603 1.27237 0.7205780       0       0       
GRID    40013   0       43.3541 1.05045 0.60571 0       0       0       
GRID    40014   0       43.8479 0.8094920.6719280       0       0       
GRID    40015   0       43.3541 1.03141 0.7867960       0       0       
GRID    40016   0       42.8934 1.32955 0.7265890       0       0       
GRID    40017   0       43.3823 1.10985 0.6128670       0       0       
GRID    40018   0       43.8712 0.8712970.6784240       0       0       
GRID    40019   0       43.3823 1.091   0.7921460       0       0       
GRID    40020   0       42.9265 1.38674 0.7325990       0       0       
GRID    40021   0       43.4105 1.16925 0.6200240       0       0       
GRID    40022   0       43.8944 0.9331020.68492 0       0       0       
GRID    40023   0       43.4105 1.15059 0.7974960       0       0       
GRID    40024   0       42.9596 1.44393 0.73861 0       0       0       
GRID    40025   0       43.4387 1.22865 0.62718 0       0       0       
GRID    40026   0       43.9177 0.9949070.6914160       0       0       
GRID    40027   0       43.4387 1.21019 0.8028460       0       0       
GRID    40028   0       42.9928 1.50111 0.7446210       0       0       
GRID    40029   0       43.4669 1.28805 0.6343370       0       0       
GRID    40030   0       43.941  1.05671 0.6979120       0       0       
GRID    40031   0       43.4669 1.26978 0.8081960       0       0       
GRID    40032   0       43.0259 1.5583  0.7506310       0       0       
GRID    40033   0       43.4951 1.34745 0.6414940       0       0       
GRID    40034   0       43.9642 1.11852 0.7044080       0       0       
GRID    40035   0       43.4951 1.32937 0.8135450       0       0       
GRID    40036   0       43.059  1.61549 0.7566420       0       0       
GRID    40037   0       43.5232 1.40685 0.64865 0       0       0       
GRID    40038   0       43.9875 1.18032 0.7109040       0       0       
GRID    40039   0       43.5232 1.38896 0.8188950       0       0       
GRID    40040   0       43.0921 1.67267 0.7626520       0       0       
GRID    40041   0       43.5514 1.46625 0.6558070       0       0       
GRID    40042   0       44.0108 1.24213 0.7174  0       0       0       
GRID    40043   0       43.5514 1.44855 0.8242450       0       0       
GRID    40044   0       43.1252 1.72986 0.7686630       0       0       
GRID    40045   0       43.5796 1.52565 0.6629640       0       0       
GRID    40046   0       44.034  1.30393 0.7238960       0       0       
GRID    40047   0       43.5796 1.50814 0.8295950       0       0       
GRID    40048   0       43.1584 1.78705 0.7746730       0       0       
GRID    40049   0       43.6078 1.58505 0.67012 0       0       0       
GRID    40050   0       44.0573 1.36574 0.7303920       0       0       
GRID    40051   0       43.6078 1.56773 0.8349450       0       0       
GRID    40052   0       43.1915 1.84423 0.7806840       0       0       
GRID    40053   0       43.636  1.64445 0.6772770       0       0       
GRID    40054   0       44.0806 1.42754 0.7368880       0       0       
GRID    40055   0       43.636  1.62732 0.8402950       0       0       
GRID    40056   0       43.2246 1.90142 0.7866940       0       0       
GRID    40057   0       43.6642 1.70386 0.6844340       0       0       
GRID    40058   0       44.1038 1.48935 0.7433840       0       0       
GRID    40059   0       43.6642 1.68691 0.8456440       0       0       
GRID    40060   0       43.2577 1.95861 0.7927050       0       0       
GRID    40061   0       43.6924 1.76326 0.6915910       0       0       
GRID    40062   0       44.1271 1.55115 0.74988 0       0       0       
GRID    40063   0       43.6924 1.7465  0.8509940       0       0       
GRID    40064   0       43.2908 2.01579 0.7987150       0       0       
GRID    40065   0       43.7206 1.82266 0.6987470       0       0       
GRID    40066   0       44.1503 1.61296 0.7563760       0       0       
GRID    40067   0       43.7206 1.80609 0.8563440       0       0       
GRID    40068   0       43.324  2.07298 0.8047260       0       0       
GRID    40069   0       43.7488 1.88206 0.7059040       0       0       
GRID    40070   0       44.1736 1.67476 0.7628720       0       0       
GRID    40071   0       43.7488 1.86568 0.8616940       0       0       
GRID    40072   0       43.3571 2.13017 0.8107370       0       0       
GRID    40073   0       43.777  1.94146 0.7130610       0       0       
GRID    40074   0       44.1969 1.73657 0.7693680       0       0       
GRID    40075   0       43.777  1.92527 0.8670440       0       0       
GRID    40076   0       43.3902 2.18735 0.8167470       0       0       
GRID    40077   0       43.8052 2.00086 0.7202170       0       0       
GRID    40078   0       44.2201 1.79837 0.7758640       0       0       
GRID    40079   0       43.8052 1.98487 0.8723940       0       0       
GRID    40080   0       43.4233 2.24454 0.8227580       0       0       
GRID    40081   0       43.8334 2.06026 0.7273740       0       0       
GRID    40082   0       44.2434 1.86018 0.78236 0       0       0       
GRID    40083   0       43.8334 2.04446 0.8777440       0       0       
GRID    40084   0       43.4564 2.30173 0.8287680       0       0       
GRID    40085   0       43.8616 2.11966 0.7345310       0       0       
GRID    40086   0       44.2667 1.92198 0.7888560       0       0       
GRID    40087   0       43.8616 2.10405 0.8830930       0       0       
GRID    40088   0       43.4895 2.35891 0.8347790       0       0       
GRID    40089   0       43.8897 2.17906 0.7416870       0       0       
GRID    40090   0       44.2899 1.98379 0.7953520       0       0       
GRID    40091   0       43.8897 2.16364 0.8884430       0       0       
GRID    40092   0       43.5227 2.4161  0.8407890       0       0       
GRID    40093   0       43.9179 2.23846 0.7488440       0       0       
GRID    40094   0       44.3132 2.04559 0.8018480       0       0       
GRID    40095   0       43.9179 2.22323 0.8937930       0       0       
GRID    40096   0       43.5558 2.47329 0.8468  0       0       0       
GRID    40097   0       43.9461 2.29786 0.7560010       0       0       
GRID    40098   0       44.3365 2.1074  0.8083440       0       0       
GRID    40099   0       43.9461 2.28282 0.8991430       0       0       
GRID    40100   0       43.5889 2.53047 0.85281 0       0       0       
GRID    40101   0       43.9743 2.35726 0.7631570       0       0       
GRID    40102   0       44.3597 2.1692  0.81484 0       0       0       
GRID    40103   0       43.9743 2.34241 0.9044930       0       0       
GRID    40104   0       43.6233 2.58977 0.8590430       0       0       
GRID    40105   0       44.0036 2.41886 0.7705790       0       0       
GRID    40106   0       44.3839 2.23329 0.8215760       0       0       
GRID    40107   0       44.0036 2.4042  0.9100410       0       0       
GRID    40108   0       43.6576 2.64908 0.8652760       0       0       
GRID    40109   0       44.0328 2.48046 0.778   0       0       0       
GRID    40110   0       44.408  2.29739 0.8283120       0       0       
GRID    40111   0       44.0328 2.466   0.9155880       0       0       
GRID    40112   0       43.6919 2.70838 0.8715090       0       0       
GRID    40113   0       44.062  2.54206 0.7854210       0       0       
GRID    40114   0       44.4321 2.36148 0.8350480       0       0       
GRID    40115   0       44.062  2.52779 0.9211360       0       0       
GRID    40116   0       43.7263 2.76768 0.8777420       0       0       
GRID    40117   0       44.0913 2.60366 0.7928430       0       0       
GRID    40118   0       44.4562 2.42557 0.8417850       0       0       
GRID    40119   0       44.0913 2.58959 0.9266840       0       0       
GRID    40120   0       43.7606 2.82698 0.8839750       0       0       
GRID    40121   0       44.1205 2.66525 0.8002640       0       0       
GRID    40122   0       44.4804 2.48966 0.8485210       0       0       
GRID    40123   0       44.1205 2.65138 0.9322310       0       0       
GRID    40124   0       43.795  2.88628 0.8902080       0       0       
GRID    40125   0       44.1497 2.72685 0.8076860       0       0       
GRID    40126   0       44.5045 2.55375 0.8552570       0       0       
GRID    40127   0       44.1497 2.71318 0.9377790       0       0       
GRID    40128   0       43.8293 2.94558 0.89644 0       0       0       
GRID    40129   0       44.179  2.78845 0.8151070       0       0       
GRID    40130   0       44.5286 2.61784 0.8619930       0       0       
GRID    40131   0       44.179  2.77497 0.9433270       0       0       
GRID    40132   0       43.8637 3.00489 0.9026730       0       0       
GRID    40133   0       44.2082 2.85005 0.8225280       0       0       
GRID    40134   0       44.5527 2.68193 0.86873 0       0       0       
GRID    40135   0       44.2082 2.83677 0.9488750       0       0       
GRID    40136   0       43.898  3.06419 0.9089060       0       0       
GRID    40137   0       44.2374 2.91165 0.82995 0       0       0       
GRID    40138   0       44.5769 2.74602 0.8754660       0       0       
GRID    40139   0       44.2374 2.89856 0.9544220       0       0       
GRID    40140   0       43.9324 3.12349 0.9151390       0       0       
GRID    40141   0       44.2667 2.97324 0.8373710       0       0       
GRID    40142   0       44.601  2.81011 0.8822020       0       0       
GRID    40143   0       44.2667 2.96036 0.95997 0       0       0       
GRID    40144   0       43.9667 3.18279 0.9213720       0       0       
GRID    40145   0       44.2959 3.03484 0.8447920       0       0       
GRID    40146   0       44.6251 2.8742  0.8889380       0       0       
GRID    40147   0       44.2959 3.02215 0.9655180       0       0       
GRID    40148   0       44.001  3.24209 0.9276050       0       0       
GRID    40149   0       44.3251 3.09644 0.8522140       0       0       
GRID    40150   0       44.6492 2.9383  0.8956740       0       0       
GRID    40151   0       44.3251 3.08395 0.9710650       0       0       
GRID    40152   0       44.0354 3.30139 0.9338380       0       0       
GRID    40153   0       44.3544 3.15804 0.8596350       0       0       
GRID    40154   0       44.6734 3.00239 0.9024110       0       0       
GRID    40155   0       44.3544 3.14574 0.9766130       0       0       
GRID    40156   0       44.0697 3.3607  0.9400710       0       0       
GRID    40157   0       44.3836 3.21964 0.8670570       0       0       
GRID    40158   0       44.6975 3.06648 0.9091470       0       0       
GRID    40159   0       44.3836 3.20754 0.9821610       0       0       
GRID    40160   0       44.1041 3.42    0.9463030       0       0       
GRID    40161   0       44.4128 3.28123 0.8744780       0       0       
GRID    40162   0       44.7216 3.13057 0.9158830       0       0       
GRID    40163   0       44.4128 3.26933 0.9877090       0       0       
GRID    40164   0       44.1384 3.4793  0.9525360       0       0       
GRID    40165   0       44.4421 3.34283 0.8818990       0       0       
GRID    40166   0       44.7457 3.19466 0.9226190       0       0       
GRID    40167   0       44.4421 3.33113 0.9932560       0       0       
GRID    40168   0       44.1728 3.5386  0.9587690       0       0       
GRID    40169   0       44.4713 3.40443 0.8893210       0       0       
GRID    40170   0       44.7699 3.25875 0.9293560       0       0       
GRID    40171   0       44.4713 3.39292 0.9988040       0       0       
GRID    40172   0       44.2071 3.5979  0.9650020       0       0       
GRID    40173   0       44.5006 3.46603 0.8967420       0       0       
GRID    40174   0       44.794  3.32284 0.9360920       0       0       
GRID    40175   0       44.5006 3.45472 1.00435 0       0       0       
GRID    40176   0       44.2414 3.6572  0.9712350       0       0       
GRID    40177   0       44.5298 3.52762 0.9041630       0       0       
GRID    40178   0       44.8181 3.38693 0.9428280       0       0       
GRID    40179   0       44.5298 3.51651 1.0099  0       0       0       
GRID    40180   0       44.2758 3.71651 0.9774680       0       0       
GRID    40181   0       44.559  3.58922 0.9115850       0       0       
GRID    40182   0       44.8422 3.45102 0.9495640       0       0       
GRID    40183   0       44.559  3.57831 1.01545 0       0       0       
GRID    40184   0       44.3101 3.77581 0.9837010       0       0       
GRID    40185   0       44.5883 3.65082 0.9190060       0       0       
GRID    40186   0       44.8664 3.51511 0.9563010       0       0       
GRID    40187   0       44.5883 3.6401  1.02099 0       0       0       
GRID    40188   0       44.3445 3.83511 0.9899330       0       0       
GRID    40189   0       44.6175 3.71242 0.9264280       0       0       
GRID    40190   0       44.8905 3.5792  0.9630370       0       0       
GRID    40191   0       44.6175 3.7019  1.02654 0       0       0       
GRID    40192   0       44.3788 3.89441 0.9961660       0       0       
GRID    40193   0       44.6467 3.77402 0.9338490       0       0       
GRID    40194   0       44.9146 3.6433  0.9697730       0       0       
GRID    40195   0       44.6467 3.76369 1.03209 0       0       0       
GRID    40196   0       44.4132 3.95371 1.0024  0       0       0       
GRID    40197   0       44.676  3.83561 0.94127 0       0       0       
GRID    40198   0       44.9387 3.70739 0.9765090       0       0       
GRID    40199   0       44.676  3.82549 1.03764 0       0       0       
GRID    40200   0       44.4475 4.01301 1.00863 0       0       0       
GRID    40201   0       44.7052 3.89721 0.9486920       0       0       
GRID    40202   0       44.9629 3.77148 0.9832450       0       0       
GRID    40203   0       44.7052 3.88728 1.04319 0       0       0       
GRID    40204   0       44.4819 4.07232 1.01486 0       0       0       
GRID    40205   0       44.7344 3.95881 0.9561130       0       0       
GRID    40206   0       44.987  3.83557 0.9899820       0       0       
GRID    40207   0       44.7344 3.94907 1.04873 0       0       0       
GRID    40208   0       44.5162 4.13162 1.0211  0       0       0       
GRID    40209   0       44.7637 4.02041 0.9635340       0       0       
GRID    40210   0       45.0111 3.89966 0.9967180       0       0       
GRID    40211   0       44.7637 4.01087 1.05428 0       0       0       
GRID    40212   0       44.5505 4.19092 1.02733 0       0       0       
GRID    40213   0       44.7929 4.08201 0.9709560       0       0       
GRID    40214   0       45.0353 3.96375 1.00345 0       0       0       
GRID    40215   0       44.7929 4.07266 1.05983 0       0       0       
GRID    40216   0       44.5849 4.25022 1.03356 0       0       0       
GRID    40217   0       44.8221 4.1436  0.9783770       0       0       
GRID    40218   0       45.0594 4.02784 1.01019 0       0       0       
GRID    40219   0       44.8221 4.13446 1.06538 0       0       0       
GRID    40220   0       44.6192 4.30952 1.0398  0       0       0       
GRID    40221   0       44.8514 4.2052  0.9857990       0       0       
GRID    40222   0       45.0835 4.09193 1.01693 0       0       0       
GRID    40223   0       44.8514 4.19625 1.07092 0       0       0       
GRID    40224   0       44.6536 4.36882 1.04603 0       0       0       
GRID    40225   0       44.8806 4.2668  0.99322 0       0       0       
GRID    40226   0       45.1076 4.15602 1.02366 0       0       0       
GRID    40227   0       44.8806 4.25805 1.07647 0       0       0       
GRID    40228   0       44.6879 4.42813 1.05226 0       0       0       
GRID    40229   0       44.9098 4.3284  1.00064 0       0       0       
GRID    40230   0       45.1318 4.22011 1.0304  0       0       0       
GRID    40231   0       44.9098 4.31984 1.08202 0       0       0       
GRID    40232   0       44.7223 4.48743 1.05849 0       0       0       
GRID    40233   0       44.9391 4.38999 1.00806 0       0       0       
GRID    40234   0       45.1559 4.28421 1.03714 0       0       0       
GRID    40235   0       44.9391 4.38164 1.08757 0       0       0       
GRID    40236   0       44.7566 4.54673 1.06473 0       0       0       
GRID    40237   0       44.9683 4.45159 1.01548 0       0       0       
GRID    40238   0       45.18   4.3483  1.04387 0       0       0       
GRID    40239   0       44.9683 4.44343 1.09312 0       0       0       
GRID    40240   0       44.791  4.60603 1.07096 0       0       0       
GRID    40241   0       44.9975 4.51319 1.02291 0       0       0       
GRID    40242   0       45.2041 4.41239 1.05061 0       0       0       
GRID    40243   0       44.9975 4.50523 1.09866 0       0       0       
GRID    40244   0       44.8253 4.66533 1.07719 0       0       0       
GRID    40245   0       45.0268 4.57479 1.03033 0       0       0       
GRID    40246   0       45.2283 4.47648 1.05734 0       0       0       
GRID    40247   0       45.0268 4.56702 1.10421 0       0       0       
GRID    40248   0       44.8596 4.72463 1.08343 0       0       0       
GRID    40249   0       45.056  4.63639 1.03775 0       0       0       
GRID    40250   0       45.2524 4.54057 1.06408 0       0       0       
GRID    40251   0       45.056  4.62882 1.10976 0       0       0       
GRID    40252   0       44.8513 4.6943  1.08024 0       0       0       
GRID    40253   0       45.0853 4.69798 1.04517 0       0       0       
GRID    40254   0       45.3192 4.6943  1.08024 0       0       0       
GRID    40255   0       45.0853 4.69061 1.11531 0       0       0       
RBE0    4000    4000    40000   40001   40002   40003   
RBE0    4001    4001    40004   40005   40006   40007   
RBE0    4002    4002    40008   40009   40010   40011   
RBE0    4003    4003    40012   40013   40014   40015   
RBE0    4004    4004    40016   40017   40018   40019   
RBE0    4005    4005    40020   40021   40022   40023   
RBE0    4006    4006    40024   40025   40026   40027   
RBE0    4007    4007    40028   40029   40030   40031   
RBE0    4008    4008    40032   40033   40034   40035   
RBE0    4009    4009    40036   40037   40038   40039   
RBE0    4010    4010    40040   40041   40042   40043   
RBE0    4011    4011    40044   40045   40046   40047   
RBE0    4012    4012    40048   40049   40050   40051   
RBE0    4013    4013    40052   40053   40054   40055   
RBE0    4014    4014    40056   40057   40058   40059   
RBE0    4015    4015    40060   40061   40062   40063   
RBE0    4016    4016    40064   40065   40066   40067   
RBE0    4017    4017    40068   40069   40070   40071   
RBE0    4018    4018    40072   40073   40074   40075   
RBE0    4019    4019    40076   40077   40078   40079   
RBE0    4020    4020    40080   40081   40082   40083   
RBE0    4021    4021    40084   40085   40086   40087   
RBE0    4022    4022    40088   40089   40090   40091   
RBE0    4023    4023    40092   40093   40094   40095   
RBE0    4024    4024    40096   40097   40098   40099   
RBE0    4025    4025    40100   40101   40102   40103   
RBE0    4026    4026    40104   40105   40106   40107   
RBE0    4027    4027    40108   40109   40110   40111   
RBE0    4028    4028    40112   40113   40114   40115   
RBE0    4029    4029    40116   40117   40118   40119   
RBE0    4030    4030    40120   40121   40122   40123   
RBE0    4031    4031    40124   40125   40126   40127   
RBE0    4032    4032    40128   40129   40130   40131   
RBE0    4033    4033    40132   40133   40134   40135   
RBE0    4034    4034    40136   40137   40138   40139   
RBE0    4035    4035    40140   40141   40142   40143   
RBE0    4036    4036    40144   40145   40146   40147   
RBE0    4037    4037    40148   40149   40150   40151   
RBE0    4038    4038    40152   40153   40154   40155   
RBE0    4039    4039    40156   40157   40158   40159   
RBE0    4040    4040    40160   40161   40162   40163   
RBE0    4041    4041    40164   40165   40166   40167   
RBE0    4042    4042    40168   40169   40170   40171   
RBE0    4043    4043    40172   40173   40174   40175   
RBE0    4044    4044    40176   40177   40178   40179   
RBE0    4045    4045    40180   40181   40182   40183   
RBE0    4046    4046    40184   40185   40186   40187   
RBE0    4047    4047    40188   40189   40190   40191   
RBE0    4048    4048    40192   40193   40194   40195   
RBE0    4049    4049    40196   40197   40198   40199   
RBE0    4050    4050    40200   40201   40202   40203   
RBE0    4051    4051    40204   40205   40206   40207   
RBE0    4052    4052    40208   40209   40210   40211   
RBE0    4053    4053    40212   40213   40214   40215   
RBE0    4054    4054    40216   40217   40218   40219   
RBE0    4055    4055    40220   40221   40222   40223   
RBE0    4056    4056    40224   40225   40226   40227   
RBE0    4057    4057    40228   40229   40230   40231   
RBE0    4058    4058    40232   40233   40234   40235   
RBE0    4059    4059    40236   40237   40238   40239   
RBE0    4060    4060    40240   40241   40242   40243   
RBE0    4061    4061    40244   40245   40246   40247   
RBE0    4062    4062    40248   40249   40250   40251   
RBE0    4063    4063    40252   40253   40254   40255   
GRID    40256   0       42.7158 -0.490710.69    0       0       0       
GRID    40257   0       43.3259 -0.490710.59805 0       0       0       
GRID    40258   0       43.936  -0.490710.69    0       0       0       
GRID    40259   0       43.3259 -0.490710.78195 0       0       0       
GRID    40260   0       42.7746 -0.981430.69    0       0       0       
GRID    40261   0       43.3259 -0.981430.59805 0       0       0       
GRID    40262   0       43.8772 -0.981430.69    0       0       0       
GRID    40263   0       43.3259 -0.981430.78195 0       0       0       
GRID    40264   0       42.8603 -1.272370.7205780       0       0       
GRID    40265   0       43.3541 -1.050450.60571 0       0       0       
GRID    40266   0       43.8479 -0.809490.6719280       0       0       
GRID    40267   0       43.3541 -1.031410.7867960       0       0       
GRID    40268   0       42.8934 -1.329550.7265890       0       0       
GRID    40269   0       43.3823 -1.109850.6128670       0       0       
GRID    40270   0       43.8712 -0.871290.6784240       0       0       
GRID    40271   0       43.3823 -1.091  0.7921460       0       0       
GRID    40272   0       42.9265 -1.386740.7325990       0       0       
GRID    40273   0       43.4105 -1.169250.6200240       0       0       
GRID    40274   0       43.8944 -0.933100.68492 0       0       0       
GRID    40275   0       43.4105 -1.150590.7974960       0       0       
GRID    40276   0       42.9596 -1.443930.73861 0       0       0       
GRID    40277   0       43.4387 -1.228650.62718 0       0       0       
GRID    40278   0       43.9177 -0.994900.6914160       0       0       
GRID    40279   0       43.4387 -1.210190.8028460       0       0       
GRID    40280   0       42.9928 -1.501110.7446210       0       0       
GRID    40281   0       43.4669 -1.288050.6343370       0       0       
GRID    40282   0       43.941  -1.056710.6979120       0       0       
GRID    40283   0       43.4669 -1.269780.8081960       0       0       
GRID    40284   0       43.0259 -1.5583 0.7506310       0       0       
GRID    40285   0       43.4951 -1.347450.6414940       0       0       
GRID    40286   0       43.9642 -1.118520.7044080       0       0       
GRID    40287   0       43.4951 -1.329370.8135450       0       0       
GRID    40288   0       43.059  -1.615490.7566420       0       0       
GRID    40289   0       43.5232 -1.406850.64865 0       0       0       
GRID    40290   0       43.9875 -1.180320.7109040       0       0       
GRID    40291   0       43.5232 -1.388960.8188950       0       0       
GRID    40292   0       43.0921 -1.672670.7626520       0       0       
GRID    40293   0       43.5514 -1.466250.6558070       0       0       
GRID    40294   0       44.0108 -1.242130.7174  0       0       0       
GRID    40295   0       43.5514 -1.448550.8242450       0       0       
GRID    40296   0       43.1252 -1.729860.7686630       0       0       
GRID    40297   0       43.5796 -1.525650.6629640       0       0       
GRID    40298   0       44.034  -1.303930.7238960       0       0       
GRID    40299   0       43.5796 -1.508140.8295950       0       0       
GRID    40300   0       43.1584 -1.787050.7746730       0       0       
GRID    40301   0       43.6078 -1.585050.67012 0       0       0       
GRID    40302   0       44.0573 -1.365740.7303920       0       0       
GRID    40303   0       43.6078 -1.567730.8349450       0       0       
GRID    40304   0       43.1915 -1.844230.7806840       0       0       
GRID    40305   0       43.636  -1.644450.6772770       0       0       
GRID    40306   0       44.0806 -1.427540.7368880       0       0       
GRID    40307   0       43.636  -1.627320.8402950       0       0       
GRID    40308   0       43.2246 -1.901420.7866940       0       0       
GRID    40309   0       43.6642 -1.703860.6844340       0       0       
GRID    40310   0       44.1038 -1.489350.7433840       0       0       
GRID    40311   0       43.6642 -1.686910.8456440       0       0       
GRID    40312   0       43.2577 -1.958610.7927050       0       0       
GRID    40313   0       43.6924 -1.763260.6915910       0       0       
GRID    40314   0       44.1271 -1.551150.74988 0       0       0       
GRID    40315   0       43.6924 -1.7465 0.8509940       0       0       
GRID    40316   0       43.2908 -2.015790.7987150       0       0       
GRID    40317   0       43.7206 -1.822660.6987470       0       0       
GRID    40318   0       44.1503 -1.612960.7563760       0       0       
GRID    40319   0       43.7206 -1.806090.8563440       0       0       
GRID    40320   0       43.324  -2.072980.8047260       0       0       
GRID    40321   0       43.7488 -1.882060.7059040       0       0       
GRID    40322   0       44.1736 -1.674760.7628720       0       0       
GRID    40323   0       43.7488 -1.865680.8616940       0       0       
GRID    40324   0       43.3571 -2.130170.8107370       0       0       
GRID    40325   0       43.777  -1.941460.7130610       0       0       
GRID    40326   0       44.1969 -1.736570.7693680       0       0       
GRID    40327   0       43.777  -1.925270.8670440       0       0       
GRID    40328   0       43.3902 -2.187350.8167470       0       0       
GRID    40329   0       43.8052 -2.000860.7202170       0       0       
GRID    40330   0       44.2201 -1.798370.7758640       0       0       
GRID    40331   0       43.8052 -1.984870.8723940       0       0       
GRID    40332   0       43.4233 -2.244540.8227580       0       0       
GRID    40333   0       43.8334 -2.060260.7273740       0       0       
GRID    40334   0       44.2434 -1.860180.78236 0       0       0       
GRID    40335   0       43.8334 -2.044460.8777440       0       0       
GRID    40336   0       43.4564 -2.301730.8287680       0       0       
GRID    40337   0       43.8616 -2.119660.7345310       0       0       
GRID    40338   0       44.2667 -1.921980.7888560       0       0       
GRID    40339   0       43.8616 -2.104050.8830930       0       0       
GRID    40340   0       43.4895 -2.358910.8347790       0       0       
GRID    40341   0       43.8897 -2.179060.7416870       0       0       
GRID    40342   0       44.2899 -1.983790.7953520       0       0       
GRID    40343   0       43.8897 -2.163640.8884430       0       0       
GRID    40344   0       43.5227 -2.4161 0.8407890       0       0       
GRID    40345   0       43.9179 -2.238460.7488440       0       0       
GRID    40346   0       44.3132 -2.045590.8018480       0       0       
GRID    40347   0       43.9179 -2.223230.8937930       0       0       
GRID    40348   0       43.5558 -2.473290.8468  0       0       0       
GRID    40349   0       43.9461 -2.297860.7560010       0       0       
GRID    40350   0       44.3365 -2.1074 0.8083440       0       0       
GRID    40351   0       43.9461 -2.282820.8991430       0       0       
GRID    40352   0       43.5889 -2.530470.85281 0       0       0       
GRID    40353   0       43.9743 -2.357260.7631570       0       0       
GRID    40354   0       44.3597 -2.1692 0.81484 0       0       0       
GRID    40355   0       43.9743 -2.342410.9044930       0       0       
GRID    40356   0       43.6233 -2.589770.8590430       0       0       
GRID    40357   0       44.0036 -2.418860.7705790       0       0       
GRID    40358   0       44.3839 -2.233290.8215760       0       0       
GRID    40359   0       44.0036 -2.4042 0.9100410       0       0       
GRID    40360   0       43.6576 -2.649080.8652760       0       0       
GRID    40361   0       44.0328 -2.480460.778   0       0       0       
GRID    40362   0       44.408  -2.297390.8283120       0       0       
GRID    40363   0       44.0328 -2.466  0.9155880       0       0       
GRID    40364   0       43.6919 -2.708380.8715090       0       0       
GRID    40365   0       44.062  -2.542060.7854210       0       0       
GRID    40366   0       44.4321 -2.361480.8350480       0       0       
GRID    40367   0       44.062  -2.527790.9211360       0       0       
GRID    40368   0       43.7263 -2.767680.8777420       0       0       
GRID    40369   0       44.0913 -2.603660.7928430       0       0       
GRID    40370   0       44.4562 -2.425570.8417850       0       0       
GRID    40371   0       44.0913 -2.589590.9266840       0       0       
GRID    40372   0       43.7606 -2.826980.8839750       0       0       
GRID    40373   0       44.1205 -2.665250.8002640       0       0       
GRID    40374   0       44.4804 -2.489660.8485210       0       0       
GRID    40375   0       44.1205 -2.651380.9322310       0       0       
GRID    40376   0       43.795  -2.886280.8902080       0       0       
GRID    40377   0       44.1497 -2.726850.8076860       0       0       
GRID    40378   0       44.5045 -2.553750.8552570       0       0       
GRID    40379   0       44.1497 -2.713180.9377790       0       0       
GRID    40380   0       43.8293 -2.945580.89644 0       0       0       
GRID    40381   0       44.179  -2.788450.8151070       0       0       
GRID    40382   0       44.5286 -2.617840.8619930       0       0       
GRID    40383   0       44.179  -2.774970.9433270       0       0       
GRID    40384   0       43.8637 -3.004890.9026730       0       0       
GRID    40385   0       44.2082 -2.850050.8225280       0       0       
GRID    40386   0       44.5527 -2.681930.86873 0       0       0       
GRID    40387   0       44.2082 -2.836770.9488750       0       0       
GRID    40388   0       43.898  -3.064190.9089060       0       0       
GRID    40389   0       44.2374 -2.911650.82995 0       0       0       
GRID    40390   0       44.5769 -2.746020.8754660       0       0       
GRID    40391   0       44.2374 -2.898560.9544220       0       0       
GRID    40392   0       43.9324 -3.123490.9151390       0       0       
GRID    40393   0       44.2667 -2.973240.8373710       0       0       
GRID    40394   0       44.601  -2.810110.8822020       0       0       
GRID    40395   0       44.2667 -2.960360.95997 0       0       0       
GRID    40396   0       43.9667 -3.182790.9213720       0       0       
GRID    40397   0       44.2959 -3.034840.8447920       0       0       
GRID    40398   0       44.6251 -2.8742 0.8889380       0       0       
GRID    40399   0       44.2959 -3.022150.9655180       0       0       
GRID    40400   0       44.001  -3.242090.9276050       0       0       
GRID    40401   0       44.3251 -3.096440.8522140       0       0       
GRID    40402   0       44.6492 -2.9383 0.8956740       0       0       
GRID    40403   0       44.3251 -3.083950.9710650       0       0       
GRID    40404   0       44.0354 -3.301390.9338380       0       0       
GRID    40405   0       44.3544 -3.158040.8596350       0       0       
GRID    40406   0       44.6734 -3.002390.9024110       0       0       
GRID    40407   0       44.3544 -3.145740.9766130       0       0       
GRID    40408   0       44.0697 -3.3607 0.9400710       0       0       
GRID    40409   0       44.3836 -3.219640.8670570       0       0       
GRID    40410   0       44.6975 -3.066480.9091470       0       0       
GRID    40411   0       44.3836 -3.207540.9821610       0       0       
GRID    40412   0       44.1041 -3.42   0.9463030       0       0       
GRID    40413   0       44.4128 -3.281230.8744780       0       0       
GRID    40414   0       44.7216 -3.130570.9158830       0       0       
GRID    40415   0       44.4128 -3.269330.9877090       0       0       
GRID    40416   0       44.1384 -3.4793 0.9525360       0       0       
GRID    40417   0       44.4421 -3.342830.8818990       0       0       
GRID    40418   0       44.7457 -3.194660.9226190       0       0       
GRID    40419   0       44.4421 -3.331130.9932560       0       0       
GRID    40420   0       44.1728 -3.5386 0.9587690       0       0       
GRID    40421   0       44.4713 -3.404430.8893210       0       0       
GRID    40422   0       44.7699 -3.258750.9293560       0       0       
GRID    40423   0       44.4713 -3.392920.9988040       0       0       
GRID    40424   0       44.2071 -3.5979 0.9650020       0       0       
GRID    40425   0       44.5006 -3.466030.8967420       0       0       
GRID    40426   0       44.794  -3.322840.9360920       0       0       
GRID    40427   0       44.5006 -3.454721.00435 0       0       0       
GRID    40428   0       44.2414 -3.6572 0.9712350       0       0       
GRID    40429   0       44.5298 -3.527620.9041630       0       0       
GRID    40430   0       44.8181 -3.386930.9428280       0       0       
GRID    40431   0       44.5298 -3.516511.0099  0       0       0       
GRID    40432   0       44.2758 -3.716510.9774680       0       0       
GRID    40433   0       44.559  -3.589220.9115850       0       0       
GRID    40434   0       44.8422 -3.451020.9495640       0       0       
GRID    40435   0       44.559  -3.578311.01545 0       0       0       
GRID    40436   0       44.3101 -3.775810.9837010       0       0       
GRID    40437   0       44.5883 -3.650820.9190060       0       0       
GRID    40438   0       44.8664 -3.515110.9563010       0       0       
GRID    40439   0       44.5883 -3.6401 1.02099 0       0       0       
GRID    40440   0       44.3445 -3.835110.9899330       0       0       
GRID    40441   0       44.6175 -3.712420.9264280       0       0       
GRID    40442   0       44.8905 -3.5792 0.9630370       0       0       
GRID    40443   0       44.6175 -3.7019 1.02654 0       0       0       
GRID    40444   0       44.3788 -3.894410.9961660       0       0       
GRID    40445   0       44.6467 -3.774020.9338490       0       0       
GRID    40446   0       44.9146 -3.6433 0.9697730       0       0       
GRID    40447   0       44.6467 -3.763691.03209 0       0       0       
GRID    40448   0       44.4132 -3.953711.0024  0       0       0       
GRID    40449   0       44.676  -3.835610.94127 0       0       0       
GRID    40450   0       44.9387 -3.707390.9765090       0       0       
GRID    40451   0       44.676  -3.825491.03764 0       0       0       
GRID    40452   0       44.4475 -4.013011.00863 0       0       0       
GRID    40453   0       44.7052 -3.897210.9486920       0       0       
GRID    40454   0       44.9629 -3.771480.9832450       0       0       
GRID    40455   0       44.7052 -3.887281.04319 0       0       0       
GRID    40456   0       44.4819 -4.072321.01486 0       0       0       
GRID    40457   0       44.7344 -3.958810.9561130       0       0       
GRID    40458   0       44.987  -3.835570.9899820       0       0       
GRID    40459   0       44.7344 -3.949071.04873 0       0       0       
GRID    40460   0       44.5162 -4.131621.0211  0       0       0       
GRID    40461   0       44.7637 -4.020410.9635340       0       0       
GRID    40462   0       45.0111 -3.899660.9967180       0       0       
GRID    40463   0       44.7637 -4.010871.05428 0       0       0       
GRID    40464   0       44.5505 -4.190921.02733 0       0       0       
GRID    40465   0       44.7929 -4.082010.9709560       0       0       
GRID    40466   0       45.0353 -3.963751.00345 0       0       0       
GRID    40467   0       44.7929 -4.072661.05983 0       0       0       
GRID    40468   0       44.5849 -4.250221.03356 0       0       0       
GRID    40469   0       44.8221 -4.1436 0.9783770       0       0       
GRID    40470   0       45.0594 -4.027841.01019 0       0       0       
GRID    40471   0       44.8221 -4.134461.06538 0       0       0       
GRID    40472   0       44.6192 -4.309521.0398  0       0       0       
GRID    40473   0       44.8514 -4.2052 0.9857990       0       0       
GRID    40474   0       45.0835 -4.091931.01693 0       0       0       
GRID    40475   0       44.8514 -4.196251.07092 0       0       0       
GRID    40476   0       44.6536 -4.368821.04603 0       0       0       
GRID    40477   0       44.8806 -4.2668 0.99322 0       0       0       
GRID    40478   0       45.1076 -4.156021.02366 0       0       0       
GRID    40479   0       44.8806 -4.258051.07647 0       0       0       
GRID    40480   0       44.6879 -4.428131.05226 0       0       0       
GRID    40481   0       44.9098 -4.3284 1.00064 0       0       0       
GRID    40482   0       45.1318 -4.220111.0304  0       0       0       
GRID    40483   0       44.9098 -4.319841.08202 0       0       0       
GRID    40484   0       44.7223 -4.487431.05849 0       0       0       
GRID    40485   0       44.9391 -4.389991.00806 0       0       0       
GRID    40486   0       45.1559 -4.284211.03714 0       0       0       
GRID    40487   0       44.9391 -4.381641.08757 0       0       0       
GRID    40488   0       44.7566 -4.546731.06473 0       0       0       
GRID    40489   0       44.9683 -4.451591.01548 0       0       0       
GRID    40490   0       45.18   -4.3483 1.04387 0       0       0       
GRID    40491   0       44.9683 -4.443431.09312 0       0       0       
GRID    40492   0       44.791  -4.606031.07096 0       0       0       
GRID    40493   0       44.9975 -4.513191.02291 0       0       0       
GRID    40494   0       45.2041 -4.412391.05061 0       0       0       
GRID    40495   0       44.9975 -4.505231.09866 0       0       0       
GRID    40496   0       44.8253 -4.665331.07719 0       0       0       
GRID    40497   0       45.0268 -4.574791.03033 0       0       0       
GRID    40498   0       45.2283 -4.476481.05734 0       0       0       
GRID    40499   0       45.0268 -4.567021.10421 0       0       0       
GRID    40500   0       44.8596 -4.724631.08343 0       0       0       
GRID    40501   0       45.056  -4.636391.03775 0       0       0       
GRID    40502   0       45.2524 -4.540571.06408 0       0       0       
GRID    40503   0       45.056  -4.628821.10976 0       0       0       
GRID    40504   0       44.8513 -4.6943 1.08024 0       0       0       
GRID    40505   0       45.0853 -4.697981.04517 0       0       0       
GRID    40506   0       45.3192 -4.6943 1.08024 0       0       0       
GRID    40507   0       45.0853 -4.690611.11531 0       0       0       
RBE0    4064    4064    40256   40257   40258   40259   
RBE0    4065    4065    40260   40261   40262   40263   
RBE0    4066    4066    40264   40265   40266   40267   
RBE0    4067    4067    40268   40269   40270   40271   
RBE0    4068    4068    40272   40273   40274   40275   
RBE0    4069    4069    40276   40277   40278   40279   
RBE0    4070    4070    40280   40281   40282   40283   
RBE0    4071    4071    40284   40285   40286   40287   
RBE0    4072    4072    40288   40289   40290   40291   
RBE0    4073    4073    40292   40293   40294   40295   
RBE0    4074    4074    40296   40297   40298   40299   
RBE0    4075    4075    40300   40301   40302   40303   
RBE0    4076    4076    40304   40305   40306   40307   
RBE0    4077    4077    40308   40309   40310   40311   
RBE0    4078    4078    40312   40313   40314   40315   
RBE0    4079    4079    40316   40317   40318   40319   
RBE0    4080    4080    40320   40321   40322   40323   
RBE0    4081    4081    40324   40325   40326   40327   
RBE0    4082    4082    40328   40329   40330   40331   
RBE0    4083    4083    40332   40333   40334   40335   
RBE0    4084    4084    40336   40337   40338   40339   
RBE0    4085    4085    40340   40341   40342   40343   
RBE0    4086    4086    40344   40345   40346   40347   
RBE0    4087    4087    40348   40349   40350   40351   
RBE0    4088    4088    40352   40353   40354   40355   
RBE0    4089    4089    40356   40357   40358   40359   
RBE0    4090    4090    40360   40361   40362   40363   
RBE0    4091    4091    40364   40365   40366   40367   
RBE0    4092    4092    40368   40369   40370   40371   
RBE0    4093    4093    40372   40373   40374   40375   
RBE0    4094    4094    40376   40377   40378   40379   
RBE0    4095    4095    40380   40381   40382   40383   
RBE0    4096    4096    40384   40385   40386   40387   
RBE0    4097    4097    40388   40389   40390   40391   
RBE0    4098    4098    40392   40393   40394   40395   
RBE0    4099    4099    40396   40397   40398   40399   
RBE0    4100    4100    40400   40401   40402   40403   
RBE0    4101    4101    40404   40405   40406   40407   
RBE0    4102    4102    40408   40409   40410   40411   
RBE0    4103    4103    40412   40413   40414   40415   
RBE0    4104    4104    40416   40417   40418   40419   
RBE0    4105    4105    40420   40421   40422   40423   
RBE0    4106    4106    40424   40425   40426   40427   
RBE0    4107    4107    40428   40429   40430   40431   
RBE0    4108    4108    40432   40433   40434   40435   
RBE0    4109    4109    40436   40437   40438   40439   
RBE0    4110    4110    40440   40441   40442   40443   
RBE0    4111    4111    40444   40445   40446   40447   
RBE0    4112    4112    40448   40449   40450   40451   
RBE0    4113    4113    40452   40453   40454   40455   
RBE0    4114    4114    40456   40457   40458   40459   
RBE0    4115    4115    40460   40461   40462   40463   
RBE0    4116    4116    40464   40465   40466   40467   
RBE0    4117    4117    40468   40469   40470   40471   
RBE0    4118    4118    40472   40473   40474   40475   
RBE0    4119    4119    40476   40477   40478   40479   
RBE0    4120    4120    40480   40481   40482   40483   
RBE0    4121    4121    40484   40485   40486   40487   
RBE0    4122    4122    40488   40489   40490   40491   
RBE0    4123    4123    40492   40493   40494   40495   
RBE0    4124    4124    40496   40497   40498   40499   
RBE0    4125    4125    40500   40501   40502   40503   
RBE0    4126    4126    40504   40505   40506   40507   

$-------2-------3-------4-------5-------6-------7-------8-------9-------10
$ Beam properties
$-------2-------3-------4-------5-------6-------7-------8-------9-------10
PBAR    1000    100     0.0211420.0021320.0021320.004264283.757 
                                                                        
PBAR    1001    100     0.0491400.0267680.0267680.053536427.705 
                                                                        
PBAR    1002    100     0.0661210.0652120.0652120.130424214.669 
                                                                        
PBAR    1003    100     0.0771710.1036720.1036720.207344283.204 
                                                                        
PBAR    1004    100     0.0854820.1409020.1409020.281805279.044 
                                                                        
PBAR    1005    100     0.0915940.1733410.1733410.346682356.811 
                                                                        
PBAR    1006    100     0.0950560.19375 0.19375 0.3875  223.016 
                                                                        
PBAR    1007    100     0.0950560.19375 0.19375 0.3875  268.96  
                                                                        
PBAR    1008    100     0.0950560.19375 0.19375 0.3875  264.668 
                                                                        
PBAR    1009    100     0.0950560.19375 0.19375 0.3875  260.376 
                                                                        
PBAR    1010    100     0.0950560.19375 0.19375 0.3875  256.083 
                                                                        
PBAR    1011    100     0.0950560.19375 0.19375 0.3875  251.791 
                                                                        
PBAR    1012    100     0.0950560.19375 0.19375 0.3875  247.499 
                                                                        
PBAR    1013    100     0.0950560.19375 0.19375 0.3875  243.207 
                                                                        
PBAR    1014    100     0.0950560.19375 0.19375 0.3875  238.914 
                                                                        
PBAR    1015    100     0.0950560.19375 0.19375 0.3875  234.622 
                                                                        
PBAR    1016    100     0.0950560.19375 0.19375 0.3875  230.33  
                                                                        
PBAR    1017    100     0.0950560.19375 0.19375 0.3875  226.038 
                                                                        
PBAR    1018    100     0.0950560.19375 0.19375 0.3875  152.217 
                                                                        
PBAR    1019    100     0.0950560.19375 0.19375 0.3875  396.686 
                                                                        
PBAR    1020    100     0.0950560.19375 0.19375 0.3875  213.161 
                                                                        
PBAR    1021    100     0.0950560.19375 0.19375 0.3875  208.869 
                                                                        
PBAR    1022    100     0.0950560.19375 0.19375 0.3875  204.576 
                                                                        
PBAR    1023    100     0.0950560.19375 0.19375 0.3875  200.284 
                                                                        
PBAR    1024    100     0.0950560.19375 0.19375 0.3875  195.992 
                                                                        
PBAR    1025    100     0.0950560.19375 0.19375 0.3875  191.699 
                                                                        
PBAR    1026    100     0.0950560.19375 0.19375 0.3875  187.407 
                                                                        
PBAR    1027    100     0.0950560.19375 0.19375 0.3875  183.115 
                                                                        
PBAR    1028    100     0.0950560.19375 0.19375 0.3875  178.823 
                                                                        
PBAR    1029    100     0.0950560.19375 0.19375 0.3875  174.53  
                                                                        
PBAR    1030    100     0.0950560.19375 0.19375 0.3875  170.238 
                                                                        
PBAR    1031    100     0.0950560.19375 0.19375 0.3875  165.946 
                                                                        
PBAR    1032    100     0.0950560.19375 0.19375 0.3875  161.654 
                                                                        
PBAR    1033    100     0.0950560.19375 0.19375 0.3875  157.361 
                                                                        
PBAR    1034    100     0.0950560.19375 0.19375 0.3875  129.836 
                                                                        
PBAR    1035    100     0.0932870.18313 0.18313 0.366259179.631 
                                                                        
PBAR    1036    100     0.0901740.1654010.1654010.330803143.909 
                                                                        
PBAR    1037    100     0.0863470.1452260.1452260.290452139.556 
                                                                        
PBAR    1038    100     0.0823820.1261230.1261230.252246135.2   
                                                                        
PBAR    1039    100     0.0782620.1081330.1081330.216266130.842 
                                                                        
PBAR    1040    100     0.0739690.0912930.0912930.182587126.481 
                                                                        
PBAR    1041    100     0.0694700.0756290.0756290.151258122.117 
                                                                        
PBAR    1042    100     0.0647290.0611770.0611770.122354117.749 
                                                                        
PBAR    1043    100     0.0597030.0480050.0480050.096010113.377 
                                                                        
PBAR    1044    100     0.0552180.0379790.0379790.075958160.343 
                                                                        
PBAR    1045    100     0.0493790.0271590.0271590.05431978.6177 
                                                                        
PBAR    1046    100     0.0419410.0166420.0166420.033285102.973 
                                                                        
PBAR    1047    100     0.0346940.0094200.0094200.01884195.8084 
                                                                        
PBAR    1048    100     0.0257920.0038700.0038700.00774191.374  
                                                                        
PBAR    1049    100     0.0103260.0002480.0002480.00049687.2299 
                                                                        
PBAR    2000    200     0.1206110.0117650.0815240.0334260.21985 
                                                                        
PBAR    2001    200     0.1170570.0113640.0740230.0319010.21985 
                                                                        
PBAR    2002    200     0.1126960.0106540.0656610.0295801.1642  
                                                                        
PBAR    2003    200     0.1110810.0100550.0630730.0280161.14438 
                                                                        
PBAR    2004    200     0.1094670.0094780.0605530.0265061.12457 
                                                                        
PBAR    2005    200     0.1078530.0089230.0580990.0250481.10475 
                                                                        
PBAR    2006    200     0.1062390.0083900.0557120.0236411.08494 
                                                                        
PBAR    2007    200     0.1046240.0078770.0533890.0222851.06512 
                                                                        
PBAR    2008    200     0.10301 0.0073850.0511310.0209781.04531 
                                                                        
PBAR    2009    200     0.1013960.0069130.0489360.0197211.02549 
                                                                        
PBAR    2010    200     0.0997810.0064610.0468040.0185111.00568 
                                                                        
PBAR    2011    200     0.0981670.0060290.0447330.0173490.98586 
                                                                        
PBAR    2012    200     0.0965530.0056160.0427230.0162330.966045
                                                                        
PBAR    2013    200     0.0949380.0052210.0407720.0151620.94623 
                                                                        
PBAR    2014    200     0.0933240.0048440.0388810.0141370.926415
                                                                        
PBAR    2015    200     0.0917100.0044850.0370470.0131550.906599
                                                                        
PBAR    2016    200     0.0900960.0041440.0352710.0122160.886784
                                                                        
PBAR    2017    200     0.0884810.0038190.0335510.0113190.866969
                                                                        
PBAR    2018    200     0.0868670.0035110.0318860.0104640.847154
                                                                        
PBAR    2019    200     0.0852530.0032200.0302760.0096490.827339
                                                                        
PBAR    2020    200     0.0836390.0029440.0287190.0088740.807523
                                                                        
PBAR    2021    200     0.0820240.0026840.0272150.0081380.787708
                                                                        
PBAR    2022    200     0.0804100.0024380.0257630.0074400.767893
                                                                        
PBAR    2023    200     0.0787960.0022070.0243610.0067790.804091
                                                                        
PBAR    2024    200     0.0771810.0019910.0230100.0061540.782792
                                                                        
PBAR    2025    200     0.0755670.0017880.0217080.0055650.761493
                                                                        
PBAR    2026    200     0.0739530.0015980.0204540.0050110.740194
                                                                        
PBAR    2027    200     0.0723390.0014220.0192480.0044910.718895
                                                                        
PBAR    2028    200     0.0707240.0012580.0180880.0040040.697596
                                                                        
PBAR    2029    200     0.0686990.0011500.0166150.0036640.630669
                                                                        
PBAR    2030    200     0.0670010.0011050.0154050.0035030.62527 
                                                                        
PBAR    2031    200     0.0660430.0010730.0147560.0033960.61987 
                                                                        
PBAR    2032    200     0.0650860.0010420.0141240.0032910.614471
                                                                        
PBAR    2033    200     0.0641280.0010110.0135110.0031880.609072
                                                                        
PBAR    2034    200     0.0631710.0009810.0129160.0030880.603673
                                                                        
PBAR    2035    200     0.0622130.0009510.0123380.0029890.598274
                                                                        
PBAR    2036    200     0.0612550.0009220.0117780.0028920.592875
                                                                        
PBAR    2037    200     0.0602980.0008940.0112350.0027970.587476
                                                                        
PBAR    2038    200     0.0593400.0008660.0107090.0027030.582077
                                                                        
PBAR    2039    200     0.0583830.0008390.0102  0.0026120.576678
                                                                        
PBAR    2040    200     0.0574250.0008120.0097060.0025230.571279
                                                                        
PBAR    2041    200     0.0564680.0007860.0092290.0024350.56588 
                                                                        
PBAR    2042    200     0.0555100.0007600.0087680.0023490.56048 
                                                                        
PBAR    2043    200     0.0545520.0007350.0083220.0022650.555081
                                                                        
PBAR    2044    200     0.0535950.0007100.0078910.0021830.549682
                                                                        
PBAR    2045    200     0.0526370.0006860.0074760.0021030.544283
                                                                        
PBAR    2046    200     0.0516800.0006620.0070750.0020240.538884
                                                                        
PBAR    2047    200     0.0507220.0006390.0066890.0019470.533485
                                                                        
PBAR    2048    200     0.0497640.0006160.0063170.0018720.528086
                                                                        
PBAR    2049    200     0.0488070.0005940.0059580.0017990.522687
                                                                        
PBAR    2050    200     0.0478490.0005720.0056140.0017270.517288
                                                                        
PBAR    2051    200     0.0468920.0005510.0052830.0016570.511889
                                                                        
PBAR    2052    200     0.0459340.0005300.0049650.0015880.50649 
                                                                        
PBAR    2053    200     0.0449770.0005100.0046600.0015210.50109 
                                                                        
PBAR    2054    200     0.0440190.0004900.0043680.0014560.495691
                                                                        
PBAR    2055    200     0.0430610.0004710.0040880.0013930.490292
                                                                        
PBAR    2056    200     0.0421040.0004520.0038200.0013300.484893
                                                                        
PBAR    2057    200     0.0411460.0004330.0035640.0012700.479494
                                                                        
PBAR    2058    200     0.0401890.0004150.0033190.0012110.474095
                                                                        
PBAR    2059    200     0.0392310.0003970.0030860.0011540.468696
                                                                        
PBAR    2060    200     0.0382730.0003800.0028640.0010980.463297
                                                                        
PBAR    2061    200     0.0375610.0003650.0027080.0010520.460233
                                                                        
PBAR    2062    200     0.0370130.0003520.0025950.0010120.454806
                                                                        
PBAR    2063    200     0.0363860.0003380.0024680.0009700.449379
                                                                        
PBAR    2064    200     0.0357590.0003240.0023450.0009290.443953
                                                                        
PBAR    2065    200     0.0351330.0003110.0022260.0008890.438526
                                                                        
PBAR    2066    200     0.0345060.0002980.0021110.0008510.433099
                                                                        
PBAR    2067    200     0.0338790.0002850.0020010.0008130.427673
                                                                        
PBAR    2068    200     0.0332520.0002730.0018940.0007770.422246
                                                                        
PBAR    2069    200     0.0326250.0002610.0017910.0007410.41682 
                                                                        
PBAR    2070    200     0.0319980.0002500.0016920.0007070.411393
                                                                        
PBAR    2071    200     0.0313710.0002380.0015960.0006740.405966
                                                                        
PBAR    2072    200     0.0307440.0002280.0015050.0006410.40054 
                                                                        
PBAR    2073    200     0.0301170.0002170.0014160.0006100.395113
                                                                        
PBAR    2074    200     0.0294900.0002070.0013320.0005800.389686
                                                                        
PBAR    2075    200     0.0288630.0001970.0012500.0005510.38426 
                                                                        
PBAR    2076    200     0.0282360.0001870.0011720.0005220.378833
                                                                        
PBAR    2077    200     0.0276090.0001780.0010980.0004950.373407
                                                                        
PBAR    2078    200     0.0269830.0001690.0010260.0004690.36798 
                                                                        
PBAR    2079    200     0.0263560.0001600.0009580.0004430.362553
                                                                        
PBAR    2080    200     0.0257290.0001520.0008930.0004190.357127
                                                                        
PBAR    2081    200     0.0251020.0001440.0008310.0003950.3517  
                                                                        
PBAR    2082    200     0.0244750.0001360.0007720.0003720.346273
                                                                        
PBAR    2083    200     0.0238480.0001290.0007150.0003500.340847
                                                                        
PBAR    2084    200     0.0232210.0001210.0006620.0003290.33542 
                                                                        
PBAR    2085    200     0.0225940.0001140.0006110.0003090.329994
                                                                        
PBAR    2086    200     0.0219670.0001080.0005630.0002890.324567
                                                                        
PBAR    2087    200     0.0213400.0001010.0005170.0002700.31914 
                                                                        
PBAR    2088    200     0.0207139.53e-050.0004740.0002520.313714
                                                                        
PBAR    2089    200     0.0200868.93e-050.0004330.0002350.308287
                                                                        
PBAR    2090    200     0.01946 8.36e-050.0003950.0002190.30286 
                                                                        
PBAR    2091    200     0.0188337.81e-050.0003590.0002030.297434
                                                                        
PBAR    2092    200     0.0182067.29e-050.0003250.0001880.292007
                                                                        
PBAR    3000    300     0.0290990.0006440.0128480.0021290.886486
                                                                        
PBAR    3001    300     0.0284590.0006030.0120220.0019920.867278
                                                                        
PBAR    3002    300     0.0278180.0005630.0112330.0018610.848071
                                                                        
PBAR    3003    300     0.0271770.0005250.0104780.0017360.828864
                                                                        
PBAR    3004    300     0.0265360.0004890.0097580.0016170.809657
                                                                        
PBAR    3005    300     0.0258950.0004550.0090720.0015030.79045 
                                                                        
PBAR    3006    300     0.0252550.0004220.0084190.0013950.771243
                                                                        
PBAR    3007    300     0.0246140.0003910.0077980.0012920.752035
                                                                        
PBAR    3008    300     0.0239730.0003610.0072080.0011940.732828
                                                                        
PBAR    3009    300     0.0233320.0003330.0066490.0011010.713621
                                                                        
PBAR    3010    300     0.0226920.0003060.0061190.0010140.694414
                                                                        
PBAR    3011    300     0.0220510.0002810.0056190.0009310.675207
                                                                        
PBAR    3012    300     0.0214100.0002580.0051460.0008520.655999
                                                                        
PBAR    3013    300     0.0207690.0002350.0047010.0007790.636792
                                                                        
PBAR    3014    300     0.0201280.0002140.0042820.0007090.617585
                                                                        
PBAR    3015    300     0.0194880.0001950.0038890.0006440.598378
                                                                        
PBAR    3016    300     0.0188470.0001760.0035210.0005830.579171
                                                                        
PBAR    3017    300     0.0182060.0001590.0031760.0005260.559963
                                                                        
PBAR    3018    300     0.0175650.0001430.0028550.0004730.540756
                                                                        
PBAR    3019    300     0.0169240.0001280.0025560.0004230.521549
                                                                        
PBAR    3020    300     0.0162840.0001140.0022790.0003770.502342
                                                                        
PBAR    3021    300     0.0156430.0001010.0020230.0003350.483135
                                                                        
PBAR    3022    300     0.0150028.96e-050.0017870.0002960.463928
                                                                        
PBAR    3023    300     0.0143617.87e-050.0015690.0002600.44472 
                                                                        
PBAR    3024    300     0.0137206.87e-050.0013700.0002270.425513
                                                                        
PBAR    3025    300     0.0130805.96e-050.0011890.0001970.406306
                                                                        
PBAR    3026    300     0.0124395.14e-050.0010250.0001690.387099
                                                                        
PBAR    3027    300     0.0117984.39e-050.0008760.0001450.367892
                                                                        
PBAR    3028    300     0.0111573.72e-050.0007420.0001230.348684
                                                                        
PBAR    3029    300     0.0105173.12e-050.0006230.0001030.329477
                                                                        
PBAR    4000    400     0.0153920.0001190.0024290.0003960.071051
                                                                        
PBAR    4001    400     0.0147420.0001140.0021270.0003740.071051
                                                                        
PBAR    4002    400     0.0140230.0001070.0018240.0003470.527204
                                                                        
PBAR    4003    400     0.0138820.0001030.0017710.0003370.52197 
                                                                        
PBAR    4004    400     0.0137420.0001000.0017180.0003270.516736
                                                                        
PBAR    4005    400     0.0136019.78e-050.0016660.0003170.511502
                                                                        
PBAR    4006    400     0.0134619.48e-050.0016150.0003080.506267
                                                                        
PBAR    4007    400     0.0133219.19e-050.0015660.0002980.501033
                                                                        
PBAR    4008    400     0.0131808.91e-050.0015170.0002890.495799
                                                                        
PBAR    4009    400     0.0130408.63e-050.0014700.0002800.490565
                                                                        
PBAR    4010    400     0.0128998.35e-050.0014230.0002710.485331
                                                                        
PBAR    4011    400     0.0127598.09e-050.0013780.0002620.480096
                                                                        
PBAR    4012    400     0.0126187.82e-050.0013330.0002540.474862
                                                                        
PBAR    4013    400     0.0124787.57e-050.0012890.0002450.469628
                                                                        
PBAR    4014    400     0.0123387.32e-050.0012470.0002370.464394
                                                                        
PBAR    4015    400     0.0121977.07e-050.0012050.0002290.45916 
                                                                        
PBAR    4016    400     0.0120576.83e-050.0011640.0002220.453925
                                                                        
PBAR    4017    400     0.0119166.60e-050.0011240.0002140.448691
                                                                        
PBAR    4018    400     0.0117766.37e-050.0010860.0002070.443457
                                                                        
PBAR    4019    400     0.0116356.15e-050.0010480.0001990.438223
                                                                        
PBAR    4020    400     0.0114955.93e-050.0010100.0001920.432988
                                                                        
PBAR    4021    400     0.0113545.72e-050.0009740.0001850.427754
                                                                        
PBAR    4022    400     0.0112145.51e-050.0009390.0001790.42252 
                                                                        
PBAR    4023    400     0.0110745.31e-050.0009040.0001720.417286
                                                                        
PBAR    4024    400     0.0109335.11e-050.0008710.0001660.412052
                                                                        
PBAR    4025    400     0.0107904.91e-050.0008370.0001590.406721
                                                                        
PBAR    4026    400     0.0106444.72e-050.0008040.0001530.401293
                                                                        
PBAR    4027    400     0.0104994.53e-050.0007720.0001470.395865
                                                                        
PBAR    4028    400     0.0103534.35e-050.0007410.0001410.390437
                                                                        
PBAR    4029    400     0.0102084.17e-050.0007100.0001350.385009
                                                                        
PBAR    4030    400     0.0100623.99e-050.0006810.0001290.379582
                                                                        
PBAR    4031    400     0.0099163.82e-050.0006520.0001240.374154
                                                                        
PBAR    4032    400     0.0097713.66e-050.0006240.0001190.368726
                                                                        
PBAR    4033    400     0.0096253.50e-050.0005970.0001130.363298
                                                                        
PBAR    4034    400     0.0094793.35e-050.0005700.0001080.35787 
                                                                        
PBAR    4035    400     0.0093343.20e-050.0005450.0001030.352443
                                                                        
PBAR    4036    400     0.0091883.05e-050.0005209.92e-050.347015
                                                                        
PBAR    4037    400     0.0090422.91e-050.0004969.46e-050.341587
                                                                        
PBAR    4038    400     0.0088972.77e-050.0004739.01e-050.336159
                                                                        
PBAR    4039    400     0.0087512.64e-050.0004508.58e-050.330731
                                                                        
PBAR    4040    400     0.0086062.51e-050.0004288.17e-050.325304
                                                                        
PBAR    4041    400     0.0084602.39e-050.0004077.77e-050.319876
                                                                        
PBAR    4042    400     0.0083142.27e-050.0003877.38e-050.314448
                                                                        
PBAR    4043    400     0.0081692.15e-050.0003677.00e-050.30902 
                                                                        
PBAR    4044    400     0.0080232.04e-050.0003486.64e-050.303592
                                                                        
PBAR    4045    400     0.0078771.93e-050.0003306.29e-050.298165
                                                                        
PBAR    4046    400     0.0077321.83e-050.0003125.95e-050.292737
                                                                        
PBAR    4047    400     0.0075861.73e-050.0002955.63e-050.287309
                                                                        
PBAR    4048    400     0.0074411.63e-050.0002785.31e-050.281881
                                                                        
PBAR    4049    400     0.0072951.54e-050.0002635.01e-050.276453
                                                                        
PBAR    4050    400     0.0071491.45e-050.0002474.72e-050.271026
                                                                        
PBAR    4051    400     0.0070041.36e-050.0002334.44e-050.265598
                                                                        
PBAR    4052    400     0.0068581.28e-050.0002194.18e-050.26017 
                                                                        
PBAR    4053    400     0.0067121.20e-050.0002053.92e-050.254742
                                                                        
PBAR    4054    400     0.0065671.13e-050.0001923.67e-050.249314
                                                                        
PBAR    4055    400     0.0064211.06e-050.0001803.44e-050.243887
                                                                        
PBAR    4056    400     0.0062759.91e-060.0001683.21e-050.238459
                                                                        
PBAR    4057    400     0.0061309.25e-060.0001573.00e-050.233031
                                                                        
PBAR    4058    400     0.0059848.62e-060.0001462.79e-050.227603
                                                                        
PBAR    4059    400     0.0058398.01e-060.0001362.60e-050.222175
                                                                        
PBAR    4060    400     0.0056937.44e-060.0001262.41e-050.216748
                                                                        
PBAR    4061    400     0.0055476.89e-060.0001172.24e-050.21132 
                                                                        
PBAR    4062    400     0.0054026.38e-060.0001082.07e-050.205892
                                                                        

$-------2-------3-------4-------5-------6-------7-------8-------9-------10
$ Bodies and lifting surfaces definition
$-------2-------3-------4-------5-------6-------7-------8-------9-------10
CAERO1  200     0       0       4       10      A3201515A32015151       
        16.6689 0       -0.957685.36674 2.02278 1       0       3.66    3.66    
CAERO1  250     0       0       4       10      A3201515A32015151       
        16.6689 0       -0.957685.36674 -2.022781       0       3.66    3.66    
CAERO1  201     5.59    0       9       10      A3201515A32011751       
        16.6689 2.02101 -0.957685.36674 4.70076 0.54432521.2591 3.66    0.695   
CAERO1  251     -5.59   0       9       10      A3201515A32011751       
        16.6689 -2.02101-0.957685.36674 -4.700760.544325-21.25913.66    0.695   
CAERO1  202     5.4     0       10      10      A3201175A32011301       
        19.1091 6.69945 -0.499782.92125 5.63814 0.72721925.7987 0.695   0.075665
CAERO1  252     -5.4    0       10      10      A3201175A32011301       
        19.1091 -6.69945-0.499782.92125 -5.638140.727219-25.79870.695   0.075665
CAERO1  203     5.4     0       3       10      A3201130A32011301       
        22.0337 12.3126 0.0308072.12438 1.21224 0.91935325.7987 0.075665-0.05749
CAERO1  204     5.4     0       10      7       A3201130A32010841       
        22.6626 13.5248 0.1453981.95306 3.21384 0.76743625.7987 -0.05749-0.41052
        1       0.28125 0.28125 3       aileronr
CAERO1  205     5.4     0       3       10      A3201084A32011751       
        24.3297 16.7386 0.4491961.49885 1.21224 0.88569625.7987 -0.41052-0.54368
CAERO1  253     -5.4    0       3       10      A3201130A32011301       
        22.0337 -12.31260.0308072.12438 -1.212240.919353-25.79870.075665-0.05749
CAERO1  254     -5.4    0       10      7       A3201130A32010841       
        22.6626 -13.52480.1453981.95306 -3.213840.767436-25.7987-0.05749-0.41052
        1       0.28125 0.28125 3       aileronl
CAERO1  255     -5.4    0       3       10      A3201084A32011751       
        24.3297 -16.73860.4491961.49885 -1.212240.885696-25.7987-0.41052-0.54368
CAERO1  400     0       0       2       11      NACA0009NACA00091       
        42.3497 0       0.69    2.44044 0.9814331       0       0       0       
CAERO1  450     0       0       2       11      NACA0009NACA00091       
        42.3497 0       0.69    2.44044 -0.981431       0       0       0       
CAERO1  401     6       0       3       6       NACA0009NACA00091       
        42.3497 0.9814330.69    2.44044 1.37594 0.77277828      0       0       
        1       0.35    0.35    5         elev1r
CAERO1  451     -6      0       3       6       NACA0009NACA00091       
        42.3497 -0.981430.69    2.44044 -1.375940.772778-28     0       0       
        1       0.35    0.35    5         elev1l
CAERO1  402     6       0       6       6       NACA0009NACA00091       
        43.22   2.34984 0.8338251.88592 2.35738 0.49624128      0       0       
        1       0.35    0.35    5         elev2r
CAERO1  452     -6      0       6       6       NACA0009NACA00091       
        43.22   -2.349840.8338251.88592 -2.357380.496241-28     0       0       
        1       0.35    0.35    5         elev2l
CAERO1  301     90      0       4       6       NACA0009NACA00091       
        40.201  0       1.975   4.36682 2.35805 0.675   34.9999 0       0       
        1       0.325   0.325   5        rudder1
CAERO1  302     90      0       4       6       NACA0009NACA00091       
        42.2069 1.44e-164.33305 2.94761 2.35805 0.51851934.9999 0       0       
        1       0.325   0.325   5        rudder2

$-------2-------3-------4-------5-------6-------7-------8-------9-------10
$ Links aeroelastic variables
$-------2-------3-------4-------5-------6-------7-------8-------9-------10
AELINK  1       aileronlaileronr1.0     
AELINK  2        rudder2 rudder11.0     
AELINK  3         elev2r  elev1r1.0     
AELINK  4         elev1l  elev1r-1.0    
AELINK  5         elev2l  elev1r-1.0    

$-------2-------3-------4-------5-------6-------7-------8-------9-------10
$ Structural interpolation set
$-------2-------3-------4-------5-------6-------7-------8-------9-------10
SET1    200     2000    2001    2002    
CORD2R  200     0       18.314570.000000-0.9770418.314570.0000000.022960
        17.314570.000000-0.97704
SET1    201     2002    2003    2004    2005    2006    2007    2008    
        2009    2010    2011    2012    2013    2014    2015    2016    
        2017    2018    2019    2020    2021    2022    2023    2024    
        2025    2026    2027    2028    2029    
CORD2R  201     0       18.314572.022779-0.9770418.314571.9222640.017896
        17.388662.398594-0.93907
SET1    202     2029    2030    2031    2032    2033    2034    2035    
        2036    2037    2038    2039    2040    2041    2042    2043    
        2044    2045    2046    2047    2048    2049    2050    2051    
        2052    2053    2054    2055    2056    2057    2058    2059    
        2060    2061    
CORD2R  202     0       20.232306.699852-0.5045320.232306.6049830.490957
        19.328907.126717-0.46385
SET1    203     2061    2062    2063    2064    2065    2066    2067    
        2068    2069    2070    2071    2072    2073    2074    2075    
        2076    2077    2078    2079    2080    2081    2082    2083    
        2084    2085    2086    2087    2088    2089    2090    2091    
        2092    2093    
CORD2R  203     0       22.9084612.312600.03035622.9084612.218041.025876
        22.0004612.729690.069972
SET1    250     2000    2094    2095    
CORD2R  250     0       18.314570.000000-0.9770418.314570.000000-1.97704
        17.314570.000000-0.97704
SET1    251     2095    2096    2097    2098    2099    2100    2101    
        2102    2103    2104    2105    2106    2107    2108    2109    
        2110    2111    2112    2113    2114    2115    2116    2117    
        2118    2119    2120    2121    2122    
CORD2R  251     0       18.31457-2.02277-0.9770418.31457-2.12329-1.97197
        17.38866-2.39859-0.93907
SET1    252     2122    2123    2124    2125    2126    2127    2128    
        2129    2130    2131    2132    2133    2134    2135    2136    
        2137    2138    2139    2140    2141    2142    2143    2144    
        2145    2146    2147    2148    2149    2150    2151    2152    
        2153    2154    
CORD2R  252     0       20.23230-6.69985-0.5045320.23230-6.79472-1.50002
        19.32890-7.12671-0.46385
SET1    253     2154    2155    2156    2157    2158    2159    2160    
        2161    2162    2163    2164    2165    2166    2167    2168    
        2169    2170    2171    2172    2173    2174    2175    2176    
        2177    2178    2179    2180    2181    2182    2183    2184    
        2185    2186    
CORD2R  253     0       22.90846-12.31260.03035622.90846-12.4071-0.96516
        22.00046-12.72960.069972
SET1    301     3000    3001    3002    3003    3004    3005    3006    
        3007    3008    3009    3010    3011    3012    3013    3014    
        3015    
CORD2R  301     0       42.056890.0000001.97500042.05689-1.000001.975000
        41.197470.0000002.486256
SET1    302     3015    3016    3017    3018    3019    3020    3021    
        3022    3023    3024    3025    3026    3027    3028    3029    
        3030    
CORD2R  302     0       43.459650.0000004.33305043.45965-1.000004.333050
        42.600220.0000004.844306
SET1    400     4000    4001    
CORD2R  400     0       43.325890.0000000.69000043.325890.0000001.690000
        42.325890.0000000.690000
SET1    401     4001    4002    4003    4004    4005    4006    4007    
        4008    4009    4010    4011    4012    4013    4014    4015    
        4016    4017    4018    4019    4020    4021    4022    4023    
        4024    4025    
CORD2R  401     0       43.325890.4907170.69000043.325890.4135851.687021
        42.381370.8181870.715334
SET1    402     4025    4026    4027    4028    4029    4030    4031    
        4032    4033    4034    4035    4036    4037    4038    4039    
        4040    4041    4042    4043    4044    4045    4046    4047    
        4048    4049    4050    4051    4052    4053    4054    4055    
        4056    4057    4058    4059    4060    4061    4062    4063    
CORD2R  402     0       43.974322.3498370.83382543.974322.2453091.828347
        43.069732.7737950.878385
SET1    450     4000    4064    
CORD2R  450     0       43.325890.0000000.69000043.325890.000000-0.31000
        42.325890.0000000.690000
SET1    451     4064    4065    4066    4067    4068    4069    4070    
        4071    4072    4073    4074    4075    4076    4077    4078    
        4079    4080    4081    4082    4083    4084    4085    4086    
        4087    4088    
CORD2R  451     0       43.32589-0.490710.69000043.32589-0.56784-0.30702
        42.38137-0.818180.715334
SET1    452     4088    4089    4090    4091    4092    4093    4094    
        4095    4096    4097    4098    4099    4100    4101    4102    
        4103    4104    4105    4106    4107    4108    4109    4110    
        4111    4112    4113    4114    4115    4116    4117    4118    
        4119    4120    4121    4122    4123    4124    4125    4126    
CORD2R  452     0       43.97432-2.349830.83382543.97432-2.45436-0.16069
        43.06973-2.773790.878385

$-------2-------3-------4-------5-------6-------7-------8-------9-------10
$ Interpolation definition
$-------2-------3-------4-------5-------6-------7-------8-------9-------10
SPLINE1 200     200     1       40      200                     0       
SPLINE1 201     201     1       90      201                     0       
SPLINE1 202     202     1       100     202                     0       
SPLINE1 203     204     1       100     203                     0       
SPLINE1 204     203     1       30      203                     0       
SPLINE1 205     205     1       30      203                     0       
SPLINE1 250     250     1       40      250                     0       
SPLINE1 251     251     1       90      251                     0       
SPLINE1 252     252     1       100     252                     0       
SPLINE1 253     254     1       100     253                     0       
SPLINE1 254     253     1       30      253                     0       
SPLINE1 255     255     1       30      253                     0       
SPLINE1 301     301     1       44      301                     0       
SPLINE1 302     302     1       44      302                     0       
SPLINE1 400     400     1       22      400                     0       
SPLINE1 401     401     1       33      401                     0       
SPLINE1 402     402     1       66      402                     0       
SPLINE1 450     450     1       22      450                     0       
SPLINE1 451     451     1       33      451                     0       
SPLINE1 452     452     1       66      452                     0       

$-------2-------3-------4-------5-------6-------7-------8-------9-------10
$ Lumped masses: ENGINES 7100.1276 Kg
$-------2-------3-------4-------5-------6-------7-------8-------9-------10
CONM2   1       2024    0       3550.06 -1.88144-0.06949-1.67022
        0.      0.      0.      0.      0.      0.      
CONM2   2       2117    0       3550.06 -1.881440.069492-1.67022
        0.      0.      0.      0.      0.      0.      

$-------2-------3-------4-------5-------6-------7-------8-------9-------10
$ Lumped masses: MAIN LANDING GEAR 2331.6871 Kg
$-------2-------3-------4-------5-------6-------7-------8-------9-------10
CONM2   3       1023    0       2331.69 -0.458360       -2.18989
        0.      0.      0.      0.      0.      0.      
PARAM   LANDG   1023

$-------2-------3-------4-------5-------6-------7-------8-------9-------10
$ Lumped masses: NOSE LANDING GEAR 385.8055 Kg
$-------2-------3-------4-------5-------6-------7-------8-------9-------10
CONM2   4       1005    0       385.805 0.5633370       -2.82706
        0.      0.      0.      0.      0.      0.      

$-------2-------3-------4-------5-------6-------7-------8-------9-------10
$ Lumped masses: DUMMY (row #13),539.3798 Kg
$-------2-------3-------4-------5-------6-------7-------8-------9-------10
$ Uncomment cards below to substitute mass offset with RBE2 link. 
$ Remember to comment CONM2 card with offset
$GRID   8000    0       18.5625 -5.8119 -1.144830       0       0       
$RBE2   4       2114    123456  8000    
$CONM2  81      8000    0       539.38  0       0       0       
        0.      0.      0.      0.      0.      0.      
CONM2   81      2114    -1      539.38  18.5625 -5.8119 -1.14483
        0.      0.      0.      0.      0.      0.      

$-------2-------3-------4-------5-------6-------7-------8-------9-------10
$ Lumped masses: DUMMY (row #14),539.3798 Kg
$-------2-------3-------4-------5-------6-------7-------8-------9-------10
$ Uncomment cards below to substitute mass offset with RBE2 link. 
$ Remember to comment CONM2 card with offset
$GRID   8001    0       18.5625 5.8119  -1.144830       0       0       
$RBE2   5       2021    123456  8001    
$CONM2  82      8001    0       539.38  0       0       0       
        0.      0.      0.      0.      0.      0.      
CONM2   82      2021    -1      539.38  18.5625 5.8119  -1.14483
        0.      0.      0.      0.      0.      0.      

$-------2-------3-------4-------5-------6-------7-------8-------9-------10
$ Lumped masses: DUMMY (row #15),3430.8891 Kg
$-------2-------3-------4-------5-------6-------7-------8-------9-------10
$ Uncomment cards below to substitute mass offset with RBE2 link. 
$ Remember to comment CONM2 card with offset
$GRID   8002    0       5.50899 0.      0.      0       0       0       
$RBE2   6       1006    123456  8002    
$CONM2  83      8002    0       3430.89 0       0       0       
        0.      0.      0.      0.      0.      0.      
CONM2   83      1006    -1      3430.89 5.50899 0       0       
        0.      0.      0.      0.      0.      0.      

$-------2-------3-------4-------5-------6-------7-------8-------9-------10
$ Lumped masses: DUMMY (row #16),3470.3 Kg
$-------2-------3-------4-------5-------6-------7-------8-------9-------10
$ Uncomment cards below to substitute mass offset with RBE2 link. 
$ Remember to comment CONM2 card with offset
$GRID   8003    0       38.2571 0.      0.1866380       0       0       
$RBE2   7       1041    123456  8003    
$CONM2  84      8003    0       3470.3  0       0       0       
        0.      0.      0.      0.      0.      0.      
CONM2   84      1041    -1      3470.3  38.2571 0       0.186638
        0.      0.      0.      0.      0.      0.      

$-------2-------3-------4-------5-------6-------7-------8-------9-------10
$ Lumped masses: DUMMY (row #26),4199.425 Kg
$-------2-------3-------4-------5-------6-------7-------8-------9-------10
$ Uncomment cards below to substitute mass offset with RBE2 link. 
$ Remember to comment CONM2 card with offset
$GRID   8004    0       19.2724 0.      0.      0       0       0       
$RBE2   8       1020    123456  8004    
$CONM2  85      8004    0       4199.43 0       0       0       
        0.      0.      0.      0.      0.      0.      
CONM2   85      1020    -1      4199.43 19.2724 0       0       
        0.      0.      0.      0.      0.      0.      

$-------2-------3-------4-------5-------6-------7-------8-------9-------10
$ Lumped masses: DUMMY (row #28),581.1136 Kg
$-------2-------3-------4-------5-------6-------7-------8-------9-------10
$ Uncomment cards below to substitute mass offset with RBE2 link. 
$ Remember to comment CONM2 card with offset
$GRID   8005    0       19.5    4.      -0.5838 0       0       0       
$RBE2   9       2014    123456  8005    
$CONM2  86      8005    0       581.114 0       0       0       
        0.      0.      0.      0.      0.      0.      
CONM2   86      2014    -1      581.114 19.5    4       -0.5838 
        0.      0.      0.      0.      0.      0.      

$-------2-------3-------4-------5-------6-------7-------8-------9-------10
$ Lumped masses: DUMMY (row #30),581.1136 Kg
$-------2-------3-------4-------5-------6-------7-------8-------9-------10
$ Uncomment cards below to substitute mass offset with RBE2 link. 
$ Remember to comment CONM2 card with offset
$GRID   8006    0       19.5    -4.     -0.5838 0       0       0       
$RBE2   10      2107    123456  8006    
$CONM2  87      8006    0       581.114 0       0       0       
        0.      0.      0.      0.      0.      0.      
CONM2   87      2107    -1      581.114 19.5    -4      -0.5838 
        0.      0.      0.      0.      0.      0.      

$ Summary of secondary masses (as CONM2): 
$ Engines: 7100.1276
$ Engines2: 0
$ Nose landing gear: 385.8055
$ Main landing gear: 2331.6871
$ Dummy mass (row #13): 539.3798 kg.
$ Dummy mass (row #14): 539.3798 kg.
$ Dummy mass (row #15): 3430.8891 kg.
$ Dummy mass (row #16): 3470.3 kg.
$ Dummy mass (row #26): 4199.425 kg.
$ Dummy mass (row #28): 581.1136 kg.
$ Dummy mass (row #30): 581.1136 kg.
$-------2-------3-------4-------5-------6-------7-------8-------9-------10
$ Rigid structural link
$-------2-------3-------4-------5-------6-------7-------8-------9-------10
RBE2    1       1019    1235    2002    2095    
RBE2    2       1045    123456  3000    
RBE2    3       1046    123456  4000    

PARAM   DIVERG  1       
AEROS           0       3.57567 36      110.711 0       0       
