
$-------2-------3-------4-------5-------6-------7-------8-------9-------10
$ Material definition
$-------2-------3-------4-------5-------6-------7-------8-------9-------10
MAT1    100     7.37e+10        0.3     2795.72 
        4.03e+083.72e+082.23e+08
MAT1    200     7.37e+10        0.3     2795.72 
        2.37e+082.37e+081.37e+08
MAT1    300     7.37e+10        0.3     2795.72 
        2.37e+082.37e+081.37e+08
MAT1    400     7.37e+10        0.3     2795.72 
        2.37e+082.37e+081.37e+08

$-------2-------3-------4-------5-------6-------7-------8-------9-------10
$ Node definition
$-------2-------3-------4-------5-------6-------7-------8-------9-------10
GRID    1000    0       0.      0.      0.      0       0       0       
GRID    1001    0       1.27812 0.      0.      0       0       0       
GRID    1002    0       2.55624 0.      0.      0       0       0       
GRID    1003    0       3.83436 0.      0.      0       0       0       
GRID    1004    0       5.11248 0.      0.      0       0       0       
GRID    1005    0       6.6778  0.      0.      0       0       0       
GRID    1006    0       7.66872 0.      0.      0       0       0       
GRID    1007    0       8.94684 0.      0.      0       0       0       
GRID    1008    0       10.225  0.      0.      0       0       0       
GRID    1009    0       11.5031 0.      0.      0       0       0       
GRID    1010    0       12.7812 0.      0.      0       0       0       
GRID    1011    0       14.0593 0.      0.      0       0       0       
GRID    1012    0       15.3374 0.      0.      0       0       0       
GRID    1013    0       16.6156 0.      0.      0       0       0       
GRID    1014    0       17.8937 0.      0.      0       0       0       
GRID    1015    0       19.1718 0.      0.      0       0       0       
GRID    1016    0       20.4499 0.      0.      0       0       0       
GRID    1017    0       21.728  0.      0.      0       0       0       
GRID    1018    0       23.0062 0.      0.      0       0       0       
GRID    1019    0       24.6746 0.      0.      0       0       0       
GRID    1020    0       25.5624 0.      0.      0       0       0       
GRID    1021    0       27.2602 0.      0.      0       0       0       
GRID    1022    0       28.1186 0.      0.      0       0       0       
GRID    1023    0       29.3968 0.      0.      0       0       0       
GRID    1024    0       30.6749 0.      0.      0       0       0       
GRID    1025    0       31.953  0.      0.      0       0       0       
GRID    1026    0       33.2311 0.      0.      0       0       0       
GRID    1027    0       34.5092 0.      0.      0       0       0       
GRID    1028    0       35.7874 0.      0.      0       0       0       
GRID    1029    0       37.0655 0.      0.      0       0       0       
GRID    1030    0       38.3436 0.      0.      0       0       0       
GRID    1031    0       39.6217 0.      0.      0       0       0       
GRID    1032    0       40.8998 0.      0.      0       0       0       
GRID    1033    0       42.6714 0.      0.      0       0       0       
GRID    1034    0       43.4561 0.      0.0824730       0       0       
GRID    1035    0       44.7342 0.      0.2168090       0       0       
GRID    1036    0       46.0123 0.      0.3511450       0       0       
GRID    1037    0       47.2904 0.      0.4854810       0       0       
GRID    1038    0       48.5686 0.      0.6198160       0       0       
GRID    1039    0       49.8467 0.      0.7541520       0       0       
GRID    1040    0       51.1248 0.      0.8884880       0       0       
GRID    1041    0       52.4029 0.      1.02282 0       0       0       
GRID    1042    0       53.681  0.      1.15716 0       0       0       
GRID    1043    0       54.9592 0.      1.2915  0       0       0       
GRID    1044    0       56.8028 0.      1.48527 0       0       0       
GRID    1045    0       57.5154 0.      1.56017 0       0       0       
GRID    1046    0       59.0106 0.      1.71732 0       0       0       
GRID    1047    0       60.0716 0.      1.82884 0       0       0       
GRID    1048    0       61.3498 0.      1.96317 0       0       0       
GRID    1049    0       62.6279 0.      2.09751 0       0       0       
GRID    1050    0       63.906  0.      2.23185 0       0       0       
GRID    2001    0       27.2602 1.41    -1.128  0       0       0       
GRID    2002    0       27.2602 2.82    -1.128  0       0       0       
GRID    2003    0       27.4047 3.09772 -1.100760       0       0       
GRID    2004    0       27.5492 3.37543 -1.073520       0       0       
GRID    2005    0       27.6937 3.65315 -1.046280       0       0       
GRID    2006    0       27.8382 3.93086 -1.019040       0       0       
GRID    2007    0       27.9827 4.20858 -0.991800       0       0       
GRID    2008    0       28.1271 4.48629 -0.964560       0       0       
GRID    2009    0       28.2716 4.76401 -0.937320       0       0       
GRID    2010    0       28.4161 5.04172 -0.910090       0       0       
GRID    2011    0       28.5606 5.31944 -0.882850       0       0       
GRID    2012    0       28.7051 5.59715 -0.855610       0       0       
GRID    2013    0       28.8496 5.87487 -0.828370       0       0       
GRID    2014    0       28.994  6.15258 -0.801130       0       0       
GRID    2015    0       29.1385 6.4303  -0.773890       0       0       
GRID    2016    0       29.283  6.70801 -0.746650       0       0       
GRID    2017    0       29.4275 6.98573 -0.719410       0       0       
GRID    2018    0       29.572  7.26344 -0.692170       0       0       
GRID    2019    0       29.7165 7.54116 -0.664940       0       0       
GRID    2020    0       29.861  7.81887 -0.637700       0       0       
GRID    2021    0       30.0054 8.09659 -0.610460       0       0       
GRID    2022    0       30.1499 8.3743  -0.583220       0       0       
GRID    2023    0       30.275  8.6232  -0.562660       0       0       
GRID    2024    0       30.4    8.8721  -0.542100       0       0       
GRID    2025    0       30.525  9.121   -0.521540       0       0       
GRID    2026    0       30.65   9.3699  -0.500970       0       0       
GRID    2027    0       30.7943 9.657   -0.477260       0       0       
GRID    2028    0       30.9385 9.94409 -0.453540       0       0       
GRID    2029    0       31.0827 10.2312 -0.429820       0       0       
GRID    2030    0       31.2269 10.5183 -0.406110       0       0       
GRID    2031    0       31.3711 10.8054 -0.382390       0       0       
GRID    2032    0       31.5153 11.0925 -0.358670       0       0       
GRID    2033    0       31.6596 11.3796 -0.334960       0       0       
GRID    2034    0       31.8038 11.6667 -0.311240       0       0       
GRID    2035    0       31.948  11.9538 -0.287520       0       0       
GRID    2036    0       32.0922 12.2409 -0.263810       0       0       
GRID    2037    0       32.2364 12.528  -0.240090       0       0       
GRID    2038    0       32.3806 12.8151 -0.216370       0       0       
GRID    2039    0       32.5249 13.1022 -0.192660       0       0       
GRID    2040    0       32.6691 13.3893 -0.168940       0       0       
GRID    2041    0       32.8133 13.6763 -0.145220       0       0       
GRID    2042    0       32.9575 13.9634 -0.121510       0       0       
GRID    2043    0       33.1017 14.2505 -0.097790       0       0       
GRID    2044    0       33.2459 14.5376 -0.074070       0       0       
GRID    2045    0       33.3901 14.8247 -0.050360       0       0       
GRID    2046    0       33.5344 15.1118 -0.026640       0       0       
GRID    2047    0       33.6786 15.3989 -0.002920       0       0       
GRID    2048    0       33.8228 15.686  0.0207900       0       0       
GRID    2049    0       33.967  15.9731 0.0445060       0       0       
GRID    2050    0       34.1112 16.2602 0.0682230       0       0       
GRID    2051    0       34.2554 16.5473 0.0919400       0       0       
GRID    2052    0       34.3997 16.8344 0.1156570       0       0       
GRID    2053    0       34.5439 17.1215 0.1393740       0       0       
GRID    2054    0       34.6881 17.4086 0.1630910       0       0       
GRID    2055    0       34.8323 17.6957 0.1868070       0       0       
GRID    2056    0       34.9765 17.9828 0.2105240       0       0       
GRID    2057    0       35.1207 18.2699 0.2342410       0       0       
GRID    2058    0       35.265  18.557  0.2579580       0       0       
GRID    2059    0       35.4092 18.8441 0.2816750       0       0       
GRID    2060    0       35.5534 19.1312 0.3053910       0       0       
GRID    2061    0       35.6976 19.4183 0.3291080       0       0       
GRID    2062    0       35.8418 19.7054 0.3528250       0       0       
GRID    2063    0       35.986  19.9925 0.3765420       0       0       
GRID    2064    0       36.1305 20.2801 0.3995980       0       0       
GRID    2065    0       36.2749 20.5676 0.4226540       0       0       
GRID    2066    0       36.4193 20.8552 0.44571 0       0       0       
GRID    2067    0       36.5638 21.1428 0.4687660       0       0       
GRID    2068    0       36.7082 21.4304 0.4918220       0       0       
GRID    2069    0       36.8526 21.718  0.5148790       0       0       
GRID    2070    0       36.9971 22.0055 0.5379350       0       0       
GRID    2071    0       37.1415 22.2931 0.5609910       0       0       
GRID    2072    0       37.2859 22.5807 0.5840470       0       0       
GRID    2073    0       37.4304 22.8683 0.6071030       0       0       
GRID    2074    0       37.5748 23.1559 0.6301590       0       0       
GRID    2075    0       37.7192 23.4434 0.6532160       0       0       
GRID    2076    0       37.8637 23.731  0.6762720       0       0       
GRID    2077    0       38.0081 24.0186 0.6993280       0       0       
GRID    2078    0       38.1525 24.3062 0.7223840       0       0       
GRID    2079    0       38.297  24.5938 0.74544 0       0       0       
GRID    2080    0       38.4414 24.8813 0.7684960       0       0       
GRID    2081    0       38.5858 25.1689 0.7915530       0       0       
GRID    2082    0       38.7303 25.4565 0.8146090       0       0       
GRID    2083    0       38.8747 25.7441 0.8376650       0       0       
GRID    2084    0       39.0191 26.0317 0.8607210       0       0       
GRID    2085    0       39.1635 26.3193 0.8837770       0       0       
GRID    2086    0       39.308  26.6068 0.9068330       0       0       
GRID    2087    0       39.4524 26.8944 0.9298890       0       0       
GRID    2088    0       39.5968 27.182  0.9529460       0       0       
GRID    2089    0       39.7413 27.4696 0.9760020       0       0       
GRID    2090    0       39.8857 27.7572 0.9990580       0       0       
GRID    2091    0       40.0301 28.0447 1.02211 0       0       0       
GRID    2092    0       40.1746 28.3323 1.04517 0       0       0       
GRID    2093    0       40.319  28.6199 1.06823 0       0       0       
GRID    2094    0       40.4634 28.9075 1.09128 0       0       0       
GRID    2000    0       27.2602 0.      -1.128  0       0       0       
GRID    2095    0       27.2602 -1.41   -1.128  0       0       0       
GRID    2096    0       27.2602 -2.82   -1.128  0       0       0       
GRID    2097    0       27.4047 -3.09772-1.100760       0       0       
GRID    2098    0       27.5492 -3.37543-1.073520       0       0       
GRID    2099    0       27.6937 -3.65315-1.046280       0       0       
GRID    2100    0       27.8382 -3.93086-1.019040       0       0       
GRID    2101    0       27.9827 -4.20858-0.991800       0       0       
GRID    2102    0       28.1271 -4.48629-0.964560       0       0       
GRID    2103    0       28.2716 -4.76401-0.937320       0       0       
GRID    2104    0       28.4161 -5.04172-0.910090       0       0       
GRID    2105    0       28.5606 -5.31944-0.882850       0       0       
GRID    2106    0       28.7051 -5.59715-0.855610       0       0       
GRID    2107    0       28.8496 -5.87487-0.828370       0       0       
GRID    2108    0       28.994  -6.15258-0.801130       0       0       
GRID    2109    0       29.1385 -6.4303 -0.773890       0       0       
GRID    2110    0       29.283  -6.70801-0.746650       0       0       
GRID    2111    0       29.4275 -6.98573-0.719410       0       0       
GRID    2112    0       29.572  -7.26344-0.692170       0       0       
GRID    2113    0       29.7165 -7.54116-0.664940       0       0       
GRID    2114    0       29.861  -7.81887-0.637700       0       0       
GRID    2115    0       30.0054 -8.09659-0.610460       0       0       
GRID    2116    0       30.1499 -8.3743 -0.583220       0       0       
GRID    2117    0       30.275  -8.6232 -0.562660       0       0       
GRID    2118    0       30.4    -8.8721 -0.542100       0       0       
GRID    2119    0       30.525  -9.121  -0.521540       0       0       
GRID    2120    0       30.65   -9.3699 -0.500970       0       0       
GRID    2121    0       30.7943 -9.657  -0.477260       0       0       
GRID    2122    0       30.9385 -9.94409-0.453540       0       0       
GRID    2123    0       31.0827 -10.2312-0.429820       0       0       
GRID    2124    0       31.2269 -10.5183-0.406110       0       0       
GRID    2125    0       31.3711 -10.8054-0.382390       0       0       
GRID    2126    0       31.5153 -11.0925-0.358670       0       0       
GRID    2127    0       31.6596 -11.3796-0.334960       0       0       
GRID    2128    0       31.8038 -11.6667-0.311240       0       0       
GRID    2129    0       31.948  -11.9538-0.287520       0       0       
GRID    2130    0       32.0922 -12.2409-0.263810       0       0       
GRID    2131    0       32.2364 -12.528 -0.240090       0       0       
GRID    2132    0       32.3806 -12.8151-0.216370       0       0       
GRID    2133    0       32.5249 -13.1022-0.192660       0       0       
GRID    2134    0       32.6691 -13.3893-0.168940       0       0       
GRID    2135    0       32.8133 -13.6763-0.145220       0       0       
GRID    2136    0       32.9575 -13.9634-0.121510       0       0       
GRID    2137    0       33.1017 -14.2505-0.097790       0       0       
GRID    2138    0       33.2459 -14.5376-0.074070       0       0       
GRID    2139    0       33.3901 -14.8247-0.050360       0       0       
GRID    2140    0       33.5344 -15.1118-0.026640       0       0       
GRID    2141    0       33.6786 -15.3989-0.002920       0       0       
GRID    2142    0       33.8228 -15.686 0.0207900       0       0       
GRID    2143    0       33.967  -15.97310.0445060       0       0       
GRID    2144    0       34.1112 -16.26020.0682230       0       0       
GRID    2145    0       34.2554 -16.54730.0919400       0       0       
GRID    2146    0       34.3997 -16.83440.1156570       0       0       
GRID    2147    0       34.5439 -17.12150.1393740       0       0       
GRID    2148    0       34.6881 -17.40860.1630910       0       0       
GRID    2149    0       34.8323 -17.69570.1868070       0       0       
GRID    2150    0       34.9765 -17.98280.2105240       0       0       
GRID    2151    0       35.1207 -18.26990.2342410       0       0       
GRID    2152    0       35.265  -18.557 0.2579580       0       0       
GRID    2153    0       35.4092 -18.84410.2816750       0       0       
GRID    2154    0       35.5534 -19.13120.3053910       0       0       
GRID    2155    0       35.6976 -19.41830.3291080       0       0       
GRID    2156    0       35.8418 -19.70540.3528250       0       0       
GRID    2157    0       35.986  -19.99250.3765420       0       0       
GRID    2158    0       36.1305 -20.28010.3995980       0       0       
GRID    2159    0       36.2749 -20.56760.4226540       0       0       
GRID    2160    0       36.4193 -20.85520.44571 0       0       0       
GRID    2161    0       36.5638 -21.14280.4687660       0       0       
GRID    2162    0       36.7082 -21.43040.4918220       0       0       
GRID    2163    0       36.8526 -21.718 0.5148790       0       0       
GRID    2164    0       36.9971 -22.00550.5379350       0       0       
GRID    2165    0       37.1415 -22.29310.5609910       0       0       
GRID    2166    0       37.2859 -22.58070.5840470       0       0       
GRID    2167    0       37.4304 -22.86830.6071030       0       0       
GRID    2168    0       37.5748 -23.15590.6301590       0       0       
GRID    2169    0       37.7192 -23.44340.6532160       0       0       
GRID    2170    0       37.8637 -23.731 0.6762720       0       0       
GRID    2171    0       38.0081 -24.01860.6993280       0       0       
GRID    2172    0       38.1525 -24.30620.7223840       0       0       
GRID    2173    0       38.297  -24.59380.74544 0       0       0       
GRID    2174    0       38.4414 -24.88130.7684960       0       0       
GRID    2175    0       38.5858 -25.16890.7915530       0       0       
GRID    2176    0       38.7303 -25.45650.8146090       0       0       
GRID    2177    0       38.8747 -25.74410.8376650       0       0       
GRID    2178    0       39.0191 -26.03170.8607210       0       0       
GRID    2179    0       39.1635 -26.31930.8837770       0       0       
GRID    2180    0       39.308  -26.60680.9068330       0       0       
GRID    2181    0       39.4524 -26.89440.9298890       0       0       
GRID    2182    0       39.5968 -27.182 0.9529460       0       0       
GRID    2183    0       39.7413 -27.46960.9760020       0       0       
GRID    2184    0       39.8857 -27.75720.9990580       0       0       
GRID    2185    0       40.0301 -28.04471.02211 0       0       0       
GRID    2186    0       40.1746 -28.33231.04517 0       0       0       
GRID    2187    0       40.319  -28.61991.06823 0       0       0       
GRID    2188    0       40.4634 -28.90751.09128 0       0       0       
GRID    3000    0       56.8028 0.      2.82    0       0       0       
GRID    3001    0       57.0075 0.      3.09667 0       0       0       
GRID    3002    0       57.2122 0.      3.37333 0       0       0       
GRID    3003    0       57.4169 0.      3.65    0       0       0       
GRID    3004    0       57.6216 0.      3.92667 0       0       0       
GRID    3005    0       57.8263 0.      4.20333 0       0       0       
GRID    3006    0       58.031  0.      4.48    0       0       0       
GRID    3007    0       58.2357 0.      4.75667 0       0       0       
GRID    3008    0       58.4404 0.      5.03333 0       0       0       
GRID    3009    0       58.6452 0.      5.31    0       0       0       
GRID    3010    0       58.8499 0.      5.58667 0       0       0       
GRID    3011    0       59.0546 0.      5.86333 0       0       0       
GRID    3012    0       59.2593 0.      6.14    0       0       0       
GRID    3013    0       59.464  0.      6.41667 0       0       0       
GRID    3014    0       59.6687 0.      6.69333 0       0       0       
GRID    3015    0       59.8734 0.      6.97    0       0       0       
GRID    3016    0       60.0781 0.      7.24667 0       0       0       
GRID    3017    0       60.2828 0.      7.52333 0       0       0       
GRID    3018    0       60.4875 0.      7.8     0       0       0       
GRID    3019    0       60.6923 0.      8.07667 0       0       0       
GRID    3020    0       60.897  0.      8.35333 0       0       0       
GRID    3021    0       61.1017 0.      8.63    0       0       0       
GRID    3022    0       61.3064 0.      8.90667 0       0       0       
GRID    3023    0       61.5111 0.      9.18333 0       0       0       
GRID    3024    0       61.7158 0.      9.46    0       0       0       
GRID    3025    0       61.9205 0.      9.73667 0       0       0       
GRID    3026    0       62.1252 0.      10.0133 0       0       0       
GRID    3027    0       62.3299 0.      10.29   0       0       0       
GRID    3028    0       62.5346 0.      10.5667 0       0       0       
GRID    3029    0       62.7394 0.      10.8433 0       0       0       
GRID    3030    0       62.9441 0.      11.12   0       0       0       
GRID    4001    0       59.0106 0.5318671.5792  0       0       0       
GRID    4002    0       59.0106 1.06373 1.5792  0       0       0       
GRID    4003    0       59.086  1.20326 1.59362 0       0       0       
GRID    4004    0       59.1614 1.34278 1.60804 0       0       0       
GRID    4005    0       59.2368 1.4823  1.62246 0       0       0       
GRID    4006    0       59.3122 1.62183 1.63687 0       0       0       
GRID    4007    0       59.3876 1.76135 1.65129 0       0       0       
GRID    4008    0       59.4629 1.90087 1.66571 0       0       0       
GRID    4009    0       59.5383 2.04039 1.68013 0       0       0       
GRID    4010    0       59.6137 2.17992 1.69455 0       0       0       
GRID    4011    0       59.6891 2.31944 1.70897 0       0       0       
GRID    4012    0       59.7645 2.45896 1.72338 0       0       0       
GRID    4013    0       59.8399 2.59849 1.7378  0       0       0       
GRID    4014    0       59.9153 2.73801 1.75222 0       0       0       
GRID    4015    0       59.9906 2.87753 1.76664 0       0       0       
GRID    4016    0       60.066  3.01705 1.78106 0       0       0       
GRID    4017    0       60.1414 3.15658 1.79548 0       0       0       
GRID    4018    0       60.2168 3.2961  1.80989 0       0       0       
GRID    4019    0       60.2922 3.43562 1.82431 0       0       0       
GRID    4020    0       60.3676 3.57514 1.83873 0       0       0       
GRID    4021    0       60.4429 3.71467 1.85315 0       0       0       
GRID    4022    0       60.5183 3.85419 1.86757 0       0       0       
GRID    4023    0       60.5937 3.99371 1.88199 0       0       0       
GRID    4024    0       60.6691 4.13324 1.89641 0       0       0       
GRID    4025    0       60.7445 4.27276 1.91082 0       0       0       
GRID    4026    0       60.8199 4.41228 1.92524 0       0       0       
GRID    4027    0       60.8953 4.5518  1.93966 0       0       0       
GRID    4028    0       60.9706 4.69133 1.95408 0       0       0       
GRID    4029    0       61.046  4.83085 1.9685  0       0       0       
GRID    4030    0       61.1227 4.97274 1.98345 0       0       0       
GRID    4031    0       61.1994 5.11463 1.9984  0       0       0       
GRID    4032    0       61.2761 5.25652 2.01335 0       0       0       
GRID    4033    0       61.3527 5.39841 2.02831 0       0       0       
GRID    4034    0       61.4294 5.54031 2.04326 0       0       0       
GRID    4035    0       61.5061 5.6822  2.05821 0       0       0       
GRID    4036    0       61.5828 5.82409 2.07316 0       0       0       
GRID    4037    0       61.6595 5.96598 2.08811 0       0       0       
GRID    4038    0       61.7361 6.10787 2.10307 0       0       0       
GRID    4039    0       61.8128 6.24976 2.11802 0       0       0       
GRID    4040    0       61.8895 6.39165 2.13297 0       0       0       
GRID    4041    0       61.9662 6.53355 2.14792 0       0       0       
GRID    4042    0       62.0429 6.67544 2.16287 0       0       0       
GRID    4043    0       62.1196 6.81733 2.17783 0       0       0       
GRID    4044    0       62.1962 6.95922 2.19278 0       0       0       
GRID    4045    0       62.2729 7.10111 2.20773 0       0       0       
GRID    4046    0       62.3496 7.243   2.22268 0       0       0       
GRID    4047    0       62.4263 7.38489 2.23763 0       0       0       
GRID    4048    0       62.503  7.52679 2.25259 0       0       0       
GRID    4049    0       62.5796 7.66868 2.26754 0       0       0       
GRID    4050    0       62.6563 7.81057 2.28249 0       0       0       
GRID    4051    0       62.733  7.95246 2.29744 0       0       0       
GRID    4052    0       62.8097 8.09435 2.31239 0       0       0       
GRID    4053    0       62.8864 8.23624 2.32735 0       0       0       
GRID    4054    0       62.963  8.37813 2.3423  0       0       0       
GRID    4055    0       63.0397 8.52003 2.35725 0       0       0       
GRID    4056    0       63.1164 8.66192 2.3722  0       0       0       
GRID    4057    0       63.1931 8.80381 2.38715 0       0       0       
GRID    4058    0       63.2698 8.9457  2.40211 0       0       0       
GRID    4059    0       63.3464 9.08759 2.41706 0       0       0       
GRID    4060    0       63.4231 9.22948 2.43201 0       0       0       
GRID    4061    0       63.4998 9.37137 2.44696 0       0       0       
GRID    4062    0       63.5765 9.51327 2.46191 0       0       0       
GRID    4063    0       63.6532 9.65516 2.47687 0       0       0       
GRID    4000    0       59.0106 0.      1.5792  0       0       0       
GRID    4064    0       59.0106 -0.531861.5792  0       0       0       
GRID    4065    0       59.0106 -1.063731.5792  0       0       0       
GRID    4066    0       59.086  -1.203261.59362 0       0       0       
GRID    4067    0       59.1614 -1.342781.60804 0       0       0       
GRID    4068    0       59.2368 -1.4823 1.62246 0       0       0       
GRID    4069    0       59.3122 -1.621831.63687 0       0       0       
GRID    4070    0       59.3876 -1.761351.65129 0       0       0       
GRID    4071    0       59.4629 -1.900871.66571 0       0       0       
GRID    4072    0       59.5383 -2.040391.68013 0       0       0       
GRID    4073    0       59.6137 -2.179921.69455 0       0       0       
GRID    4074    0       59.6891 -2.319441.70897 0       0       0       
GRID    4075    0       59.7645 -2.458961.72338 0       0       0       
GRID    4076    0       59.8399 -2.598491.7378  0       0       0       
GRID    4077    0       59.9153 -2.738011.75222 0       0       0       
GRID    4078    0       59.9906 -2.877531.76664 0       0       0       
GRID    4079    0       60.066  -3.017051.78106 0       0       0       
GRID    4080    0       60.1414 -3.156581.79548 0       0       0       
GRID    4081    0       60.2168 -3.2961 1.80989 0       0       0       
GRID    4082    0       60.2922 -3.435621.82431 0       0       0       
GRID    4083    0       60.3676 -3.575141.83873 0       0       0       
GRID    4084    0       60.4429 -3.714671.85315 0       0       0       
GRID    4085    0       60.5183 -3.854191.86757 0       0       0       
GRID    4086    0       60.5937 -3.993711.88199 0       0       0       
GRID    4087    0       60.6691 -4.133241.89641 0       0       0       
GRID    4088    0       60.7445 -4.272761.91082 0       0       0       
GRID    4089    0       60.8199 -4.412281.92524 0       0       0       
GRID    4090    0       60.8953 -4.5518 1.93966 0       0       0       
GRID    4091    0       60.9706 -4.691331.95408 0       0       0       
GRID    4092    0       61.046  -4.830851.9685  0       0       0       
GRID    4093    0       61.1227 -4.972741.98345 0       0       0       
GRID    4094    0       61.1994 -5.114631.9984  0       0       0       
GRID    4095    0       61.2761 -5.256522.01335 0       0       0       
GRID    4096    0       61.3527 -5.398412.02831 0       0       0       
GRID    4097    0       61.4294 -5.540312.04326 0       0       0       
GRID    4098    0       61.5061 -5.6822 2.05821 0       0       0       
GRID    4099    0       61.5828 -5.824092.07316 0       0       0       
GRID    4100    0       61.6595 -5.965982.08811 0       0       0       
GRID    4101    0       61.7361 -6.107872.10307 0       0       0       
GRID    4102    0       61.8128 -6.249762.11802 0       0       0       
GRID    4103    0       61.8895 -6.391652.13297 0       0       0       
GRID    4104    0       61.9662 -6.533552.14792 0       0       0       
GRID    4105    0       62.0429 -6.675442.16287 0       0       0       
GRID    4106    0       62.1196 -6.817332.17783 0       0       0       
GRID    4107    0       62.1962 -6.959222.19278 0       0       0       
GRID    4108    0       62.2729 -7.101112.20773 0       0       0       
GRID    4109    0       62.3496 -7.243  2.22268 0       0       0       
GRID    4110    0       62.4263 -7.384892.23763 0       0       0       
GRID    4111    0       62.503  -7.526792.25259 0       0       0       
GRID    4112    0       62.5796 -7.668682.26754 0       0       0       
GRID    4113    0       62.6563 -7.810572.28249 0       0       0       
GRID    4114    0       62.733  -7.952462.29744 0       0       0       
GRID    4115    0       62.8097 -8.094352.31239 0       0       0       
GRID    4116    0       62.8864 -8.236242.32735 0       0       0       
GRID    4117    0       62.963  -8.378132.3423  0       0       0       
GRID    4118    0       63.0397 -8.520032.35725 0       0       0       
GRID    4119    0       63.1164 -8.661922.3722  0       0       0       
GRID    4120    0       63.1931 -8.803812.38715 0       0       0       
GRID    4121    0       63.2698 -8.9457 2.40211 0       0       0       
GRID    4122    0       63.3464 -9.087592.41706 0       0       0       
GRID    4123    0       63.4231 -9.229482.43201 0       0       0       
GRID    4124    0       63.4998 -9.371372.44696 0       0       0       
GRID    4125    0       63.5765 -9.513272.46191 0       0       0       
GRID    4126    0       63.6532 -9.655162.47687 0       0       0       

$-------2-------3-------4-------5-------6-------7-------8-------9-------10
$ Beam definition
$-------2-------3-------4-------5-------6-------7-------8-------9-------10
CBAR    1000    1000    1000    1001    0.0     0.0     1.0     GGG     
CBAR    1001    1001    1001    1002    0.0     0.0     1.0     GGG     
CBAR    1002    1002    1002    1003    0.0     0.0     1.0     GGG     
CBAR    1003    1003    1003    1004    0.0     0.0     1.0     GGG     
CBAR    1004    1004    1004    1005    0.0     0.0     1.0     GGG     
CBAR    1005    1005    1005    1006    0.0     0.0     1.0     GGG     
CBAR    1006    1006    1006    1007    0.0     0.0     1.0     GGG     
CBAR    1007    1007    1007    1008    0.0     0.0     1.0     GGG     
CBAR    1008    1008    1008    1009    0.0     0.0     1.0     GGG     
CBAR    1009    1009    1009    1010    0.0     0.0     1.0     GGG     
CBAR    1010    1010    1010    1011    0.0     0.0     1.0     GGG     
CBAR    1011    1011    1011    1012    0.0     0.0     1.0     GGG     
CBAR    1012    1012    1012    1013    0.0     0.0     1.0     GGG     
CBAR    1013    1013    1013    1014    0.0     0.0     1.0     GGG     
CBAR    1014    1014    1014    1015    0.0     0.0     1.0     GGG     
CBAR    1015    1015    1015    1016    0.0     0.0     1.0     GGG     
CBAR    1016    1016    1016    1017    0.0     0.0     1.0     GGG     
CBAR    1017    1017    1017    1018    0.0     0.0     1.0     GGG     
CBAR    1018    1018    1018    1019    0.0     0.0     1.0     GGG     
CBAR    1019    1019    1019    1020    0.0     0.0     1.0     GGG     
CBAR    1020    1020    1020    1021    0.0     0.0     1.0     GGG     
CBAR    1021    1021    1021    1022    0.0     0.0     1.0     GGG     
CBAR    1022    1022    1022    1023    0.0     0.0     1.0     GGG     
CBAR    1023    1023    1023    1024    0.0     0.0     1.0     GGG     
CBAR    1024    1024    1024    1025    0.0     0.0     1.0     GGG     
CBAR    1025    1025    1025    1026    0.0     0.0     1.0     GGG     
CBAR    1026    1026    1026    1027    0.0     0.0     1.0     GGG     
CBAR    1027    1027    1027    1028    0.0     0.0     1.0     GGG     
CBAR    1028    1028    1028    1029    0.0     0.0     1.0     GGG     
CBAR    1029    1029    1029    1030    0.0     0.0     1.0     GGG     
CBAR    1030    1030    1030    1031    0.0     0.0     1.0     GGG     
CBAR    1031    1031    1031    1032    0.0     0.0     1.0     GGG     
CBAR    1032    1032    1032    1033    0.0     0.0     1.0     GGG     
CBAR    1033    1033    1033    1034    -0.104520.0     0.994522GGG     
CBAR    1034    1034    1034    1035    -0.104520.0     0.994522GGG     
CBAR    1035    1035    1035    1036    -0.104520.0     0.994522GGG     
CBAR    1036    1036    1036    1037    -0.104520.0     0.994522GGG     
CBAR    1037    1037    1037    1038    -0.104520.0     0.994522GGG     
CBAR    1038    1038    1038    1039    -0.104520.0     0.994522GGG     
CBAR    1039    1039    1039    1040    -0.104520.0     0.994522GGG     
CBAR    1040    1040    1040    1041    -0.104520.0     0.994522GGG     
CBAR    1041    1041    1041    1042    -0.104520.0     0.994522GGG     
CBAR    1042    1042    1042    1043    -0.104520.0     0.994522GGG     
CBAR    1043    1043    1043    1044    -0.104520.0     0.994522GGG     
CBAR    1044    1044    1044    1045    -0.104520.0     0.994522GGG     
CBAR    1045    1045    1045    1046    -0.104520.0     0.994522GGG     
CBAR    1046    1046    1046    1047    -0.104520.0     0.994522GGG     
CBAR    1047    1047    1047    1048    -0.104520.0     0.994522GGG     
CBAR    1048    1048    1048    1049    -0.104520.0     0.994522GGG     
CBAR    1049    1049    1049    1050    -0.104520.0     0.994522GGG     
CBAR    2000    2000    2000    2001    0.0     0.0     1.0     GGG     
CBAR    2001    2001    2001    2002    0.0     0.0     1.0     GGG     
CBAR    2002    2002    2002    2003    0.038120-0.119640.992084GGG     
CBAR    2003    2003    2003    2004    0.038120-0.119640.992084GGG     
CBAR    2004    2004    2004    2005    0.038120-0.119640.992084GGG     
CBAR    2005    2005    2005    2006    0.038120-0.119640.992084GGG     
CBAR    2006    2006    2006    2007    0.038120-0.119640.992084GGG     
CBAR    2007    2007    2007    2008    0.038120-0.119640.992084GGG     
CBAR    2008    2008    2008    2009    0.038120-0.119640.992084GGG     
CBAR    2009    2009    2009    2010    0.038120-0.119640.992084GGG     
CBAR    2010    2010    2010    2011    0.038120-0.119640.992084GGG     
CBAR    2011    2011    2011    2012    0.038120-0.119640.992084GGG     
CBAR    2012    2012    2012    2013    0.038120-0.119640.992084GGG     
CBAR    2013    2013    2013    2014    0.038120-0.119640.992084GGG     
CBAR    2014    2014    2014    2015    0.038120-0.119640.992084GGG     
CBAR    2015    2015    2015    2016    0.038120-0.119640.992084GGG     
CBAR    2016    2016    2016    2017    0.038120-0.119640.992084GGG     
CBAR    2017    2017    2017    2018    0.038120-0.119640.992084GGG     
CBAR    2018    2018    2018    2019    0.038120-0.119640.992084GGG     
CBAR    2019    2019    2019    2020    0.038120-0.119640.992084GGG     
CBAR    2020    2020    2020    2021    0.038120-0.119640.992084GGG     
CBAR    2021    2021    2021    2022    0.038120-0.119640.992084GGG     
CBAR    2022    2022    2022    2023    0.004465-0.084640.996402GGG     
CBAR    2023    2023    2023    2024    0.004465-0.084640.996402GGG     
CBAR    2024    2024    2024    2025    0.004465-0.084640.996402GGG     
CBAR    2025    2025    2025    2026    0.004465-0.084640.996402GGG     
CBAR    2026    2026    2026    2027    0.004465-0.084640.996402GGG     
CBAR    2027    2027    2027    2028    0.004465-0.084640.996402GGG     
CBAR    2028    2028    2028    2029    0.004465-0.084640.996402GGG     
CBAR    2029    2029    2029    2030    0.004465-0.084640.996402GGG     
CBAR    2030    2030    2030    2031    0.004465-0.084640.996402GGG     
CBAR    2031    2031    2031    2032    0.004465-0.084640.996402GGG     
CBAR    2032    2032    2032    2033    0.004465-0.084640.996402GGG     
CBAR    2033    2033    2033    2034    0.004465-0.084640.996402GGG     
CBAR    2034    2034    2034    2035    0.004465-0.084640.996402GGG     
CBAR    2035    2035    2035    2036    0.004465-0.084640.996402GGG     
CBAR    2036    2036    2036    2037    0.004465-0.084640.996402GGG     
CBAR    2037    2037    2037    2038    0.004465-0.084640.996402GGG     
CBAR    2038    2038    2038    2039    0.004465-0.084640.996402GGG     
CBAR    2039    2039    2039    2040    0.004465-0.084640.996402GGG     
CBAR    2040    2040    2040    2041    0.004465-0.084640.996402GGG     
CBAR    2041    2041    2041    2042    0.004465-0.084640.996402GGG     
CBAR    2042    2042    2042    2043    0.004465-0.084640.996402GGG     
CBAR    2043    2043    2043    2044    0.004465-0.084640.996402GGG     
CBAR    2044    2044    2044    2045    0.004465-0.084640.996402GGG     
CBAR    2045    2045    2045    2046    0.004465-0.084640.996402GGG     
CBAR    2046    2046    2046    2047    0.004465-0.084640.996402GGG     
CBAR    2047    2047    2047    2048    0.004465-0.084640.996402GGG     
CBAR    2048    2048    2048    2049    0.004465-0.084640.996402GGG     
CBAR    2049    2049    2049    2050    0.004465-0.084640.996402GGG     
CBAR    2050    2050    2050    2051    0.004465-0.084640.996402GGG     
CBAR    2051    2051    2051    2052    0.004465-0.084640.996402GGG     
CBAR    2052    2052    2052    2053    0.004465-0.084640.996402GGG     
CBAR    2053    2053    2053    2054    0.004465-0.084640.996402GGG     
CBAR    2054    2054    2054    2055    0.004465-0.084640.996402GGG     
CBAR    2055    2055    2055    2056    0.004465-0.084640.996402GGG     
CBAR    2056    2056    2056    2057    0.004465-0.084640.996402GGG     
CBAR    2057    2057    2057    2058    0.004465-0.084640.996402GGG     
CBAR    2058    2058    2058    2059    0.004465-0.084640.996402GGG     
CBAR    2059    2059    2059    2060    0.004465-0.084640.996402GGG     
CBAR    2060    2060    2060    2061    0.004465-0.084640.996402GGG     
CBAR    2061    2061    2061    2062    0.004465-0.084640.996402GGG     
CBAR    2062    2062    2062    2063    0.004465-0.084640.996402GGG     
CBAR    2063    2063    2063    2064    -0.01259-0.073780.997195GGG     
CBAR    2064    2064    2064    2065    -0.01259-0.073780.997195GGG     
CBAR    2065    2065    2065    2066    -0.01259-0.073780.997195GGG     
CBAR    2066    2066    2066    2067    -0.01259-0.073780.997195GGG     
CBAR    2067    2067    2067    2068    -0.01259-0.073780.997195GGG     
CBAR    2068    2068    2068    2069    -0.01259-0.073780.997195GGG     
CBAR    2069    2069    2069    2070    -0.01259-0.073780.997195GGG     
CBAR    2070    2070    2070    2071    -0.01259-0.073780.997195GGG     
CBAR    2071    2071    2071    2072    -0.01259-0.073780.997195GGG     
CBAR    2072    2072    2072    2073    -0.01259-0.073780.997195GGG     
CBAR    2073    2073    2073    2074    -0.01259-0.073780.997195GGG     
CBAR    2074    2074    2074    2075    -0.01259-0.073780.997195GGG     
CBAR    2075    2075    2075    2076    -0.01259-0.073780.997195GGG     
CBAR    2076    2076    2076    2077    -0.01259-0.073780.997195GGG     
CBAR    2077    2077    2077    2078    -0.01259-0.073780.997195GGG     
CBAR    2078    2078    2078    2079    -0.01259-0.073780.997195GGG     
CBAR    2079    2079    2079    2080    -0.01259-0.073780.997195GGG     
CBAR    2080    2080    2080    2081    -0.01259-0.073780.997195GGG     
CBAR    2081    2081    2081    2082    -0.01259-0.073780.997195GGG     
CBAR    2082    2082    2082    2083    -0.01259-0.073780.997195GGG     
CBAR    2083    2083    2083    2084    -0.01259-0.073780.997195GGG     
CBAR    2084    2084    2084    2085    -0.01259-0.073780.997195GGG     
CBAR    2085    2085    2085    2086    -0.01259-0.073780.997195GGG     
CBAR    2086    2086    2086    2087    -0.01259-0.073780.997195GGG     
CBAR    2087    2087    2087    2088    -0.01259-0.073780.997195GGG     
CBAR    2088    2088    2088    2089    -0.01259-0.073780.997195GGG     
CBAR    2089    2089    2089    2090    -0.01259-0.073780.997195GGG     
CBAR    2090    2090    2090    2091    -0.01259-0.073780.997195GGG     
CBAR    2091    2091    2091    2092    -0.01259-0.073780.997195GGG     
CBAR    2092    2092    2092    2093    -0.01259-0.073780.997195GGG     
CBAR    2093    2093    2093    2094    -0.01259-0.073780.997195GGG     
CBAR    2094    2000    2000    2095    0.0     0.0     1.0     GGG     
CBAR    2095    2001    2095    2096    0.0     0.0     1.0     GGG     
CBAR    2096    2002    2096    2097    0.0381200.1196460.992084GGG     
CBAR    2097    2003    2097    2098    0.0381200.1196460.992084GGG     
CBAR    2098    2004    2098    2099    0.0381200.1196460.992084GGG     
CBAR    2099    2005    2099    2100    0.0381200.1196460.992084GGG     
CBAR    2100    2006    2100    2101    0.0381200.1196460.992084GGG     
CBAR    2101    2007    2101    2102    0.0381200.1196460.992084GGG     
CBAR    2102    2008    2102    2103    0.0381200.1196460.992084GGG     
CBAR    2103    2009    2103    2104    0.0381200.1196460.992084GGG     
CBAR    2104    2010    2104    2105    0.0381200.1196460.992084GGG     
CBAR    2105    2011    2105    2106    0.0381200.1196460.992084GGG     
CBAR    2106    2012    2106    2107    0.0381200.1196460.992084GGG     
CBAR    2107    2013    2107    2108    0.0381200.1196460.992084GGG     
CBAR    2108    2014    2108    2109    0.0381200.1196460.992084GGG     
CBAR    2109    2015    2109    2110    0.0381200.1196460.992084GGG     
CBAR    2110    2016    2110    2111    0.0381200.1196460.992084GGG     
CBAR    2111    2017    2111    2112    0.0381200.1196460.992084GGG     
CBAR    2112    2018    2112    2113    0.0381200.1196460.992084GGG     
CBAR    2113    2019    2113    2114    0.0381200.1196460.992084GGG     
CBAR    2114    2020    2114    2115    0.0381200.1196460.992084GGG     
CBAR    2115    2021    2115    2116    0.0381200.1196460.992084GGG     
CBAR    2116    2022    2116    2117    0.0044650.0846400.996402GGG     
CBAR    2117    2023    2117    2118    0.0044650.0846400.996402GGG     
CBAR    2118    2024    2118    2119    0.0044650.0846400.996402GGG     
CBAR    2119    2025    2119    2120    0.0044650.0846400.996402GGG     
CBAR    2120    2026    2120    2121    0.0044650.0846400.996402GGG     
CBAR    2121    2027    2121    2122    0.0044650.0846400.996402GGG     
CBAR    2122    2028    2122    2123    0.0044650.0846400.996402GGG     
CBAR    2123    2029    2123    2124    0.0044650.0846400.996402GGG     
CBAR    2124    2030    2124    2125    0.0044650.0846400.996402GGG     
CBAR    2125    2031    2125    2126    0.0044650.0846400.996402GGG     
CBAR    2126    2032    2126    2127    0.0044650.0846400.996402GGG     
CBAR    2127    2033    2127    2128    0.0044650.0846400.996402GGG     
CBAR    2128    2034    2128    2129    0.0044650.0846400.996402GGG     
CBAR    2129    2035    2129    2130    0.0044650.0846400.996402GGG     
CBAR    2130    2036    2130    2131    0.0044650.0846400.996402GGG     
CBAR    2131    2037    2131    2132    0.0044650.0846400.996402GGG     
CBAR    2132    2038    2132    2133    0.0044650.0846400.996402GGG     
CBAR    2133    2039    2133    2134    0.0044650.0846400.996402GGG     
CBAR    2134    2040    2134    2135    0.0044650.0846400.996402GGG     
CBAR    2135    2041    2135    2136    0.0044650.0846400.996402GGG     
CBAR    2136    2042    2136    2137    0.0044650.0846400.996402GGG     
CBAR    2137    2043    2137    2138    0.0044650.0846400.996402GGG     
CBAR    2138    2044    2138    2139    0.0044650.0846400.996402GGG     
CBAR    2139    2045    2139    2140    0.0044650.0846400.996402GGG     
CBAR    2140    2046    2140    2141    0.0044650.0846400.996402GGG     
CBAR    2141    2047    2141    2142    0.0044650.0846400.996402GGG     
CBAR    2142    2048    2142    2143    0.0044650.0846400.996402GGG     
CBAR    2143    2049    2143    2144    0.0044650.0846400.996402GGG     
CBAR    2144    2050    2144    2145    0.0044650.0846400.996402GGG     
CBAR    2145    2051    2145    2146    0.0044650.0846400.996402GGG     
CBAR    2146    2052    2146    2147    0.0044650.0846400.996402GGG     
CBAR    2147    2053    2147    2148    0.0044650.0846400.996402GGG     
CBAR    2148    2054    2148    2149    0.0044650.0846400.996402GGG     
CBAR    2149    2055    2149    2150    0.0044650.0846400.996402GGG     
CBAR    2150    2056    2150    2151    0.0044650.0846400.996402GGG     
CBAR    2151    2057    2151    2152    0.0044650.0846400.996402GGG     
CBAR    2152    2058    2152    2153    0.0044650.0846400.996402GGG     
CBAR    2153    2059    2153    2154    0.0044650.0846400.996402GGG     
CBAR    2154    2060    2154    2155    0.0044650.0846400.996402GGG     
CBAR    2155    2061    2155    2156    0.0044650.0846400.996402GGG     
CBAR    2156    2062    2156    2157    0.0044650.0846400.996402GGG     
CBAR    2157    2063    2157    2158    -0.012590.0737860.997195GGG     
CBAR    2158    2064    2158    2159    -0.012590.0737860.997195GGG     
CBAR    2159    2065    2159    2160    -0.012590.0737860.997195GGG     
CBAR    2160    2066    2160    2161    -0.012590.0737860.997195GGG     
CBAR    2161    2067    2161    2162    -0.012590.0737860.997195GGG     
CBAR    2162    2068    2162    2163    -0.012590.0737860.997195GGG     
CBAR    2163    2069    2163    2164    -0.012590.0737860.997195GGG     
CBAR    2164    2070    2164    2165    -0.012590.0737860.997195GGG     
CBAR    2165    2071    2165    2166    -0.012590.0737860.997195GGG     
CBAR    2166    2072    2166    2167    -0.012590.0737860.997195GGG     
CBAR    2167    2073    2167    2168    -0.012590.0737860.997195GGG     
CBAR    2168    2074    2168    2169    -0.012590.0737860.997195GGG     
CBAR    2169    2075    2169    2170    -0.012590.0737860.997195GGG     
CBAR    2170    2076    2170    2171    -0.012590.0737860.997195GGG     
CBAR    2171    2077    2171    2172    -0.012590.0737860.997195GGG     
CBAR    2172    2078    2172    2173    -0.012590.0737860.997195GGG     
CBAR    2173    2079    2173    2174    -0.012590.0737860.997195GGG     
CBAR    2174    2080    2174    2175    -0.012590.0737860.997195GGG     
CBAR    2175    2081    2175    2176    -0.012590.0737860.997195GGG     
CBAR    2176    2082    2176    2177    -0.012590.0737860.997195GGG     
CBAR    2177    2083    2177    2178    -0.012590.0737860.997195GGG     
CBAR    2178    2084    2178    2179    -0.012590.0737860.997195GGG     
CBAR    2179    2085    2179    2180    -0.012590.0737860.997195GGG     
CBAR    2180    2086    2180    2181    -0.012590.0737860.997195GGG     
CBAR    2181    2087    2181    2182    -0.012590.0737860.997195GGG     
CBAR    2182    2088    2182    2183    -0.012590.0737860.997195GGG     
CBAR    2183    2089    2183    2184    -0.012590.0737860.997195GGG     
CBAR    2184    2090    2184    2185    -0.012590.0737860.997195GGG     
CBAR    2185    2091    2185    2186    -0.012590.0737860.997195GGG     
CBAR    2186    2092    2186    2187    -0.012590.0737860.997195GGG     
CBAR    2187    2093    2187    2188    -0.012590.0737860.997195GGG     
CBAR    3000    3000    3000    3001    0.0     -1.0    0.0     GGG     
CBAR    3001    3001    3001    3002    0.0     -1.0    0.0     GGG     
CBAR    3002    3002    3002    3003    0.0     -1.0    0.0     GGG     
CBAR    3003    3003    3003    3004    0.0     -1.0    0.0     GGG     
CBAR    3004    3004    3004    3005    0.0     -1.0    0.0     GGG     
CBAR    3005    3005    3005    3006    0.0     -1.0    0.0     GGG     
CBAR    3006    3006    3006    3007    0.0     -1.0    0.0     GGG     
CBAR    3007    3007    3007    3008    0.0     -1.0    0.0     GGG     
CBAR    3008    3008    3008    3009    0.0     -1.0    0.0     GGG     
CBAR    3009    3009    3009    3010    0.0     -1.0    0.0     GGG     
CBAR    3010    3010    3010    3011    0.0     -1.0    0.0     GGG     
CBAR    3011    3011    3011    3012    0.0     -1.0    0.0     GGG     
CBAR    3012    3012    3012    3013    0.0     -1.0    0.0     GGG     
CBAR    3013    3013    3013    3014    0.0     -1.0    0.0     GGG     
CBAR    3014    3014    3014    3015    0.0     -1.0    0.0     GGG     
CBAR    3015    3015    3015    3016    0.0     -1.0    0.0     GGG     
CBAR    3016    3016    3016    3017    0.0     -1.0    0.0     GGG     
CBAR    3017    3017    3017    3018    0.0     -1.0    0.0     GGG     
CBAR    3018    3018    3018    3019    0.0     -1.0    0.0     GGG     
CBAR    3019    3019    3019    3020    0.0     -1.0    0.0     GGG     
CBAR    3020    3020    3020    3021    0.0     -1.0    0.0     GGG     
CBAR    3021    3021    3021    3022    0.0     -1.0    0.0     GGG     
CBAR    3022    3022    3022    3023    0.0     -1.0    0.0     GGG     
CBAR    3023    3023    3023    3024    0.0     -1.0    0.0     GGG     
CBAR    3024    3024    3024    3025    0.0     -1.0    0.0     GGG     
CBAR    3025    3025    3025    3026    0.0     -1.0    0.0     GGG     
CBAR    3026    3026    3026    3027    0.0     -1.0    0.0     GGG     
CBAR    3027    3027    3027    3028    0.0     -1.0    0.0     GGG     
CBAR    3028    3028    3028    3029    0.0     -1.0    0.0     GGG     
CBAR    3029    3029    3029    3030    0.0     -1.0    0.0     GGG     
CBAR    4000    4000    4000    4001    0.0     0.0     1.0     GGG     
CBAR    4001    4001    4001    4002    0.0     0.0     1.0     GGG     
CBAR    4002    4002    4002    4003    0.015359-0.109310.993889GGG     
CBAR    4003    4003    4003    4004    0.015359-0.109310.993889GGG     
CBAR    4004    4004    4004    4005    0.015359-0.109310.993889GGG     
CBAR    4005    4005    4005    4006    0.015359-0.109310.993889GGG     
CBAR    4006    4006    4006    4007    0.015359-0.109310.993889GGG     
CBAR    4007    4007    4007    4008    0.015359-0.109310.993889GGG     
CBAR    4008    4008    4008    4009    0.015359-0.109310.993889GGG     
CBAR    4009    4009    4009    4010    0.015359-0.109310.993889GGG     
CBAR    4010    4010    4010    4011    0.015359-0.109310.993889GGG     
CBAR    4011    4011    4011    4012    0.015359-0.109310.993889GGG     
CBAR    4012    4012    4012    4013    0.015359-0.109310.993889GGG     
CBAR    4013    4013    4013    4014    0.015359-0.109310.993889GGG     
CBAR    4014    4014    4014    4015    0.015359-0.109310.993889GGG     
CBAR    4015    4015    4015    4016    0.015359-0.109310.993889GGG     
CBAR    4016    4016    4016    4017    0.015359-0.109310.993889GGG     
CBAR    4017    4017    4017    4018    0.015359-0.109310.993889GGG     
CBAR    4018    4018    4018    4019    0.015359-0.109310.993889GGG     
CBAR    4019    4019    4019    4020    0.015359-0.109310.993889GGG     
CBAR    4020    4020    4020    4021    0.015359-0.109310.993889GGG     
CBAR    4021    4021    4021    4022    0.015359-0.109310.993889GGG     
CBAR    4022    4022    4022    4023    0.015359-0.109310.993889GGG     
CBAR    4023    4023    4023    4024    0.015359-0.109310.993889GGG     
CBAR    4024    4024    4024    4025    0.015359-0.109310.993889GGG     
CBAR    4025    4025    4025    4026    0.015359-0.109310.993889GGG     
CBAR    4026    4026    4026    4027    0.015359-0.109310.993889GGG     
CBAR    4027    4027    4027    4028    0.015359-0.109310.993889GGG     
CBAR    4028    4028    4028    4029    0.015359-0.109310.993889GGG     
CBAR    4029    4029    4029    4030    0.029518-0.119680.992373GGG     
CBAR    4030    4030    4030    4031    0.029518-0.119680.992373GGG     
CBAR    4031    4031    4031    4032    0.029518-0.119680.992373GGG     
CBAR    4032    4032    4032    4033    0.029518-0.119680.992373GGG     
CBAR    4033    4033    4033    4034    0.029518-0.119680.992373GGG     
CBAR    4034    4034    4034    4035    0.029518-0.119680.992373GGG     
CBAR    4035    4035    4035    4036    0.029518-0.119680.992373GGG     
CBAR    4036    4036    4036    4037    0.029518-0.119680.992373GGG     
CBAR    4037    4037    4037    4038    0.029518-0.119680.992373GGG     
CBAR    4038    4038    4038    4039    0.029518-0.119680.992373GGG     
CBAR    4039    4039    4039    4040    0.029518-0.119680.992373GGG     
CBAR    4040    4040    4040    4041    0.029518-0.119680.992373GGG     
CBAR    4041    4041    4041    4042    0.029518-0.119680.992373GGG     
CBAR    4042    4042    4042    4043    0.029518-0.119680.992373GGG     
CBAR    4043    4043    4043    4044    0.029518-0.119680.992373GGG     
CBAR    4044    4044    4044    4045    0.029518-0.119680.992373GGG     
CBAR    4045    4045    4045    4046    0.029518-0.119680.992373GGG     
CBAR    4046    4046    4046    4047    0.029518-0.119680.992373GGG     
CBAR    4047    4047    4047    4048    0.029518-0.119680.992373GGG     
CBAR    4048    4048    4048    4049    0.029518-0.119680.992373GGG     
CBAR    4049    4049    4049    4050    0.029518-0.119680.992373GGG     
CBAR    4050    4050    4050    4051    0.029518-0.119680.992373GGG     
CBAR    4051    4051    4051    4052    0.029518-0.119680.992373GGG     
CBAR    4052    4052    4052    4053    0.029518-0.119680.992373GGG     
CBAR    4053    4053    4053    4054    0.029518-0.119680.992373GGG     
CBAR    4054    4054    4054    4055    0.029518-0.119680.992373GGG     
CBAR    4055    4055    4055    4056    0.029518-0.119680.992373GGG     
CBAR    4056    4056    4056    4057    0.029518-0.119680.992373GGG     
CBAR    4057    4057    4057    4058    0.029518-0.119680.992373GGG     
CBAR    4058    4058    4058    4059    0.029518-0.119680.992373GGG     
CBAR    4059    4059    4059    4060    0.029518-0.119680.992373GGG     
CBAR    4060    4060    4060    4061    0.029518-0.119680.992373GGG     
CBAR    4061    4061    4061    4062    0.029518-0.119680.992373GGG     
CBAR    4062    4062    4062    4063    0.029518-0.119680.992373GGG     
CBAR    4063    4000    4000    4064    0.0     0.0     1.0     GGG     
CBAR    4064    4001    4064    4065    0.0     0.0     1.0     GGG     
CBAR    4065    4002    4065    4066    0.0153590.10931 0.993889GGG     
CBAR    4066    4003    4066    4067    0.0153590.10931 0.993889GGG     
CBAR    4067    4004    4067    4068    0.0153590.10931 0.993889GGG     
CBAR    4068    4005    4068    4069    0.0153590.10931 0.993889GGG     
CBAR    4069    4006    4069    4070    0.0153590.10931 0.993889GGG     
CBAR    4070    4007    4070    4071    0.0153590.10931 0.993889GGG     
CBAR    4071    4008    4071    4072    0.0153590.10931 0.993889GGG     
CBAR    4072    4009    4072    4073    0.0153590.10931 0.993889GGG     
CBAR    4073    4010    4073    4074    0.0153590.10931 0.993889GGG     
CBAR    4074    4011    4074    4075    0.0153590.10931 0.993889GGG     
CBAR    4075    4012    4075    4076    0.0153590.10931 0.993889GGG     
CBAR    4076    4013    4076    4077    0.0153590.10931 0.993889GGG     
CBAR    4077    4014    4077    4078    0.0153590.10931 0.993889GGG     
CBAR    4078    4015    4078    4079    0.0153590.10931 0.993889GGG     
CBAR    4079    4016    4079    4080    0.0153590.10931 0.993889GGG     
CBAR    4080    4017    4080    4081    0.0153590.10931 0.993889GGG     
CBAR    4081    4018    4081    4082    0.0153590.10931 0.993889GGG     
CBAR    4082    4019    4082    4083    0.0153590.10931 0.993889GGG     
CBAR    4083    4020    4083    4084    0.0153590.10931 0.993889GGG     
CBAR    4084    4021    4084    4085    0.0153590.10931 0.993889GGG     
CBAR    4085    4022    4085    4086    0.0153590.10931 0.993889GGG     
CBAR    4086    4023    4086    4087    0.0153590.10931 0.993889GGG     
CBAR    4087    4024    4087    4088    0.0153590.10931 0.993889GGG     
CBAR    4088    4025    4088    4089    0.0153590.10931 0.993889GGG     
CBAR    4089    4026    4089    4090    0.0153590.10931 0.993889GGG     
CBAR    4090    4027    4090    4091    0.0153590.10931 0.993889GGG     
CBAR    4091    4028    4091    4092    0.0153590.10931 0.993889GGG     
CBAR    4092    4029    4092    4093    0.0295180.1196880.992373GGG     
CBAR    4093    4030    4093    4094    0.0295180.1196880.992373GGG     
CBAR    4094    4031    4094    4095    0.0295180.1196880.992373GGG     
CBAR    4095    4032    4095    4096    0.0295180.1196880.992373GGG     
CBAR    4096    4033    4096    4097    0.0295180.1196880.992373GGG     
CBAR    4097    4034    4097    4098    0.0295180.1196880.992373GGG     
CBAR    4098    4035    4098    4099    0.0295180.1196880.992373GGG     
CBAR    4099    4036    4099    4100    0.0295180.1196880.992373GGG     
CBAR    4100    4037    4100    4101    0.0295180.1196880.992373GGG     
CBAR    4101    4038    4101    4102    0.0295180.1196880.992373GGG     
CBAR    4102    4039    4102    4103    0.0295180.1196880.992373GGG     
CBAR    4103    4040    4103    4104    0.0295180.1196880.992373GGG     
CBAR    4104    4041    4104    4105    0.0295180.1196880.992373GGG     
CBAR    4105    4042    4105    4106    0.0295180.1196880.992373GGG     
CBAR    4106    4043    4106    4107    0.0295180.1196880.992373GGG     
CBAR    4107    4044    4107    4108    0.0295180.1196880.992373GGG     
CBAR    4108    4045    4108    4109    0.0295180.1196880.992373GGG     
CBAR    4109    4046    4109    4110    0.0295180.1196880.992373GGG     
CBAR    4110    4047    4110    4111    0.0295180.1196880.992373GGG     
CBAR    4111    4048    4111    4112    0.0295180.1196880.992373GGG     
CBAR    4112    4049    4112    4113    0.0295180.1196880.992373GGG     
CBAR    4113    4050    4113    4114    0.0295180.1196880.992373GGG     
CBAR    4114    4051    4114    4115    0.0295180.1196880.992373GGG     
CBAR    4115    4052    4115    4116    0.0295180.1196880.992373GGG     
CBAR    4116    4053    4116    4117    0.0295180.1196880.992373GGG     
CBAR    4117    4054    4117    4118    0.0295180.1196880.992373GGG     
CBAR    4118    4055    4118    4119    0.0295180.1196880.992373GGG     
CBAR    4119    4056    4119    4120    0.0295180.1196880.992373GGG     
CBAR    4120    4057    4120    4121    0.0295180.1196880.992373GGG     
CBAR    4121    4058    4121    4122    0.0295180.1196880.992373GGG     
CBAR    4122    4059    4122    4123    0.0295180.1196880.992373GGG     
CBAR    4123    4060    4123    4124    0.0295180.1196880.992373GGG     
CBAR    4124    4061    4124    4125    0.0295180.1196880.992373GGG     
CBAR    4125    4062    4125    4126    0.0295180.1196880.992373GGG     

$-------2-------3-------4-------5-------6-------7-------8-------9-------10
$ Aeronode definition
$-------2-------3-------4-------5-------6-------7-------8-------9-------10
GRID    10000   0       0.      0.      0.      0       0       0       
GRID    10001   0       0.      0.      0.      0       0       0       
GRID    10002   0       0.      0.      0.      0       0       0       
GRID    10003   0       0.      0.      0.      0       0       0       
GRID    10004   0       1.27812 1.35932 0.      0       0       0       
GRID    10005   0       1.27812 0.      1.35932 0       0       0       
GRID    10006   0       1.27812 -1.359320.      0       0       0       
GRID    10007   0       1.27812 0.      -1.359320       0       0       
GRID    10008   0       2.55624 1.8474  0.      0       0       0       
GRID    10009   0       2.55624 0.      1.8474  0       0       0       
GRID    10010   0       2.55624 -1.8474 0.      0       0       0       
GRID    10011   0       2.55624 0.      -1.8474 0       0       0       
GRID    10012   0       3.83436 2.20901 0.      0       0       0       
GRID    10013   0       3.83436 0.      2.20901 0       0       0       
GRID    10014   0       3.83436 -2.209010.      0       0       0       
GRID    10015   0       3.83436 0.      -2.209010       0       0       
GRID    10016   0       5.11248 2.50696 0.      0       0       0       
GRID    10017   0       5.11248 0.      2.50696 0       0       0       
GRID    10018   0       5.11248 -2.506960.      0       0       0       
GRID    10019   0       5.11248 0.      -2.506960       0       0       
GRID    10020   0       6.6778  2.82001 0.      0       0       0       
GRID    10021   0       6.6778  0.      2.82001 0       0       0       
GRID    10022   0       6.6778  -2.820010.      0       0       0       
GRID    10023   0       6.6778  0.      -2.820010       0       0       
GRID    10024   0       7.66872 2.82001 0.      0       0       0       
GRID    10025   0       7.66872 0.      2.82001 0       0       0       
GRID    10026   0       7.66872 -2.820010.      0       0       0       
GRID    10027   0       7.66872 0.      -2.820010       0       0       
GRID    10028   0       8.94684 2.82001 0.      0       0       0       
GRID    10029   0       8.94684 0.      2.82001 0       0       0       
GRID    10030   0       8.94684 -2.820010.      0       0       0       
GRID    10031   0       8.94684 0.      -2.820010       0       0       
GRID    10032   0       10.225  2.82001 0.      0       0       0       
GRID    10033   0       10.225  0.      2.82001 0       0       0       
GRID    10034   0       10.225  -2.820010.      0       0       0       
GRID    10035   0       10.225  0.      -2.820010       0       0       
GRID    10036   0       11.5031 2.82001 0.      0       0       0       
GRID    10037   0       11.5031 0.      2.82001 0       0       0       
GRID    10038   0       11.5031 -2.820010.      0       0       0       
GRID    10039   0       11.5031 0.      -2.820010       0       0       
GRID    10040   0       12.7812 2.82    0.      0       0       0       
GRID    10041   0       12.7812 0.      2.82    0       0       0       
GRID    10042   0       12.7812 -2.82   0.      0       0       0       
GRID    10043   0       12.7812 0.      -2.82   0       0       0       
GRID    10044   0       14.0593 2.82    0.      0       0       0       
GRID    10045   0       14.0593 0.      2.82    0       0       0       
GRID    10046   0       14.0593 -2.82   0.      0       0       0       
GRID    10047   0       14.0593 0.      -2.82   0       0       0       
GRID    10048   0       15.3374 2.82    0.      0       0       0       
GRID    10049   0       15.3374 0.      2.82    0       0       0       
GRID    10050   0       15.3374 -2.82   0.      0       0       0       
GRID    10051   0       15.3374 0.      -2.82   0       0       0       
GRID    10052   0       16.6156 2.82    0.      0       0       0       
GRID    10053   0       16.6156 0.      2.82    0       0       0       
GRID    10054   0       16.6156 -2.82   0.      0       0       0       
GRID    10055   0       16.6156 0.      -2.82   0       0       0       
GRID    10056   0       17.8937 2.82    0.      0       0       0       
GRID    10057   0       17.8937 0.      2.82    0       0       0       
GRID    10058   0       17.8937 -2.82   0.      0       0       0       
GRID    10059   0       17.8937 0.      -2.82   0       0       0       
GRID    10060   0       19.1718 2.82    0.      0       0       0       
GRID    10061   0       19.1718 0.      2.82    0       0       0       
GRID    10062   0       19.1718 -2.82   0.      0       0       0       
GRID    10063   0       19.1718 0.      -2.82   0       0       0       
GRID    10064   0       20.4499 2.82    0.      0       0       0       
GRID    10065   0       20.4499 0.      2.82    0       0       0       
GRID    10066   0       20.4499 -2.82   0.      0       0       0       
GRID    10067   0       20.4499 0.      -2.82   0       0       0       
GRID    10068   0       21.728  2.82    0.      0       0       0       
GRID    10069   0       21.728  0.      2.82    0       0       0       
GRID    10070   0       21.728  -2.82   0.      0       0       0       
GRID    10071   0       21.728  0.      -2.82   0       0       0       
GRID    10072   0       23.0062 2.82    0.      0       0       0       
GRID    10073   0       23.0062 0.      2.82    0       0       0       
GRID    10074   0       23.0062 -2.82   0.      0       0       0       
GRID    10075   0       23.0062 0.      -2.82   0       0       0       
GRID    10076   0       24.6746 2.82    0.      0       0       0       
GRID    10077   0       24.6746 0.      2.82    0       0       0       
GRID    10078   0       24.6746 -2.82   0.      0       0       0       
GRID    10079   0       24.6746 0.      -2.82   0       0       0       
GRID    10080   0       25.5624 2.82    0.      0       0       0       
GRID    10081   0       25.5624 0.      2.82    0       0       0       
GRID    10082   0       25.5624 -2.82   0.      0       0       0       
GRID    10083   0       25.5624 0.      -2.82   0       0       0       
GRID    10084   0       27.2602 2.82    0.      0       0       0       
GRID    10085   0       27.2602 0.      2.82    0       0       0       
GRID    10086   0       27.2602 -2.82   0.      0       0       0       
GRID    10087   0       27.2602 0.      -2.82   0       0       0       
GRID    10088   0       28.1186 2.82    0.      0       0       0       
GRID    10089   0       28.1186 0.      2.82    0       0       0       
GRID    10090   0       28.1186 -2.82   0.      0       0       0       
GRID    10091   0       28.1186 0.      -2.82   0       0       0       
GRID    10092   0       29.3968 2.82    0.      0       0       0       
GRID    10093   0       29.3968 0.      2.82    0       0       0       
GRID    10094   0       29.3968 -2.82   0.      0       0       0       
GRID    10095   0       29.3968 0.      -2.82   0       0       0       
GRID    10096   0       30.6749 2.82    0.      0       0       0       
GRID    10097   0       30.6749 0.      2.82    0       0       0       
GRID    10098   0       30.6749 -2.82   0.      0       0       0       
GRID    10099   0       30.6749 0.      -2.82   0       0       0       
GRID    10100   0       31.953  2.82    0.      0       0       0       
GRID    10101   0       31.953  0.      2.82    0       0       0       
GRID    10102   0       31.953  -2.82   0.      0       0       0       
GRID    10103   0       31.953  0.      -2.82   0       0       0       
GRID    10104   0       33.2311 2.82    0.      0       0       0       
GRID    10105   0       33.2311 0.      2.82    0       0       0       
GRID    10106   0       33.2311 -2.82   0.      0       0       0       
GRID    10107   0       33.2311 0.      -2.82   0       0       0       
GRID    10108   0       34.5092 2.82    0.      0       0       0       
GRID    10109   0       34.5092 0.      2.82    0       0       0       
GRID    10110   0       34.5092 -2.82   0.      0       0       0       
GRID    10111   0       34.5092 0.      -2.82   0       0       0       
GRID    10112   0       35.7874 2.82    0.      0       0       0       
GRID    10113   0       35.7874 0.      2.82    0       0       0       
GRID    10114   0       35.7874 -2.82   0.      0       0       0       
GRID    10115   0       35.7874 0.      -2.82   0       0       0       
GRID    10116   0       37.0655 2.82    0.      0       0       0       
GRID    10117   0       37.0655 0.      2.82    0       0       0       
GRID    10118   0       37.0655 -2.82   0.      0       0       0       
GRID    10119   0       37.0655 0.      -2.82   0       0       0       
GRID    10120   0       38.3436 2.82    0.      0       0       0       
GRID    10121   0       38.3436 0.      2.82    0       0       0       
GRID    10122   0       38.3436 -2.82   0.      0       0       0       
GRID    10123   0       38.3436 0.      -2.82   0       0       0       
GRID    10124   0       39.6217 2.82    0.      0       0       0       
GRID    10125   0       39.6217 0.      2.82    0       0       0       
GRID    10126   0       39.6217 -2.82   0.      0       0       0       
GRID    10127   0       39.6217 0.      -2.82   0       0       0       
GRID    10128   0       40.8998 2.82    0.      0       0       0       
GRID    10129   0       40.8998 0.      2.82    0       0       0       
GRID    10130   0       40.8998 -2.82   0.      0       0       0       
GRID    10131   0       40.8998 0.      -2.82   0       0       0       
GRID    10132   0       42.6714 2.82    0.      0       0       0       
GRID    10133   0       42.6714 0.      2.82    0       0       0       
GRID    10134   0       42.6714 -2.82   0.      0       0       0       
GRID    10135   0       42.6714 0.      -2.82   0       0       0       
GRID    10136   0       43.4561 2.75023 0.0824730       0       0       
GRID    10137   0       43.4561 0.      2.83271 0       0       0       
GRID    10138   0       43.4561 -2.750230.0824730       0       0       
GRID    10139   0       43.4561 0.      -2.667760       0       0       
GRID    10140   0       44.7342 2.63501 0.2168090       0       0       
GRID    10141   0       44.7342 0.      2.85181 0       0       0       
GRID    10142   0       44.7342 -2.635010.2168090       0       0       
GRID    10143   0       44.7342 0.      -2.4182 0       0       0       
GRID    10144   0       46.0123 2.51722 0.3511450       0       0       
GRID    10145   0       46.0123 0.      2.86836 0       0       0       
GRID    10146   0       46.0123 -2.517220.3511450       0       0       
GRID    10147   0       46.0123 0.      -2.166070       0       0       
GRID    10148   0       47.2904 2.39631 0.4854810       0       0       
GRID    10149   0       47.2904 0.      2.88179 0       0       0       
GRID    10150   0       47.2904 -2.396310.4854810       0       0       
GRID    10151   0       47.2904 0.      -1.910830       0       0       
GRID    10152   0       48.5686 2.27223 0.6198160       0       0       
GRID    10153   0       48.5686 0.      2.89204 0       0       0       
GRID    10154   0       48.5686 -2.272230.6198160       0       0       
GRID    10155   0       48.5686 0.      -1.652410       0       0       
GRID    10156   0       49.8467 2.14465 0.7541520       0       0       
GRID    10157   0       49.8467 0.      2.8988  0       0       0       
GRID    10158   0       49.8467 -2.144650.7541520       0       0       
GRID    10159   0       49.8467 0.      -1.3905 0       0       0       
GRID    10160   0       51.1248 2.01315 0.8884880       0       0       
GRID    10161   0       51.1248 0.      2.90164 0       0       0       
GRID    10162   0       51.1248 -2.013150.8884880       0       0       
GRID    10163   0       51.1248 0.      -1.124670       0       0       
GRID    10164   0       52.4029 1.87722 1.02282 0       0       0       
GRID    10165   0       52.4029 0.      2.90004 0       0       0       
GRID    10166   0       52.4029 -1.877221.02282 0       0       0       
GRID    10167   0       52.4029 0.      -0.854390       0       0       
GRID    10168   0       53.681  1.73619 1.15716 0       0       0       
GRID    10169   0       53.681  0.      2.89335 0       0       0       
GRID    10170   0       53.681  -1.736191.15716 0       0       0       
GRID    10171   0       53.681  0.      -0.579030       0       0       
GRID    10172   0       54.9592 1.58924 1.2915  0       0       0       
GRID    10173   0       54.9592 0.      2.88073 0       0       0       
GRID    10174   0       54.9592 -1.589241.2915  0       0       0       
GRID    10175   0       54.9592 0.      -0.297740       0       0       
GRID    10176   0       56.8028 1.3628  1.48527 0       0       0       
GRID    10177   0       56.8028 0.      2.84806 0       0       0       
GRID    10178   0       56.8028 -1.3628 1.48527 0       0       0       
GRID    10179   0       56.8028 0.      0.12247 0       0       0       
GRID    10180   0       57.5154 1.27036 1.56017 0       0       0       
GRID    10181   0       57.5154 0.      2.83053 0       0       0       
GRID    10182   0       57.5154 -1.270361.56017 0       0       0       
GRID    10183   0       57.5154 0.      0.2898090       0       0       
GRID    10184   0       59.0106 1.06378 1.71732 0       0       0       
GRID    10185   0       59.0106 0.      2.7811  0       0       0       
GRID    10186   0       59.0106 -1.063781.71732 0       0       0       
GRID    10187   0       59.0106 0.      0.6535460       0       0       
GRID    10188   0       60.0716 0.9037421.82884 0       0       0       
GRID    10189   0       60.0716 0.      2.73258 0       0       0       
GRID    10190   0       60.0716 -0.903741.82884 0       0       0       
GRID    10191   0       60.0716 0.      0.9250970       0       0       
GRID    10192   0       61.3498 0.6893411.96317 0       0       0       
GRID    10193   0       61.3498 0.      2.65252 0       0       0       
GRID    10194   0       61.3498 -0.689341.96317 0       0       0       
GRID    10195   0       61.3498 0.      1.27383 0       0       0       
GRID    10196   0       62.6279 0.4332942.09751 0       0       0       
GRID    10197   0       62.6279 0.      2.5308  0       0       0       
GRID    10198   0       62.6279 -0.433292.09751 0       0       0       
GRID    10199   0       62.6279 0.      1.66422 0       0       0       
GRID    10200   0       63.906  0.      2.23185 0       0       0       
GRID    10201   0       63.906  0.      2.23185 0       0       0       
GRID    10202   0       63.906  0.      2.23185 0       0       0       
GRID    10203   0       63.906  0.      2.23185 0       0       0       
RBE0    1000    1000    10000   10001   10002   10003   
RBE0    1001    1001    10004   10005   10006   10007   
RBE0    1002    1002    10008   10009   10010   10011   
RBE0    1003    1003    10012   10013   10014   10015   
RBE0    1004    1004    10016   10017   10018   10019   
RBE0    1005    1005    10020   10021   10022   10023   
RBE0    1006    1006    10024   10025   10026   10027   
RBE0    1007    1007    10028   10029   10030   10031   
RBE0    1008    1008    10032   10033   10034   10035   
RBE0    1009    1009    10036   10037   10038   10039   
RBE0    1010    1010    10040   10041   10042   10043   
RBE0    1011    1011    10044   10045   10046   10047   
RBE0    1012    1012    10048   10049   10050   10051   
RBE0    1013    1013    10052   10053   10054   10055   
RBE0    1014    1014    10056   10057   10058   10059   
RBE0    1015    1015    10060   10061   10062   10063   
RBE0    1016    1016    10064   10065   10066   10067   
RBE0    1017    1017    10068   10069   10070   10071   
RBE0    1018    1018    10072   10073   10074   10075   
RBE0    1019    1019    10076   10077   10078   10079   
RBE0    1020    1020    10080   10081   10082   10083   
RBE0    1021    1021    10084   10085   10086   10087   
RBE0    1022    1022    10088   10089   10090   10091   
RBE0    1023    1023    10092   10093   10094   10095   
RBE0    1024    1024    10096   10097   10098   10099   
RBE0    1025    1025    10100   10101   10102   10103   
RBE0    1026    1026    10104   10105   10106   10107   
RBE0    1027    1027    10108   10109   10110   10111   
RBE0    1028    1028    10112   10113   10114   10115   
RBE0    1029    1029    10116   10117   10118   10119   
RBE0    1030    1030    10120   10121   10122   10123   
RBE0    1031    1031    10124   10125   10126   10127   
RBE0    1032    1032    10128   10129   10130   10131   
RBE0    1033    1033    10132   10133   10134   10135   
RBE0    1034    1034    10136   10137   10138   10139   
RBE0    1035    1035    10140   10141   10142   10143   
RBE0    1036    1036    10144   10145   10146   10147   
RBE0    1037    1037    10148   10149   10150   10151   
RBE0    1038    1038    10152   10153   10154   10155   
RBE0    1039    1039    10156   10157   10158   10159   
RBE0    1040    1040    10160   10161   10162   10163   
RBE0    1041    1041    10164   10165   10166   10167   
RBE0    1042    1042    10168   10169   10170   10171   
RBE0    1043    1043    10172   10173   10174   10175   
RBE0    1044    1044    10176   10177   10178   10179   
RBE0    1045    1045    10180   10181   10182   10183   
RBE0    1046    1046    10184   10185   10186   10187   
RBE0    1047    1047    10188   10189   10190   10191   
RBE0    1048    1048    10192   10193   10194   10195   
RBE0    1049    1049    10196   10197   10198   10199   
RBE0    1050    1050    10200   10201   10202   10203   
GRID    20000   0       25.1555 0.      -1.128  0       0       0       
GRID    20001   0       27.2602 0.      -1.752840       0       0       
GRID    20002   0       29.3649 0.      -1.128  0       0       0       
GRID    20003   0       27.2602 0.      -0.503160       0       0       
GRID    20004   0       25.1555 1.41    -1.128  0       0       0       
GRID    20005   0       27.2602 1.41    -1.752840       0       0       
GRID    20006   0       29.3649 1.41    -1.128  0       0       0       
GRID    20007   0       27.2602 1.41    -0.503160       0       0       
GRID    20008   0       25.3931 2.82    -1.128  0       0       0       
GRID    20009   0       27.2602 2.82    -1.752840       0       0       
GRID    20010   0       29.1273 2.82    -1.128  0       0       0       
GRID    20011   0       27.2602 2.82    -0.503160       0       0       
GRID    20012   0       25.758  3.93829 -0.936110       0       0       
GRID    20013   0       27.3809 3.16946 -1.705680       0       0       
GRID    20014   0       29.0514 2.25714 -1.265410       0       0       
GRID    20015   0       27.4286 3.02597 -0.495840       0       0       
GRID    20016   0       25.9122 4.21105 -0.909840       0       0       
GRID    20017   0       27.5259 3.44538 -1.663340       0       0       
GRID    20018   0       29.1862 2.53981 -1.2372 0       0       0       
GRID    20019   0       27.5725 3.30548 -0.483700       0       0       
GRID    20020   0       26.0664 4.48381 -0.883570       0       0       
GRID    20021   0       27.671  3.72131 -1.621  0       0       0       
GRID    20022   0       29.321  2.82248 -1.208990       0       0       
GRID    20023   0       27.7164 3.58498 -0.471560       0       0       
GRID    20024   0       26.2206 4.75657 -0.857300       0       0       
GRID    20025   0       27.8161 3.99723 -1.578660       0       0       
GRID    20026   0       29.4558 3.10515 -1.180780       0       0       
GRID    20027   0       27.8602 3.86449 -0.459420       0       0       
GRID    20028   0       26.3748 5.02934 -0.831030       0       0       
GRID    20029   0       27.9612 4.27316 -1.536330       0       0       
GRID    20030   0       29.5905 3.38782 -1.152570       0       0       
GRID    20031   0       28.0041 4.14399 -0.447280       0       0       
GRID    20032   0       26.5289 5.3021  -0.804770       0       0       
GRID    20033   0       28.1063 4.54908 -1.493990       0       0       
GRID    20034   0       29.7253 3.67049 -1.124360       0       0       
GRID    20035   0       28.148  4.4235  -0.435140       0       0       
GRID    20036   0       26.6831 5.57486 -0.778500       0       0       
GRID    20037   0       28.2513 4.82501 -1.451650       0       0       
GRID    20038   0       29.8601 3.95315 -1.096160       0       0       
GRID    20039   0       28.2919 4.70301 -0.423000       0       0       
GRID    20040   0       26.8373 5.84762 -0.752230       0       0       
GRID    20041   0       28.3964 5.10093 -1.409320       0       0       
GRID    20042   0       29.9949 4.23582 -1.067950       0       0       
GRID    20043   0       28.4358 4.98251 -0.410860       0       0       
GRID    20044   0       26.9915 6.12038 -0.725960       0       0       
GRID    20045   0       28.5415 5.37686 -1.366980       0       0       
GRID    20046   0       30.1297 4.51849 -1.039740       0       0       
GRID    20047   0       28.5797 5.26202 -0.398720       0       0       
GRID    20048   0       27.1457 6.39314 -0.699690       0       0       
GRID    20049   0       28.6866 5.65278 -1.324640       0       0       
GRID    20050   0       30.2644 4.80116 -1.011530       0       0       
GRID    20051   0       28.7236 5.54152 -0.386580       0       0       
GRID    20052   0       27.2999 6.6659  -0.673420       0       0       
GRID    20053   0       28.8317 5.9287  -1.282310       0       0       
GRID    20054   0       30.3992 5.08383 -0.983310       0       0       
GRID    20055   0       28.8675 5.82103 -0.374440       0       0       
GRID    20056   0       27.4541 6.93866 -0.647160       0       0       
GRID    20057   0       28.9767 6.20463 -1.239970       0       0       
GRID    20058   0       30.534  5.3665  -0.955100       0       0       
GRID    20059   0       29.0114 6.10053 -0.3623 0       0       0       
GRID    20060   0       27.6083 7.21142 -0.620890       0       0       
GRID    20061   0       29.1218 6.48055 -1.197630       0       0       
GRID    20062   0       30.6688 5.64917 -0.9269 0       0       0       
GRID    20063   0       29.1552 6.38004 -0.350160       0       0       
GRID    20064   0       27.7625 7.48418 -0.594620       0       0       
GRID    20065   0       29.2669 6.75648 -1.155290       0       0       
GRID    20066   0       30.8036 5.93184 -0.898690       0       0       
GRID    20067   0       29.2991 6.65955 -0.338010       0       0       
GRID    20068   0       27.9167 7.75694 -0.568350       0       0       
GRID    20069   0       29.412  7.0324  -1.112960       0       0       
GRID    20070   0       30.9383 6.21451 -0.870480       0       0       
GRID    20071   0       29.443  6.93905 -0.325870       0       0       
GRID    20072   0       28.0709 8.0297  -0.542080       0       0       
GRID    20073   0       29.5571 7.30833 -1.070620       0       0       
GRID    20074   0       31.0731 6.49718 -0.842270       0       0       
GRID    20075   0       29.5869 7.21856 -0.313730       0       0       
GRID    20076   0       28.225  8.30246 -0.515810       0       0       
GRID    20077   0       29.7021 7.58425 -1.028280       0       0       
GRID    20078   0       31.2079 6.77985 -0.814060       0       0       
GRID    20079   0       29.7308 7.49806 -0.301590       0       0       
GRID    20080   0       28.3792 8.57523 -0.489550       0       0       
GRID    20081   0       29.8472 7.86018 -0.985940       0       0       
GRID    20082   0       31.3427 7.06252 -0.785850       0       0       
GRID    20083   0       29.8747 7.77757 -0.289450       0       0       
GRID    20084   0       28.5334 8.84799 -0.463280       0       0       
GRID    20085   0       29.9923 8.1361  -0.943610       0       0       
GRID    20086   0       31.4775 7.34519 -0.757640       0       0       
GRID    20087   0       30.0186 8.05708 -0.277310       0       0       
GRID    20088   0       28.6876 9.12075 -0.437010       0       0       
GRID    20089   0       30.1374 8.41202 -0.901270       0       0       
GRID    20090   0       31.6122 7.62786 -0.729430       0       0       
GRID    20091   0       30.1625 8.33658 -0.265170       0       0       
GRID    20092   0       28.8059 9.35545 -0.493870       0       0       
GRID    20093   0       30.2735 8.64995 -0.877770       0       0       
GRID    20094   0       31.744  7.89095 -0.631440       0       0       
GRID    20095   0       30.2764 8.59646 -0.247540       0       0       
GRID    20096   0       28.9466 9.59656 -0.474040       0       0       
GRID    20097   0       30.3986 8.89849 -0.852950       0       0       
GRID    20098   0       31.8534 8.14764 -0.610150       0       0       
GRID    20099   0       30.4014 8.84572 -0.231240       0       0       
GRID    20100   0       29.0872 9.83767 -0.454210       0       0       
GRID    20101   0       30.5236 9.14702 -0.828130       0       0       
GRID    20102   0       31.9628 8.40433 -0.588860       0       0       
GRID    20103   0       30.5264 9.09498 -0.214940       0       0       
GRID    20104   0       29.2279 10.0788 -0.434380       0       0       
GRID    20105   0       30.6487 9.39556 -0.803310       0       0       
GRID    20106   0       32.0722 8.66102 -0.567560       0       0       
GRID    20107   0       30.6514 9.34424 -0.198640       0       0       
GRID    20108   0       29.3877 10.3581 -0.411400       0       0       
GRID    20109   0       30.7929 9.6823  -0.775340       0       0       
GRID    20110   0       32.2008 8.95591 -0.543120       0       0       
GRID    20111   0       30.7956 9.6317  -0.179180       0       0       
GRID    20112   0       29.5476 10.6374 -0.388410       0       0       
GRID    20113   0       30.9371 9.96903 -0.747360       0       0       
GRID    20114   0       32.3294 9.25079 -0.518670       0       0       
GRID    20115   0       30.9398 9.91915 -0.159720       0       0       
GRID    20116   0       29.7074 10.9167 -0.365430       0       0       
GRID    20117   0       31.0814 10.2558 -0.719390       0       0       
GRID    20118   0       32.4579 9.54568 -0.494220       0       0       
GRID    20119   0       31.084  10.2066 -0.140260       0       0       
GRID    20120   0       29.8673 11.196  -0.342440       0       0       
GRID    20121   0       31.2256 10.5425 -0.691410       0       0       
GRID    20122   0       32.5865 9.84057 -0.469770       0       0       
GRID    20123   0       31.2282 10.4941 -0.120800       0       0       
GRID    20124   0       30.0271 11.4753 -0.319460       0       0       
GRID    20125   0       31.3699 10.8292 -0.663440       0       0       
GRID    20126   0       32.7151 10.1355 -0.445320       0       0       
GRID    20127   0       31.3724 10.7815 -0.101340       0       0       
GRID    20128   0       30.187  11.7546 -0.296470       0       0       
GRID    20129   0       31.5141 11.116  -0.635460       0       0       
GRID    20130   0       32.8437 10.4303 -0.420870       0       0       
GRID    20131   0       31.5166 11.069  -0.081880       0       0       
GRID    20132   0       30.3468 12.0339 -0.273490       0       0       
GRID    20133   0       31.6583 11.4027 -0.607490       0       0       
GRID    20134   0       32.9723 10.7252 -0.396420       0       0       
GRID    20135   0       31.6608 11.3564 -0.062420       0       0       
GRID    20136   0       30.5067 12.3132 -0.250500       0       0       
GRID    20137   0       31.8026 11.6894 -0.579510       0       0       
GRID    20138   0       33.1009 11.0201 -0.371980       0       0       
GRID    20139   0       31.805  11.6439 -0.042970       0       0       
GRID    20140   0       30.6665 12.5925 -0.227520       0       0       
GRID    20141   0       31.9468 11.9762 -0.551540       0       0       
GRID    20142   0       33.2295 11.315  -0.347530       0       0       
GRID    20143   0       31.9492 11.9314 -0.023510       0       0       
GRID    20144   0       30.8263 12.8718 -0.204530       0       0       
GRID    20145   0       32.091  12.2629 -0.523560       0       0       
GRID    20146   0       33.3581 11.6099 -0.323080       0       0       
GRID    20147   0       32.0934 12.2188 -0.004050       0       0       
GRID    20148   0       30.9862 13.1512 -0.181550       0       0       
GRID    20149   0       32.2353 12.5496 -0.495590       0       0       
GRID    20150   0       33.4867 11.9048 -0.298630       0       0       
GRID    20151   0       32.2376 12.5063 0.0154040       0       0       
GRID    20152   0       31.146  13.4305 -0.158560       0       0       
GRID    20153   0       32.3795 12.8364 -0.467610       0       0       
GRID    20154   0       33.6152 12.1997 -0.274180       0       0       
GRID    20155   0       32.3818 12.7937 0.0348630       0       0       
GRID    20156   0       31.3059 13.7098 -0.135580       0       0       
GRID    20157   0       32.5237 13.1231 -0.439640       0       0       
GRID    20158   0       33.7438 12.4945 -0.249730       0       0       
GRID    20159   0       32.526  13.0812 0.0543210       0       0       
GRID    20160   0       31.4657 13.9891 -0.112590       0       0       
GRID    20161   0       32.668  13.4099 -0.411660       0       0       
GRID    20162   0       33.8724 12.7894 -0.225280       0       0       
GRID    20163   0       32.6702 13.3687 0.0737800       0       0       
GRID    20164   0       31.6256 14.2684 -0.089610       0       0       
GRID    20165   0       32.8122 13.6966 -0.383690       0       0       
GRID    20166   0       34.001  13.0843 -0.200840       0       0       
GRID    20167   0       32.8144 13.6561 0.0932390       0       0       
GRID    20168   0       31.7854 14.5477 -0.066620       0       0       
GRID    20169   0       32.9564 13.9833 -0.355710       0       0       
GRID    20170   0       34.1296 13.3792 -0.176390       0       0       
GRID    20171   0       32.9586 13.9436 0.1126980       0       0       
GRID    20172   0       31.9453 14.827  -0.043640       0       0       
GRID    20173   0       33.1007 14.2701 -0.327740       0       0       
GRID    20174   0       34.2582 13.6741 -0.151940       0       0       
GRID    20175   0       33.1028 14.231  0.1321560       0       0       
GRID    20176   0       32.1051 15.1063 -0.020650       0       0       
GRID    20177   0       33.2449 14.5568 -0.299760       0       0       
GRID    20178   0       34.3868 13.969  -0.127490       0       0       
GRID    20179   0       33.247  14.5185 0.1516150       0       0       
GRID    20180   0       32.2649 15.3856 0.0023260       0       0       
GRID    20181   0       33.3892 14.8435 -0.271790       0       0       
GRID    20182   0       34.5154 14.2639 -0.103040       0       0       
GRID    20183   0       33.3911 14.8059 0.1710730       0       0       
GRID    20184   0       32.4248 15.6649 0.0253110       0       0       
GRID    20185   0       33.5334 15.1303 -0.243810       0       0       
GRID    20186   0       34.6439 14.5588 -0.078590       0       0       
GRID    20187   0       33.5353 15.0934 0.1905320       0       0       
GRID    20188   0       32.5846 15.9442 0.0482960       0       0       
GRID    20189   0       33.6776 15.417  -0.215840       0       0       
GRID    20190   0       34.7725 14.8536 -0.054140       0       0       
GRID    20191   0       33.6795 15.3809 0.2099910       0       0       
GRID    20192   0       32.7445 16.2235 0.0712810       0       0       
GRID    20193   0       33.8219 15.7037 -0.187860       0       0       
GRID    20194   0       34.9011 15.1485 -0.029700       0       0       
GRID    20195   0       33.8237 15.6683 0.2294490       0       0       
GRID    20196   0       32.9043 16.5028 0.0942660       0       0       
GRID    20197   0       33.9661 15.9905 -0.159890       0       0       
GRID    20198   0       35.0297 15.4434 -0.005250       0       0       
GRID    20199   0       33.9679 15.9558 0.2489080       0       0       
GRID    20200   0       33.0642 16.7821 0.1172510       0       0       
GRID    20201   0       34.1103 16.2772 -0.131910       0       0       
GRID    20202   0       35.1583 15.7383 0.0191960       0       0       
GRID    20203   0       34.1121 16.2432 0.2683670       0       0       
GRID    20204   0       33.224  17.0614 0.1402360       0       0       
GRID    20205   0       34.2546 16.5639 -0.103940       0       0       
GRID    20206   0       35.2869 16.0332 0.0436440       0       0       
GRID    20207   0       34.2563 16.5307 0.2878250       0       0       
GRID    20208   0       33.3838 17.3408 0.1632210       0       0       
GRID    20209   0       34.3988 16.8507 -0.075960       0       0       
GRID    20210   0       35.4155 16.3281 0.0680930       0       0       
GRID    20211   0       34.4005 16.8181 0.3072840       0       0       
GRID    20212   0       33.5437 17.6201 0.1862060       0       0       
GRID    20213   0       34.543  17.1374 -0.047990       0       0       
GRID    20214   0       35.5441 16.623  0.0925410       0       0       
GRID    20215   0       34.5447 17.1056 0.3267420       0       0       
GRID    20216   0       33.7035 17.8994 0.2091910       0       0       
GRID    20217   0       34.6873 17.4241 -0.020010       0       0       
GRID    20218   0       35.6727 16.9178 0.11699 0       0       0       
GRID    20219   0       34.6889 17.3931 0.3462010       0       0       
GRID    20220   0       33.8634 18.1787 0.2321760       0       0       
GRID    20221   0       34.8315 17.7109 0.0079550       0       0       
GRID    20222   0       35.8012 17.2127 0.1414390       0       0       
GRID    20223   0       34.8331 17.6805 0.36566 0       0       0       
GRID    20224   0       34.0232 18.458  0.2551610       0       0       
GRID    20225   0       34.9757 17.9976 0.0359300       0       0       
GRID    20226   0       35.9298 17.5076 0.1658870       0       0       
GRID    20227   0       34.9773 17.968  0.3851180       0       0       
GRID    20228   0       34.1831 18.7373 0.2781460       0       0       
GRID    20229   0       35.12   18.2844 0.0639050       0       0       
GRID    20230   0       36.0584 17.8025 0.1903360       0       0       
GRID    20231   0       35.1215 18.2554 0.4045770       0       0       
GRID    20232   0       34.3429 19.0166 0.3011310       0       0       
GRID    20233   0       35.2642 18.5711 0.0918800       0       0       
GRID    20234   0       36.187  18.0974 0.2147840       0       0       
GRID    20235   0       35.2657 18.5429 0.4240350       0       0       
GRID    20236   0       34.5028 19.2959 0.3241160       0       0       
GRID    20237   0       35.4084 18.8578 0.1198550       0       0       
GRID    20238   0       36.3156 18.3923 0.2392330       0       0       
GRID    20239   0       35.4099 18.8304 0.4434940       0       0       
GRID    20240   0       34.6626 19.5752 0.3471010       0       0       
GRID    20241   0       35.5527 19.1446 0.14783 0       0       0       
GRID    20242   0       36.4442 18.6872 0.2636810       0       0       
GRID    20243   0       35.5541 19.1178 0.4629530       0       0       
GRID    20244   0       34.8224 19.8545 0.3700860       0       0       
GRID    20245   0       35.6969 19.4313 0.1758050       0       0       
GRID    20246   0       36.5728 18.9821 0.28813 0       0       0       
GRID    20247   0       35.6983 19.4053 0.4824110       0       0       
GRID    20248   0       34.9823 20.1338 0.3930710       0       0       
GRID    20249   0       35.8412 19.718  0.20378 0       0       0       
GRID    20250   0       36.7014 19.2769 0.3125780       0       0       
GRID    20251   0       35.8425 19.6927 0.50187 0       0       0       
GRID    20252   0       35.1421 20.4131 0.4160560       0       0       
GRID    20253   0       35.9854 20.0048 0.2317550       0       0       
GRID    20254   0       36.8299 19.5718 0.3370270       0       0       
GRID    20255   0       35.9867 19.9802 0.5213280       0       0       
GRID    20256   0       35.3025 20.6943 0.4197940       0       0       
GRID    20257   0       36.1323 20.2907 0.2558250       0       0       
GRID    20258   0       36.9585 19.8658 0.3794020       0       0       
GRID    20259   0       36.1287 20.2694 0.5433710       0       0       
GRID    20260   0       35.4628 20.9739 0.4424630       0       0       
GRID    20261   0       36.2767 20.5782 0.2800110       0       0       
GRID    20262   0       37.087  20.1613 0.4028450       0       0       
GRID    20263   0       36.2731 20.5571 0.5652970       0       0       
GRID    20264   0       35.6231 21.2536 0.4651330       0       0       
GRID    20265   0       36.4211 20.8657 0.3041970       0       0       
GRID    20266   0       37.2156 20.4569 0.4262880       0       0       
GRID    20267   0       36.4176 20.8448 0.5872240       0       0       
GRID    20268   0       35.7834 21.5332 0.4878020       0       0       
GRID    20269   0       36.5655 21.1532 0.3283820       0       0       
GRID    20270   0       37.3442 20.7524 0.4497310       0       0       
GRID    20271   0       36.562  21.1324 0.60915 0       0       0       
GRID    20272   0       35.9436 21.8129 0.5104710       0       0       
GRID    20273   0       36.71   21.4407 0.3525680       0       0       
GRID    20274   0       37.4728 21.0479 0.4731740       0       0       
GRID    20275   0       36.7065 21.4201 0.6310770       0       0       
GRID    20276   0       36.1039 22.0925 0.53314 0       0       0       
GRID    20277   0       36.8544 21.7282 0.3767540       0       0       
GRID    20278   0       37.6013 21.3434 0.4966170       0       0       
GRID    20279   0       36.8509 21.7078 0.6530030       0       0       
GRID    20280   0       36.2642 22.3722 0.55581 0       0       0       
GRID    20281   0       36.9988 22.0157 0.40094 0       0       0       
GRID    20282   0       37.7299 21.6389 0.52006 0       0       0       
GRID    20283   0       36.9953 21.9954 0.67493 0       0       0       
GRID    20284   0       36.4245 22.6518 0.5784790       0       0       
GRID    20285   0       37.1432 22.3032 0.4251260       0       0       
GRID    20286   0       37.8585 21.9344 0.5435030       0       0       
GRID    20287   0       37.1398 22.2831 0.6968560       0       0       
GRID    20288   0       36.5848 22.9314 0.6011480       0       0       
GRID    20289   0       37.2876 22.5907 0.4493110       0       0       
GRID    20290   0       37.987  22.23   0.5669460       0       0       
GRID    20291   0       37.2842 22.5707 0.7187830       0       0       
GRID    20292   0       36.7451 23.2111 0.6238170       0       0       
GRID    20293   0       37.432  22.8782 0.4734970       0       0       
GRID    20294   0       38.1156 22.5255 0.5903890       0       0       
GRID    20295   0       37.4287 22.8584 0.7407090       0       0       
GRID    20296   0       36.9054 23.4907 0.6464870       0       0       
GRID    20297   0       37.5765 23.1656 0.4976830       0       0       
GRID    20298   0       38.2442 22.821  0.6138320       0       0       
GRID    20299   0       37.5731 23.1461 0.7626360       0       0       
GRID    20300   0       37.0657 23.7704 0.6691560       0       0       
GRID    20301   0       37.7209 23.4531 0.5218690       0       0       
GRID    20302   0       38.3727 23.1165 0.6372750       0       0       
GRID    20303   0       37.7176 23.4337 0.7845620       0       0       
GRID    20304   0       37.226  24.05   0.6918250       0       0       
GRID    20305   0       37.8653 23.7406 0.5460540       0       0       
GRID    20306   0       38.5013 23.412  0.6607180       0       0       
GRID    20307   0       37.862  23.7214 0.8064890       0       0       
GRID    20308   0       37.3863 24.3297 0.7144950       0       0       
GRID    20309   0       38.0097 24.0281 0.57024 0       0       0       
GRID    20310   0       38.6299 23.7075 0.6841610       0       0       
GRID    20311   0       38.0065 24.0091 0.8284160       0       0       
GRID    20312   0       37.5466 24.6093 0.7371640       0       0       
GRID    20313   0       38.1541 24.3156 0.5944260       0       0       
GRID    20314   0       38.7585 24.0031 0.7076040       0       0       
GRID    20315   0       38.1509 24.2967 0.8503420       0       0       
GRID    20316   0       37.7069 24.889  0.7598330       0       0       
GRID    20317   0       38.2985 24.6031 0.6186120       0       0       
GRID    20318   0       38.887  24.2986 0.7310470       0       0       
GRID    20319   0       38.2954 24.5844 0.8722690       0       0       
GRID    20320   0       37.8672 25.1686 0.7825020       0       0       
GRID    20321   0       38.443  24.8906 0.6427980       0       0       
GRID    20322   0       39.0156 24.5941 0.75449 0       0       0       
GRID    20323   0       38.4398 24.8721 0.8941950       0       0       
GRID    20324   0       38.0275 25.4483 0.8051720       0       0       
GRID    20325   0       38.5874 25.1781 0.6669830       0       0       
GRID    20326   0       39.1442 24.8896 0.7779340       0       0       
GRID    20327   0       38.5843 25.1597 0.9161220       0       0       
GRID    20328   0       38.1878 25.7279 0.8278410       0       0       
GRID    20329   0       38.7318 25.4656 0.6911690       0       0       
GRID    20330   0       39.2727 25.1851 0.8013770       0       0       
GRID    20331   0       38.7287 25.4474 0.9380480       0       0       
GRID    20332   0       38.3481 26.0075 0.85051 0       0       0       
GRID    20333   0       38.8762 25.7531 0.7153550       0       0       
GRID    20334   0       39.4013 25.4806 0.82482 0       0       0       
GRID    20335   0       38.8731 25.7351 0.9599750       0       0       
GRID    20336   0       38.5084 26.2872 0.8731790       0       0       
GRID    20337   0       39.0206 26.0406 0.7395410       0       0       
GRID    20338   0       39.5299 25.7761 0.8482630       0       0       
GRID    20339   0       39.0176 26.0227 0.9819010       0       0       
GRID    20340   0       38.6686 26.5668 0.8958490       0       0       
GRID    20341   0       39.1651 26.3281 0.7637270       0       0       
GRID    20342   0       39.6585 26.0717 0.8717060       0       0       
GRID    20343   0       39.162  26.3104 1.00383 0       0       0       
GRID    20344   0       38.8289 26.8465 0.9185180       0       0       
GRID    20345   0       39.3095 26.6156 0.7879120       0       0       
GRID    20346   0       39.787  26.3672 0.8951490       0       0       
GRID    20347   0       39.3065 26.598  1.02575 0       0       0       
GRID    20348   0       38.9892 27.1261 0.9411870       0       0       
GRID    20349   0       39.4539 26.9031 0.8120980       0       0       
GRID    20350   0       39.9156 26.6627 0.9185920       0       0       
GRID    20351   0       39.4509 26.8857 1.04768 0       0       0       
GRID    20352   0       39.1495 27.4058 0.9638560       0       0       
GRID    20353   0       39.5983 27.1906 0.8362840       0       0       
GRID    20354   0       40.0442 26.9582 0.9420350       0       0       
GRID    20355   0       39.5954 27.1734 1.06961 0       0       0       
GRID    20356   0       39.3098 27.6854 0.9865260       0       0       
GRID    20357   0       39.7427 27.4781 0.86047 0       0       0       
GRID    20358   0       40.1727 27.2537 0.9654780       0       0       
GRID    20359   0       39.7398 27.461  1.09153 0       0       0       
GRID    20360   0       39.4701 27.9651 1.00919 0       0       0       
GRID    20361   0       39.8871 27.7656 0.8846560       0       0       
GRID    20362   0       40.3013 27.5492 0.9889210       0       0       
GRID    20363   0       39.8843 27.7487 1.11346 0       0       0       
GRID    20364   0       39.6304 28.2447 1.03186 0       0       0       
GRID    20365   0       40.0316 28.0531 0.9088410       0       0       
GRID    20366   0       40.4299 27.8448 1.01236 0       0       0       
GRID    20367   0       40.0287 28.0364 1.13539 0       0       0       
GRID    20368   0       39.7907 28.5244 1.05453 0       0       0       
GRID    20369   0       40.176  28.3406 0.9330270       0       0       
GRID    20370   0       40.5584 28.1403 1.03581 0       0       0       
GRID    20371   0       40.1732 28.324  1.15731 0       0       0       
GRID    20372   0       39.951  28.804  1.0772  0       0       0       
GRID    20373   0       40.3204 28.6281 0.9572130       0       0       
GRID    20374   0       40.687  28.4358 1.05925 0       0       0       
GRID    20375   0       40.3176 28.6117 1.17924 0       0       0       
GRID    20376   0       40.0228 28.9082 1.08214 0       0       0       
GRID    20377   0       40.4657 28.9163 0.9814660       0       0       
GRID    20378   0       40.9041 28.9067 1.10043 0       0       0       
GRID    20379   0       40.4611 28.8987 1.2011  0       0       0       
RBE0    2000    2000    20000   20001   20002   20003   
RBE0    2001    2001    20004   20005   20006   20007   
RBE0    2002    2002    20008   20009   20010   20011   
RBE0    2003    2003    20012   20013   20014   20015   
RBE0    2004    2004    20016   20017   20018   20019   
RBE0    2005    2005    20020   20021   20022   20023   
RBE0    2006    2006    20024   20025   20026   20027   
RBE0    2007    2007    20028   20029   20030   20031   
RBE0    2008    2008    20032   20033   20034   20035   
RBE0    2009    2009    20036   20037   20038   20039   
RBE0    2010    2010    20040   20041   20042   20043   
RBE0    2011    2011    20044   20045   20046   20047   
RBE0    2012    2012    20048   20049   20050   20051   
RBE0    2013    2013    20052   20053   20054   20055   
RBE0    2014    2014    20056   20057   20058   20059   
RBE0    2015    2015    20060   20061   20062   20063   
RBE0    2016    2016    20064   20065   20066   20067   
RBE0    2017    2017    20068   20069   20070   20071   
RBE0    2018    2018    20072   20073   20074   20075   
RBE0    2019    2019    20076   20077   20078   20079   
RBE0    2020    2020    20080   20081   20082   20083   
RBE0    2021    2021    20084   20085   20086   20087   
RBE0    2022    2022    20088   20089   20090   20091   
RBE0    2023    2023    20092   20093   20094   20095   
RBE0    2024    2024    20096   20097   20098   20099   
RBE0    2025    2025    20100   20101   20102   20103   
RBE0    2026    2026    20104   20105   20106   20107   
RBE0    2027    2027    20108   20109   20110   20111   
RBE0    2028    2028    20112   20113   20114   20115   
RBE0    2029    2029    20116   20117   20118   20119   
RBE0    2030    2030    20120   20121   20122   20123   
RBE0    2031    2031    20124   20125   20126   20127   
RBE0    2032    2032    20128   20129   20130   20131   
RBE0    2033    2033    20132   20133   20134   20135   
RBE0    2034    2034    20136   20137   20138   20139   
RBE0    2035    2035    20140   20141   20142   20143   
RBE0    2036    2036    20144   20145   20146   20147   
RBE0    2037    2037    20148   20149   20150   20151   
RBE0    2038    2038    20152   20153   20154   20155   
RBE0    2039    2039    20156   20157   20158   20159   
RBE0    2040    2040    20160   20161   20162   20163   
RBE0    2041    2041    20164   20165   20166   20167   
RBE0    2042    2042    20168   20169   20170   20171   
RBE0    2043    2043    20172   20173   20174   20175   
RBE0    2044    2044    20176   20177   20178   20179   
RBE0    2045    2045    20180   20181   20182   20183   
RBE0    2046    2046    20184   20185   20186   20187   
RBE0    2047    2047    20188   20189   20190   20191   
RBE0    2048    2048    20192   20193   20194   20195   
RBE0    2049    2049    20196   20197   20198   20199   
RBE0    2050    2050    20200   20201   20202   20203   
RBE0    2051    2051    20204   20205   20206   20207   
RBE0    2052    2052    20208   20209   20210   20211   
RBE0    2053    2053    20212   20213   20214   20215   
RBE0    2054    2054    20216   20217   20218   20219   
RBE0    2055    2055    20220   20221   20222   20223   
RBE0    2056    2056    20224   20225   20226   20227   
RBE0    2057    2057    20228   20229   20230   20231   
RBE0    2058    2058    20232   20233   20234   20235   
RBE0    2059    2059    20236   20237   20238   20239   
RBE0    2060    2060    20240   20241   20242   20243   
RBE0    2061    2061    20244   20245   20246   20247   
RBE0    2062    2062    20248   20249   20250   20251   
RBE0    2063    2063    20252   20253   20254   20255   
RBE0    2064    2064    20256   20257   20258   20259   
RBE0    2065    2065    20260   20261   20262   20263   
RBE0    2066    2066    20264   20265   20266   20267   
RBE0    2067    2067    20268   20269   20270   20271   
RBE0    2068    2068    20272   20273   20274   20275   
RBE0    2069    2069    20276   20277   20278   20279   
RBE0    2070    2070    20280   20281   20282   20283   
RBE0    2071    2071    20284   20285   20286   20287   
RBE0    2072    2072    20288   20289   20290   20291   
RBE0    2073    2073    20292   20293   20294   20295   
RBE0    2074    2074    20296   20297   20298   20299   
RBE0    2075    2075    20300   20301   20302   20303   
RBE0    2076    2076    20304   20305   20306   20307   
RBE0    2077    2077    20308   20309   20310   20311   
RBE0    2078    2078    20312   20313   20314   20315   
RBE0    2079    2079    20316   20317   20318   20319   
RBE0    2080    2080    20320   20321   20322   20323   
RBE0    2081    2081    20324   20325   20326   20327   
RBE0    2082    2082    20328   20329   20330   20331   
RBE0    2083    2083    20332   20333   20334   20335   
RBE0    2084    2084    20336   20337   20338   20339   
RBE0    2085    2085    20340   20341   20342   20343   
RBE0    2086    2086    20344   20345   20346   20347   
RBE0    2087    2087    20348   20349   20350   20351   
RBE0    2088    2088    20352   20353   20354   20355   
RBE0    2089    2089    20356   20357   20358   20359   
RBE0    2090    2090    20360   20361   20362   20363   
RBE0    2091    2091    20364   20365   20366   20367   
RBE0    2092    2092    20368   20369   20370   20371   
RBE0    2093    2093    20372   20373   20374   20375   
RBE0    2094    2094    20376   20377   20378   20379   
GRID    20380   0       25.1555 -1.41   -1.128  0       0       0       
GRID    20381   0       27.2602 -1.41   -1.752840       0       0       
GRID    20382   0       29.3649 -1.41   -1.128  0       0       0       
GRID    20383   0       27.2602 -1.41   -0.503160       0       0       
GRID    20384   0       25.3931 -2.82   -1.128  0       0       0       
GRID    20385   0       27.2602 -2.82   -1.752840       0       0       
GRID    20386   0       29.1273 -2.82   -1.128  0       0       0       
GRID    20387   0       27.2602 -2.82   -0.503160       0       0       
GRID    20388   0       25.758  -3.93829-0.936110       0       0       
GRID    20389   0       27.3809 -3.16946-1.705680       0       0       
GRID    20390   0       29.0514 -2.25714-1.265410       0       0       
GRID    20391   0       27.4286 -3.02597-0.495840       0       0       
GRID    20392   0       25.9122 -4.21105-0.909840       0       0       
GRID    20393   0       27.5259 -3.44538-1.663340       0       0       
GRID    20394   0       29.1862 -2.53981-1.2372 0       0       0       
GRID    20395   0       27.5725 -3.30548-0.483700       0       0       
GRID    20396   0       26.0664 -4.48381-0.883570       0       0       
GRID    20397   0       27.671  -3.72131-1.621  0       0       0       
GRID    20398   0       29.321  -2.82248-1.208990       0       0       
GRID    20399   0       27.7164 -3.58498-0.471560       0       0       
GRID    20400   0       26.2206 -4.75657-0.857300       0       0       
GRID    20401   0       27.8161 -3.99723-1.578660       0       0       
GRID    20402   0       29.4558 -3.10515-1.180780       0       0       
GRID    20403   0       27.8602 -3.86449-0.459420       0       0       
GRID    20404   0       26.3748 -5.02934-0.831030       0       0       
GRID    20405   0       27.9612 -4.27316-1.536330       0       0       
GRID    20406   0       29.5905 -3.38782-1.152570       0       0       
GRID    20407   0       28.0041 -4.14399-0.447280       0       0       
GRID    20408   0       26.5289 -5.3021 -0.804770       0       0       
GRID    20409   0       28.1063 -4.54908-1.493990       0       0       
GRID    20410   0       29.7253 -3.67049-1.124360       0       0       
GRID    20411   0       28.148  -4.4235 -0.435140       0       0       
GRID    20412   0       26.6831 -5.57486-0.778500       0       0       
GRID    20413   0       28.2513 -4.82501-1.451650       0       0       
GRID    20414   0       29.8601 -3.95315-1.096160       0       0       
GRID    20415   0       28.2919 -4.70301-0.423000       0       0       
GRID    20416   0       26.8373 -5.84762-0.752230       0       0       
GRID    20417   0       28.3964 -5.10093-1.409320       0       0       
GRID    20418   0       29.9949 -4.23582-1.067950       0       0       
GRID    20419   0       28.4358 -4.98251-0.410860       0       0       
GRID    20420   0       26.9915 -6.12038-0.725960       0       0       
GRID    20421   0       28.5415 -5.37686-1.366980       0       0       
GRID    20422   0       30.1297 -4.51849-1.039740       0       0       
GRID    20423   0       28.5797 -5.26202-0.398720       0       0       
GRID    20424   0       27.1457 -6.39314-0.699690       0       0       
GRID    20425   0       28.6866 -5.65278-1.324640       0       0       
GRID    20426   0       30.2644 -4.80116-1.011530       0       0       
GRID    20427   0       28.7236 -5.54152-0.386580       0       0       
GRID    20428   0       27.2999 -6.6659 -0.673420       0       0       
GRID    20429   0       28.8317 -5.9287 -1.282310       0       0       
GRID    20430   0       30.3992 -5.08383-0.983310       0       0       
GRID    20431   0       28.8675 -5.82103-0.374440       0       0       
GRID    20432   0       27.4541 -6.93866-0.647160       0       0       
GRID    20433   0       28.9767 -6.20463-1.239970       0       0       
GRID    20434   0       30.534  -5.3665 -0.955100       0       0       
GRID    20435   0       29.0114 -6.10053-0.3623 0       0       0       
GRID    20436   0       27.6083 -7.21142-0.620890       0       0       
GRID    20437   0       29.1218 -6.48055-1.197630       0       0       
GRID    20438   0       30.6688 -5.64917-0.9269 0       0       0       
GRID    20439   0       29.1552 -6.38004-0.350160       0       0       
GRID    20440   0       27.7625 -7.48418-0.594620       0       0       
GRID    20441   0       29.2669 -6.75648-1.155290       0       0       
GRID    20442   0       30.8036 -5.93184-0.898690       0       0       
GRID    20443   0       29.2991 -6.65955-0.338010       0       0       
GRID    20444   0       27.9167 -7.75694-0.568350       0       0       
GRID    20445   0       29.412  -7.0324 -1.112960       0       0       
GRID    20446   0       30.9383 -6.21451-0.870480       0       0       
GRID    20447   0       29.443  -6.93905-0.325870       0       0       
GRID    20448   0       28.0709 -8.0297 -0.542080       0       0       
GRID    20449   0       29.5571 -7.30833-1.070620       0       0       
GRID    20450   0       31.0731 -6.49718-0.842270       0       0       
GRID    20451   0       29.5869 -7.21856-0.313730       0       0       
GRID    20452   0       28.225  -8.30246-0.515810       0       0       
GRID    20453   0       29.7021 -7.58425-1.028280       0       0       
GRID    20454   0       31.2079 -6.77985-0.814060       0       0       
GRID    20455   0       29.7308 -7.49806-0.301590       0       0       
GRID    20456   0       28.3792 -8.57523-0.489550       0       0       
GRID    20457   0       29.8472 -7.86018-0.985940       0       0       
GRID    20458   0       31.3427 -7.06252-0.785850       0       0       
GRID    20459   0       29.8747 -7.77757-0.289450       0       0       
GRID    20460   0       28.5334 -8.84799-0.463280       0       0       
GRID    20461   0       29.9923 -8.1361 -0.943610       0       0       
GRID    20462   0       31.4775 -7.34519-0.757640       0       0       
GRID    20463   0       30.0186 -8.05708-0.277310       0       0       
GRID    20464   0       28.6876 -9.12075-0.437010       0       0       
GRID    20465   0       30.1374 -8.41202-0.901270       0       0       
GRID    20466   0       31.6122 -7.62786-0.729430       0       0       
GRID    20467   0       30.1625 -8.33658-0.265170       0       0       
GRID    20468   0       28.8059 -9.35545-0.493870       0       0       
GRID    20469   0       30.2735 -8.64995-0.877770       0       0       
GRID    20470   0       31.744  -7.89095-0.631440       0       0       
GRID    20471   0       30.2764 -8.59646-0.247540       0       0       
GRID    20472   0       28.9466 -9.59656-0.474040       0       0       
GRID    20473   0       30.3986 -8.89849-0.852950       0       0       
GRID    20474   0       31.8534 -8.14764-0.610150       0       0       
GRID    20475   0       30.4014 -8.84572-0.231240       0       0       
GRID    20476   0       29.0872 -9.83767-0.454210       0       0       
GRID    20477   0       30.5236 -9.14702-0.828130       0       0       
GRID    20478   0       31.9628 -8.40433-0.588860       0       0       
GRID    20479   0       30.5264 -9.09498-0.214940       0       0       
GRID    20480   0       29.2279 -10.0788-0.434380       0       0       
GRID    20481   0       30.6487 -9.39556-0.803310       0       0       
GRID    20482   0       32.0722 -8.66102-0.567560       0       0       
GRID    20483   0       30.6514 -9.34424-0.198640       0       0       
GRID    20484   0       29.3877 -10.3581-0.411400       0       0       
GRID    20485   0       30.7929 -9.6823 -0.775340       0       0       
GRID    20486   0       32.2008 -8.95591-0.543120       0       0       
GRID    20487   0       30.7956 -9.6317 -0.179180       0       0       
GRID    20488   0       29.5476 -10.6374-0.388410       0       0       
GRID    20489   0       30.9371 -9.96903-0.747360       0       0       
GRID    20490   0       32.3294 -9.25079-0.518670       0       0       
GRID    20491   0       30.9398 -9.91915-0.159720       0       0       
GRID    20492   0       29.7074 -10.9167-0.365430       0       0       
GRID    20493   0       31.0814 -10.2558-0.719390       0       0       
GRID    20494   0       32.4579 -9.54568-0.494220       0       0       
GRID    20495   0       31.084  -10.2066-0.140260       0       0       
GRID    20496   0       29.8673 -11.196 -0.342440       0       0       
GRID    20497   0       31.2256 -10.5425-0.691410       0       0       
GRID    20498   0       32.5865 -9.84057-0.469770       0       0       
GRID    20499   0       31.2282 -10.4941-0.120800       0       0       
GRID    20500   0       30.0271 -11.4753-0.319460       0       0       
GRID    20501   0       31.3699 -10.8292-0.663440       0       0       
GRID    20502   0       32.7151 -10.1355-0.445320       0       0       
GRID    20503   0       31.3724 -10.7815-0.101340       0       0       
GRID    20504   0       30.187  -11.7546-0.296470       0       0       
GRID    20505   0       31.5141 -11.116 -0.635460       0       0       
GRID    20506   0       32.8437 -10.4303-0.420870       0       0       
GRID    20507   0       31.5166 -11.069 -0.081880       0       0       
GRID    20508   0       30.3468 -12.0339-0.273490       0       0       
GRID    20509   0       31.6583 -11.4027-0.607490       0       0       
GRID    20510   0       32.9723 -10.7252-0.396420       0       0       
GRID    20511   0       31.6608 -11.3564-0.062420       0       0       
GRID    20512   0       30.5067 -12.3132-0.250500       0       0       
GRID    20513   0       31.8026 -11.6894-0.579510       0       0       
GRID    20514   0       33.1009 -11.0201-0.371980       0       0       
GRID    20515   0       31.805  -11.6439-0.042970       0       0       
GRID    20516   0       30.6665 -12.5925-0.227520       0       0       
GRID    20517   0       31.9468 -11.9762-0.551540       0       0       
GRID    20518   0       33.2295 -11.315 -0.347530       0       0       
GRID    20519   0       31.9492 -11.9314-0.023510       0       0       
GRID    20520   0       30.8263 -12.8718-0.204530       0       0       
GRID    20521   0       32.091  -12.2629-0.523560       0       0       
GRID    20522   0       33.3581 -11.6099-0.323080       0       0       
GRID    20523   0       32.0934 -12.2188-0.004050       0       0       
GRID    20524   0       30.9862 -13.1512-0.181550       0       0       
GRID    20525   0       32.2353 -12.5496-0.495590       0       0       
GRID    20526   0       33.4867 -11.9048-0.298630       0       0       
GRID    20527   0       32.2376 -12.50630.0154040       0       0       
GRID    20528   0       31.146  -13.4305-0.158560       0       0       
GRID    20529   0       32.3795 -12.8364-0.467610       0       0       
GRID    20530   0       33.6152 -12.1997-0.274180       0       0       
GRID    20531   0       32.3818 -12.79370.0348630       0       0       
GRID    20532   0       31.3059 -13.7098-0.135580       0       0       
GRID    20533   0       32.5237 -13.1231-0.439640       0       0       
GRID    20534   0       33.7438 -12.4945-0.249730       0       0       
GRID    20535   0       32.526  -13.08120.0543210       0       0       
GRID    20536   0       31.4657 -13.9891-0.112590       0       0       
GRID    20537   0       32.668  -13.4099-0.411660       0       0       
GRID    20538   0       33.8724 -12.7894-0.225280       0       0       
GRID    20539   0       32.6702 -13.36870.0737800       0       0       
GRID    20540   0       31.6256 -14.2684-0.089610       0       0       
GRID    20541   0       32.8122 -13.6966-0.383690       0       0       
GRID    20542   0       34.001  -13.0843-0.200840       0       0       
GRID    20543   0       32.8144 -13.65610.0932390       0       0       
GRID    20544   0       31.7854 -14.5477-0.066620       0       0       
GRID    20545   0       32.9564 -13.9833-0.355710       0       0       
GRID    20546   0       34.1296 -13.3792-0.176390       0       0       
GRID    20547   0       32.9586 -13.94360.1126980       0       0       
GRID    20548   0       31.9453 -14.827 -0.043640       0       0       
GRID    20549   0       33.1007 -14.2701-0.327740       0       0       
GRID    20550   0       34.2582 -13.6741-0.151940       0       0       
GRID    20551   0       33.1028 -14.231 0.1321560       0       0       
GRID    20552   0       32.1051 -15.1063-0.020650       0       0       
GRID    20553   0       33.2449 -14.5568-0.299760       0       0       
GRID    20554   0       34.3868 -13.969 -0.127490       0       0       
GRID    20555   0       33.247  -14.51850.1516150       0       0       
GRID    20556   0       32.2649 -15.38560.0023260       0       0       
GRID    20557   0       33.3892 -14.8435-0.271790       0       0       
GRID    20558   0       34.5154 -14.2639-0.103040       0       0       
GRID    20559   0       33.3911 -14.80590.1710730       0       0       
GRID    20560   0       32.4248 -15.66490.0253110       0       0       
GRID    20561   0       33.5334 -15.1303-0.243810       0       0       
GRID    20562   0       34.6439 -14.5588-0.078590       0       0       
GRID    20563   0       33.5353 -15.09340.1905320       0       0       
GRID    20564   0       32.5846 -15.94420.0482960       0       0       
GRID    20565   0       33.6776 -15.417 -0.215840       0       0       
GRID    20566   0       34.7725 -14.8536-0.054140       0       0       
GRID    20567   0       33.6795 -15.38090.2099910       0       0       
GRID    20568   0       32.7445 -16.22350.0712810       0       0       
GRID    20569   0       33.8219 -15.7037-0.187860       0       0       
GRID    20570   0       34.9011 -15.1485-0.029700       0       0       
GRID    20571   0       33.8237 -15.66830.2294490       0       0       
GRID    20572   0       32.9043 -16.50280.0942660       0       0       
GRID    20573   0       33.9661 -15.9905-0.159890       0       0       
GRID    20574   0       35.0297 -15.4434-0.005250       0       0       
GRID    20575   0       33.9679 -15.95580.2489080       0       0       
GRID    20576   0       33.0642 -16.78210.1172510       0       0       
GRID    20577   0       34.1103 -16.2772-0.131910       0       0       
GRID    20578   0       35.1583 -15.73830.0191960       0       0       
GRID    20579   0       34.1121 -16.24320.2683670       0       0       
GRID    20580   0       33.224  -17.06140.1402360       0       0       
GRID    20581   0       34.2546 -16.5639-0.103940       0       0       
GRID    20582   0       35.2869 -16.03320.0436440       0       0       
GRID    20583   0       34.2563 -16.53070.2878250       0       0       
GRID    20584   0       33.3838 -17.34080.1632210       0       0       
GRID    20585   0       34.3988 -16.8507-0.075960       0       0       
GRID    20586   0       35.4155 -16.32810.0680930       0       0       
GRID    20587   0       34.4005 -16.81810.3072840       0       0       
GRID    20588   0       33.5437 -17.62010.1862060       0       0       
GRID    20589   0       34.543  -17.1374-0.047990       0       0       
GRID    20590   0       35.5441 -16.623 0.0925410       0       0       
GRID    20591   0       34.5447 -17.10560.3267420       0       0       
GRID    20592   0       33.7035 -17.89940.2091910       0       0       
GRID    20593   0       34.6873 -17.4241-0.020010       0       0       
GRID    20594   0       35.6727 -16.91780.11699 0       0       0       
GRID    20595   0       34.6889 -17.39310.3462010       0       0       
GRID    20596   0       33.8634 -18.17870.2321760       0       0       
GRID    20597   0       34.8315 -17.71090.0079550       0       0       
GRID    20598   0       35.8012 -17.21270.1414390       0       0       
GRID    20599   0       34.8331 -17.68050.36566 0       0       0       
GRID    20600   0       34.0232 -18.458 0.2551610       0       0       
GRID    20601   0       34.9757 -17.99760.0359300       0       0       
GRID    20602   0       35.9298 -17.50760.1658870       0       0       
GRID    20603   0       34.9773 -17.968 0.3851180       0       0       
GRID    20604   0       34.1831 -18.73730.2781460       0       0       
GRID    20605   0       35.12   -18.28440.0639050       0       0       
GRID    20606   0       36.0584 -17.80250.1903360       0       0       
GRID    20607   0       35.1215 -18.25540.4045770       0       0       
GRID    20608   0       34.3429 -19.01660.3011310       0       0       
GRID    20609   0       35.2642 -18.57110.0918800       0       0       
GRID    20610   0       36.187  -18.09740.2147840       0       0       
GRID    20611   0       35.2657 -18.54290.4240350       0       0       
GRID    20612   0       34.5028 -19.29590.3241160       0       0       
GRID    20613   0       35.4084 -18.85780.1198550       0       0       
GRID    20614   0       36.3156 -18.39230.2392330       0       0       
GRID    20615   0       35.4099 -18.83040.4434940       0       0       
GRID    20616   0       34.6626 -19.57520.3471010       0       0       
GRID    20617   0       35.5527 -19.14460.14783 0       0       0       
GRID    20618   0       36.4442 -18.68720.2636810       0       0       
GRID    20619   0       35.5541 -19.11780.4629530       0       0       
GRID    20620   0       34.8224 -19.85450.3700860       0       0       
GRID    20621   0       35.6969 -19.43130.1758050       0       0       
GRID    20622   0       36.5728 -18.98210.28813 0       0       0       
GRID    20623   0       35.6983 -19.40530.4824110       0       0       
GRID    20624   0       34.9823 -20.13380.3930710       0       0       
GRID    20625   0       35.8412 -19.718 0.20378 0       0       0       
GRID    20626   0       36.7014 -19.27690.3125780       0       0       
GRID    20627   0       35.8425 -19.69270.50187 0       0       0       
GRID    20628   0       35.1421 -20.41310.4160560       0       0       
GRID    20629   0       35.9854 -20.00480.2317550       0       0       
GRID    20630   0       36.8299 -19.57180.3370270       0       0       
GRID    20631   0       35.9867 -19.98020.5213280       0       0       
GRID    20632   0       35.3025 -20.69430.4197940       0       0       
GRID    20633   0       36.1323 -20.29070.2558250       0       0       
GRID    20634   0       36.9585 -19.86580.3794020       0       0       
GRID    20635   0       36.1287 -20.26940.5433710       0       0       
GRID    20636   0       35.4628 -20.97390.4424630       0       0       
GRID    20637   0       36.2767 -20.57820.2800110       0       0       
GRID    20638   0       37.087  -20.16130.4028450       0       0       
GRID    20639   0       36.2731 -20.55710.5652970       0       0       
GRID    20640   0       35.6231 -21.25360.4651330       0       0       
GRID    20641   0       36.4211 -20.86570.3041970       0       0       
GRID    20642   0       37.2156 -20.45690.4262880       0       0       
GRID    20643   0       36.4176 -20.84480.5872240       0       0       
GRID    20644   0       35.7834 -21.53320.4878020       0       0       
GRID    20645   0       36.5655 -21.15320.3283820       0       0       
GRID    20646   0       37.3442 -20.75240.4497310       0       0       
GRID    20647   0       36.562  -21.13240.60915 0       0       0       
GRID    20648   0       35.9436 -21.81290.5104710       0       0       
GRID    20649   0       36.71   -21.44070.3525680       0       0       
GRID    20650   0       37.4728 -21.04790.4731740       0       0       
GRID    20651   0       36.7065 -21.42010.6310770       0       0       
GRID    20652   0       36.1039 -22.09250.53314 0       0       0       
GRID    20653   0       36.8544 -21.72820.3767540       0       0       
GRID    20654   0       37.6013 -21.34340.4966170       0       0       
GRID    20655   0       36.8509 -21.70780.6530030       0       0       
GRID    20656   0       36.2642 -22.37220.55581 0       0       0       
GRID    20657   0       36.9988 -22.01570.40094 0       0       0       
GRID    20658   0       37.7299 -21.63890.52006 0       0       0       
GRID    20659   0       36.9953 -21.99540.67493 0       0       0       
GRID    20660   0       36.4245 -22.65180.5784790       0       0       
GRID    20661   0       37.1432 -22.30320.4251260       0       0       
GRID    20662   0       37.8585 -21.93440.5435030       0       0       
GRID    20663   0       37.1398 -22.28310.6968560       0       0       
GRID    20664   0       36.5848 -22.93140.6011480       0       0       
GRID    20665   0       37.2876 -22.59070.4493110       0       0       
GRID    20666   0       37.987  -22.23  0.5669460       0       0       
GRID    20667   0       37.2842 -22.57070.7187830       0       0       
GRID    20668   0       36.7451 -23.21110.6238170       0       0       
GRID    20669   0       37.432  -22.87820.4734970       0       0       
GRID    20670   0       38.1156 -22.52550.5903890       0       0       
GRID    20671   0       37.4287 -22.85840.7407090       0       0       
GRID    20672   0       36.9054 -23.49070.6464870       0       0       
GRID    20673   0       37.5765 -23.16560.4976830       0       0       
GRID    20674   0       38.2442 -22.821 0.6138320       0       0       
GRID    20675   0       37.5731 -23.14610.7626360       0       0       
GRID    20676   0       37.0657 -23.77040.6691560       0       0       
GRID    20677   0       37.7209 -23.45310.5218690       0       0       
GRID    20678   0       38.3727 -23.11650.6372750       0       0       
GRID    20679   0       37.7176 -23.43370.7845620       0       0       
GRID    20680   0       37.226  -24.05  0.6918250       0       0       
GRID    20681   0       37.8653 -23.74060.5460540       0       0       
GRID    20682   0       38.5013 -23.412 0.6607180       0       0       
GRID    20683   0       37.862  -23.72140.8064890       0       0       
GRID    20684   0       37.3863 -24.32970.7144950       0       0       
GRID    20685   0       38.0097 -24.02810.57024 0       0       0       
GRID    20686   0       38.6299 -23.70750.6841610       0       0       
GRID    20687   0       38.0065 -24.00910.8284160       0       0       
GRID    20688   0       37.5466 -24.60930.7371640       0       0       
GRID    20689   0       38.1541 -24.31560.5944260       0       0       
GRID    20690   0       38.7585 -24.00310.7076040       0       0       
GRID    20691   0       38.1509 -24.29670.8503420       0       0       
GRID    20692   0       37.7069 -24.889 0.7598330       0       0       
GRID    20693   0       38.2985 -24.60310.6186120       0       0       
GRID    20694   0       38.887  -24.29860.7310470       0       0       
GRID    20695   0       38.2954 -24.58440.8722690       0       0       
GRID    20696   0       37.8672 -25.16860.7825020       0       0       
GRID    20697   0       38.443  -24.89060.6427980       0       0       
GRID    20698   0       39.0156 -24.59410.75449 0       0       0       
GRID    20699   0       38.4398 -24.87210.8941950       0       0       
GRID    20700   0       38.0275 -25.44830.8051720       0       0       
GRID    20701   0       38.5874 -25.17810.6669830       0       0       
GRID    20702   0       39.1442 -24.88960.7779340       0       0       
GRID    20703   0       38.5843 -25.15970.9161220       0       0       
GRID    20704   0       38.1878 -25.72790.8278410       0       0       
GRID    20705   0       38.7318 -25.46560.6911690       0       0       
GRID    20706   0       39.2727 -25.18510.8013770       0       0       
GRID    20707   0       38.7287 -25.44740.9380480       0       0       
GRID    20708   0       38.3481 -26.00750.85051 0       0       0       
GRID    20709   0       38.8762 -25.75310.7153550       0       0       
GRID    20710   0       39.4013 -25.48060.82482 0       0       0       
GRID    20711   0       38.8731 -25.73510.9599750       0       0       
GRID    20712   0       38.5084 -26.28720.8731790       0       0       
GRID    20713   0       39.0206 -26.04060.7395410       0       0       
GRID    20714   0       39.5299 -25.77610.8482630       0       0       
GRID    20715   0       39.0176 -26.02270.9819010       0       0       
GRID    20716   0       38.6686 -26.56680.8958490       0       0       
GRID    20717   0       39.1651 -26.32810.7637270       0       0       
GRID    20718   0       39.6585 -26.07170.8717060       0       0       
GRID    20719   0       39.162  -26.31041.00383 0       0       0       
GRID    20720   0       38.8289 -26.84650.9185180       0       0       
GRID    20721   0       39.3095 -26.61560.7879120       0       0       
GRID    20722   0       39.787  -26.36720.8951490       0       0       
GRID    20723   0       39.3065 -26.598 1.02575 0       0       0       
GRID    20724   0       38.9892 -27.12610.9411870       0       0       
GRID    20725   0       39.4539 -26.90310.8120980       0       0       
GRID    20726   0       39.9156 -26.66270.9185920       0       0       
GRID    20727   0       39.4509 -26.88571.04768 0       0       0       
GRID    20728   0       39.1495 -27.40580.9638560       0       0       
GRID    20729   0       39.5983 -27.19060.8362840       0       0       
GRID    20730   0       40.0442 -26.95820.9420350       0       0       
GRID    20731   0       39.5954 -27.17341.06961 0       0       0       
GRID    20732   0       39.3098 -27.68540.9865260       0       0       
GRID    20733   0       39.7427 -27.47810.86047 0       0       0       
GRID    20734   0       40.1727 -27.25370.9654780       0       0       
GRID    20735   0       39.7398 -27.461 1.09153 0       0       0       
GRID    20736   0       39.4701 -27.96511.00919 0       0       0       
GRID    20737   0       39.8871 -27.76560.8846560       0       0       
GRID    20738   0       40.3013 -27.54920.9889210       0       0       
GRID    20739   0       39.8843 -27.74871.11346 0       0       0       
GRID    20740   0       39.6304 -28.24471.03186 0       0       0       
GRID    20741   0       40.0316 -28.05310.9088410       0       0       
GRID    20742   0       40.4299 -27.84481.01236 0       0       0       
GRID    20743   0       40.0287 -28.03641.13539 0       0       0       
GRID    20744   0       39.7907 -28.52441.05453 0       0       0       
GRID    20745   0       40.176  -28.34060.9330270       0       0       
GRID    20746   0       40.5584 -28.14031.03581 0       0       0       
GRID    20747   0       40.1732 -28.324 1.15731 0       0       0       
GRID    20748   0       39.951  -28.804 1.0772  0       0       0       
GRID    20749   0       40.3204 -28.62810.9572130       0       0       
GRID    20750   0       40.687  -28.43581.05925 0       0       0       
GRID    20751   0       40.3176 -28.61171.17924 0       0       0       
GRID    20752   0       40.0228 -28.90821.08214 0       0       0       
GRID    20753   0       40.4657 -28.91630.9814660       0       0       
GRID    20754   0       40.9041 -28.90671.10043 0       0       0       
GRID    20755   0       40.4611 -28.89871.2011  0       0       0       
RBE0    2095    2095    20380   20381   20382   20383   
RBE0    2096    2096    20384   20385   20386   20387   
RBE0    2097    2097    20388   20389   20390   20391   
RBE0    2098    2098    20392   20393   20394   20395   
RBE0    2099    2099    20396   20397   20398   20399   
RBE0    2100    2100    20400   20401   20402   20403   
RBE0    2101    2101    20404   20405   20406   20407   
RBE0    2102    2102    20408   20409   20410   20411   
RBE0    2103    2103    20412   20413   20414   20415   
RBE0    2104    2104    20416   20417   20418   20419   
RBE0    2105    2105    20420   20421   20422   20423   
RBE0    2106    2106    20424   20425   20426   20427   
RBE0    2107    2107    20428   20429   20430   20431   
RBE0    2108    2108    20432   20433   20434   20435   
RBE0    2109    2109    20436   20437   20438   20439   
RBE0    2110    2110    20440   20441   20442   20443   
RBE0    2111    2111    20444   20445   20446   20447   
RBE0    2112    2112    20448   20449   20450   20451   
RBE0    2113    2113    20452   20453   20454   20455   
RBE0    2114    2114    20456   20457   20458   20459   
RBE0    2115    2115    20460   20461   20462   20463   
RBE0    2116    2116    20464   20465   20466   20467   
RBE0    2117    2117    20468   20469   20470   20471   
RBE0    2118    2118    20472   20473   20474   20475   
RBE0    2119    2119    20476   20477   20478   20479   
RBE0    2120    2120    20480   20481   20482   20483   
RBE0    2121    2121    20484   20485   20486   20487   
RBE0    2122    2122    20488   20489   20490   20491   
RBE0    2123    2123    20492   20493   20494   20495   
RBE0    2124    2124    20496   20497   20498   20499   
RBE0    2125    2125    20500   20501   20502   20503   
RBE0    2126    2126    20504   20505   20506   20507   
RBE0    2127    2127    20508   20509   20510   20511   
RBE0    2128    2128    20512   20513   20514   20515   
RBE0    2129    2129    20516   20517   20518   20519   
RBE0    2130    2130    20520   20521   20522   20523   
RBE0    2131    2131    20524   20525   20526   20527   
RBE0    2132    2132    20528   20529   20530   20531   
RBE0    2133    2133    20532   20533   20534   20535   
RBE0    2134    2134    20536   20537   20538   20539   
RBE0    2135    2135    20540   20541   20542   20543   
RBE0    2136    2136    20544   20545   20546   20547   
RBE0    2137    2137    20548   20549   20550   20551   
RBE0    2138    2138    20552   20553   20554   20555   
RBE0    2139    2139    20556   20557   20558   20559   
RBE0    2140    2140    20560   20561   20562   20563   
RBE0    2141    2141    20564   20565   20566   20567   
RBE0    2142    2142    20568   20569   20570   20571   
RBE0    2143    2143    20572   20573   20574   20575   
RBE0    2144    2144    20576   20577   20578   20579   
RBE0    2145    2145    20580   20581   20582   20583   
RBE0    2146    2146    20584   20585   20586   20587   
RBE0    2147    2147    20588   20589   20590   20591   
RBE0    2148    2148    20592   20593   20594   20595   
RBE0    2149    2149    20596   20597   20598   20599   
RBE0    2150    2150    20600   20601   20602   20603   
RBE0    2151    2151    20604   20605   20606   20607   
RBE0    2152    2152    20608   20609   20610   20611   
RBE0    2153    2153    20612   20613   20614   20615   
RBE0    2154    2154    20616   20617   20618   20619   
RBE0    2155    2155    20620   20621   20622   20623   
RBE0    2156    2156    20624   20625   20626   20627   
RBE0    2157    2157    20628   20629   20630   20631   
RBE0    2158    2158    20632   20633   20634   20635   
RBE0    2159    2159    20636   20637   20638   20639   
RBE0    2160    2160    20640   20641   20642   20643   
RBE0    2161    2161    20644   20645   20646   20647   
RBE0    2162    2162    20648   20649   20650   20651   
RBE0    2163    2163    20652   20653   20654   20655   
RBE0    2164    2164    20656   20657   20658   20659   
RBE0    2165    2165    20660   20661   20662   20663   
RBE0    2166    2166    20664   20665   20666   20667   
RBE0    2167    2167    20668   20669   20670   20671   
RBE0    2168    2168    20672   20673   20674   20675   
RBE0    2169    2169    20676   20677   20678   20679   
RBE0    2170    2170    20680   20681   20682   20683   
RBE0    2171    2171    20684   20685   20686   20687   
RBE0    2172    2172    20688   20689   20690   20691   
RBE0    2173    2173    20692   20693   20694   20695   
RBE0    2174    2174    20696   20697   20698   20699   
RBE0    2175    2175    20700   20701   20702   20703   
RBE0    2176    2176    20704   20705   20706   20707   
RBE0    2177    2177    20708   20709   20710   20711   
RBE0    2178    2178    20712   20713   20714   20715   
RBE0    2179    2179    20716   20717   20718   20719   
RBE0    2180    2180    20720   20721   20722   20723   
RBE0    2181    2181    20724   20725   20726   20727   
RBE0    2182    2182    20728   20729   20730   20731   
RBE0    2183    2183    20732   20733   20734   20735   
RBE0    2184    2184    20736   20737   20738   20739   
RBE0    2185    2185    20740   20741   20742   20743   
RBE0    2186    2186    20744   20745   20746   20747   
RBE0    2187    2187    20748   20749   20750   20751   
RBE0    2188    2188    20752   20753   20754   20755   
GRID    30000   0       55.0793 0.      2.82    0       0       0       
GRID    30001   0       56.8028 -0.373912.82    0       0       0       
GRID    30002   0       58.5263 0.      2.82    0       0       0       
GRID    30003   0       56.8028 0.3739132.82    0       0       0       
GRID    30004   0       55.6498 0.      4.10121 0       0       0       
GRID    30005   0       57.0075 0.3663973.09667 0       0       0       
GRID    30006   0       58.3651 0.      2.09213 0       0       0       
GRID    30007   0       57.0075 -0.366393.09667 0       0       0       
GRID    30008   0       55.8824 0.      4.35727 0       0       0       
GRID    30009   0       57.2122 0.3588813.37333 0       0       0       
GRID    30010   0       58.542  0.      2.3894  0       0       0       
GRID    30011   0       57.2122 -0.358883.37333 0       0       0       
GRID    30012   0       56.115  0.      4.61333 0       0       0       
GRID    30013   0       57.4169 0.3513663.65    0       0       0       
GRID    30014   0       58.7188 0.      2.68667 0       0       0       
GRID    30015   0       57.4169 -0.351363.65    0       0       0       
GRID    30016   0       56.3475 0.      4.86939 0       0       0       
GRID    30017   0       57.6216 0.34385 3.92667 0       0       0       
GRID    30018   0       58.8957 0.      2.98394 0       0       0       
GRID    30019   0       57.6216 -0.343853.92667 0       0       0       
GRID    30020   0       56.5801 0.      5.12545 0       0       0       
GRID    30021   0       57.8263 0.3363344.20333 0       0       0       
GRID    30022   0       59.0726 0.      3.28122 0       0       0       
GRID    30023   0       57.8263 -0.336334.20333 0       0       0       
GRID    30024   0       56.8126 0.      5.38151 0       0       0       
GRID    30025   0       58.031  0.3288194.48    0       0       0       
GRID    30026   0       59.2494 0.      3.57849 0       0       0       
GRID    30027   0       58.031  -0.328814.48    0       0       0       
GRID    30028   0       57.0452 0.      5.63757 0       0       0       
GRID    30029   0       58.2357 0.3213034.75667 0       0       0       
GRID    30030   0       59.4263 0.      3.87576 0       0       0       
GRID    30031   0       58.2357 -0.321304.75667 0       0       0       
GRID    30032   0       57.2777 0.      5.89363 0       0       0       
GRID    30033   0       58.4404 0.3137875.03333 0       0       0       
GRID    30034   0       59.6032 0.      4.17303 0       0       0       
GRID    30035   0       58.4404 -0.313785.03333 0       0       0       
GRID    30036   0       57.5103 0.      6.1497  0       0       0       
GRID    30037   0       58.6452 0.3062725.31    0       0       0       
GRID    30038   0       59.78   0.      4.4703  0       0       0       
GRID    30039   0       58.6452 -0.306275.31    0       0       0       
GRID    30040   0       57.7429 0.      6.40576 0       0       0       
GRID    30041   0       58.8499 0.2987565.58667 0       0       0       
GRID    30042   0       59.9569 0.      4.76758 0       0       0       
GRID    30043   0       58.8499 -0.298755.58667 0       0       0       
GRID    30044   0       57.9754 0.      6.66182 0       0       0       
GRID    30045   0       59.0546 0.2912415.86333 0       0       0       
GRID    30046   0       60.1337 0.      5.06485 0       0       0       
GRID    30047   0       59.0546 -0.291245.86333 0       0       0       
GRID    30048   0       58.208  0.      6.91788 0       0       0       
GRID    30049   0       59.2593 0.2837256.14    0       0       0       
GRID    30050   0       60.3106 0.      5.36212 0       0       0       
GRID    30051   0       59.2593 -0.283726.14    0       0       0       
GRID    30052   0       58.4405 0.      7.17394 0       0       0       
GRID    30053   0       59.464  0.2762096.41667 0       0       0       
GRID    30054   0       60.4875 0.      5.65939 0       0       0       
GRID    30055   0       59.464  -0.276206.41667 0       0       0       
GRID    30056   0       58.6731 0.      7.43    0       0       0       
GRID    30057   0       59.6687 0.2686946.69333 0       0       0       
GRID    30058   0       60.6643 0.      5.95666 0       0       0       
GRID    30059   0       59.6687 -0.268696.69333 0       0       0       
GRID    30060   0       58.9057 0.      7.68606 0       0       0       
GRID    30061   0       59.8734 0.2611786.97    0       0       0       
GRID    30062   0       60.8412 0.      6.25394 0       0       0       
GRID    30063   0       59.8734 -0.261176.97    0       0       0       
GRID    30064   0       59.1382 0.      7.94212 0       0       0       
GRID    30065   0       60.0781 0.2536627.24667 0       0       0       
GRID    30066   0       61.018  0.      6.55121 0       0       0       
GRID    30067   0       60.0781 -0.253667.24667 0       0       0       
GRID    30068   0       59.3708 0.      8.19819 0       0       0       
GRID    30069   0       60.2828 0.2461477.52333 0       0       0       
GRID    30070   0       61.1949 0.      6.84848 0       0       0       
GRID    30071   0       60.2828 -0.246147.52333 0       0       0       
GRID    30072   0       59.6033 0.      8.45425 0       0       0       
GRID    30073   0       60.4875 0.2386317.8     0       0       0       
GRID    30074   0       61.3718 0.      7.14575 0       0       0       
GRID    30075   0       60.4875 -0.238637.8     0       0       0       
GRID    30076   0       59.8359 0.      8.71031 0       0       0       
GRID    30077   0       60.6923 0.2311158.07667 0       0       0       
GRID    30078   0       61.5486 0.      7.44302 0       0       0       
GRID    30079   0       60.6923 -0.231118.07667 0       0       0       
GRID    30080   0       60.0684 0.      8.96637 0       0       0       
GRID    30081   0       60.897  0.2236  8.35333 0       0       0       
GRID    30082   0       61.7255 0.      7.7403  0       0       0       
GRID    30083   0       60.897  -0.2236 8.35333 0       0       0       
GRID    30084   0       60.301  0.      9.22243 0       0       0       
GRID    30085   0       61.1017 0.2160848.63    0       0       0       
GRID    30086   0       61.9024 0.      8.03757 0       0       0       
GRID    30087   0       61.1017 -0.216088.63    0       0       0       
GRID    30088   0       60.5336 0.      9.47849 0       0       0       
GRID    30089   0       61.3064 0.2085688.90667 0       0       0       
GRID    30090   0       62.0792 0.      8.33484 0       0       0       
GRID    30091   0       61.3064 -0.208568.90667 0       0       0       
GRID    30092   0       60.7661 0.      9.73455 0       0       0       
GRID    30093   0       61.5111 0.2010539.18333 0       0       0       
GRID    30094   0       62.2561 0.      8.63211 0       0       0       
GRID    30095   0       61.5111 -0.201059.18333 0       0       0       
GRID    30096   0       60.9987 0.      9.99061 0       0       0       
GRID    30097   0       61.7158 0.1935379.46    0       0       0       
GRID    30098   0       62.4329 0.      8.92939 0       0       0       
GRID    30099   0       61.7158 -0.193539.46    0       0       0       
GRID    30100   0       61.2312 0.      10.2467 0       0       0       
GRID    30101   0       61.9205 0.1860229.73667 0       0       0       
GRID    30102   0       62.6098 0.      9.22666 0       0       0       
GRID    30103   0       61.9205 -0.186029.73667 0       0       0       
GRID    30104   0       61.4638 0.      10.5027 0       0       0       
GRID    30105   0       62.1252 0.17850610.0133 0       0       0       
GRID    30106   0       62.7867 0.      9.52393 0       0       0       
GRID    30107   0       62.1252 -0.1785010.0133 0       0       0       
GRID    30108   0       61.6964 0.      10.7588 0       0       0       
GRID    30109   0       62.3299 0.17099 10.29   0       0       0       
GRID    30110   0       62.9635 0.      9.8212  0       0       0       
GRID    30111   0       62.3299 -0.1709910.29   0       0       0       
GRID    30112   0       61.9289 0.      11.0149 0       0       0       
GRID    30113   0       62.5346 0.16347510.5667 0       0       0       
GRID    30114   0       63.1404 0.      10.1185 0       0       0       
GRID    30115   0       62.5346 -0.1634710.5667 0       0       0       
GRID    30116   0       62.1615 0.      11.2709 0       0       0       
GRID    30117   0       62.7394 0.15595910.8433 0       0       0       
GRID    30118   0       63.3172 0.      10.4157 0       0       0       
GRID    30119   0       62.7394 -0.1559510.8433 0       0       0       
GRID    30120   0       62.2598 0.      11.12   0       0       0       
GRID    30121   0       62.9441 -0.1484411.12   0       0       0       
GRID    30122   0       63.6283 0.      11.12   0       0       0       
GRID    30123   0       62.9441 0.14844311.12   0       0       0       
RBE0    3000    3000    30000   30001   30002   30003   
RBE0    3001    3001    30004   30005   30006   30007   
RBE0    3002    3002    30008   30009   30010   30011   
RBE0    3003    3003    30012   30013   30014   30015   
RBE0    3004    3004    30016   30017   30018   30019   
RBE0    3005    3005    30020   30021   30022   30023   
RBE0    3006    3006    30024   30025   30026   30027   
RBE0    3007    3007    30028   30029   30030   30031   
RBE0    3008    3008    30032   30033   30034   30035   
RBE0    3009    3009    30036   30037   30038   30039   
RBE0    3010    3010    30040   30041   30042   30043   
RBE0    3011    3011    30044   30045   30046   30047   
RBE0    3012    3012    30048   30049   30050   30051   
RBE0    3013    3013    30052   30053   30054   30055   
RBE0    3014    3014    30056   30057   30058   30059   
RBE0    3015    3015    30060   30061   30062   30063   
RBE0    3016    3016    30064   30065   30066   30067   
RBE0    3017    3017    30068   30069   30070   30071   
RBE0    3018    3018    30072   30073   30074   30075   
RBE0    3019    3019    30076   30077   30078   30079   
RBE0    3020    3020    30080   30081   30082   30083   
RBE0    3021    3021    30084   30085   30086   30087   
RBE0    3022    3022    30088   30089   30090   30091   
RBE0    3023    3023    30092   30093   30094   30095   
RBE0    3024    3024    30096   30097   30098   30099   
RBE0    3025    3025    30100   30101   30102   30103   
RBE0    3026    3026    30104   30105   30106   30107   
RBE0    3027    3027    30108   30109   30110   30111   
RBE0    3028    3028    30112   30113   30114   30115   
RBE0    3029    3029    30116   30117   30118   30119   
RBE0    3030    3030    30120   30121   30122   30123   
GRID    40000   0       57.7657 0.      1.5792  0       0       0       
GRID    40001   0       59.0106 0.      1.39844 0       0       0       
GRID    40002   0       60.2556 0.      1.5792  0       0       0       
GRID    40003   0       59.0106 0.      1.75996 0       0       0       
GRID    40004   0       57.7657 0.5318671.5792  0       0       0       
GRID    40005   0       59.0106 0.5318671.39844 0       0       0       
GRID    40006   0       60.2556 0.5318671.5792  0       0       0       
GRID    40007   0       59.0106 0.5318671.75996 0       0       0       
GRID    40008   0       57.9153 1.06373 1.5792  0       0       0       
GRID    40009   0       59.0106 1.06373 1.39844 0       0       0       
GRID    40010   0       60.1059 1.06373 1.5792  0       0       0       
GRID    40011   0       59.0106 1.06373 1.75996 0       0       0       
GRID    40012   0       58.1307 1.71213 1.66435 0       0       0       
GRID    40013   0       59.0834 1.22306 1.41569 0       0       0       
GRID    40014   0       60.0414 0.6943851.52289 0       0       0       
GRID    40015   0       59.0886 1.18345 1.77155 0       0       0       
GRID    40016   0       58.2154 1.84669 1.67808 0       0       0       
GRID    40017   0       59.1588 1.3624  1.4318  0       0       0       
GRID    40018   0       60.1075 0.8388671.53799 0       0       0       
GRID    40019   0       59.164  1.32316 1.78427 0       0       0       
GRID    40020   0       58.3001 1.98126 1.69181 0       0       0       
GRID    40021   0       59.2342 1.50173 1.44792 0       0       0       
GRID    40022   0       60.1735 0.9833481.5531  0       0       0       
GRID    40023   0       59.2394 1.46288 1.79699 0       0       0       
GRID    40024   0       58.3848 2.11582 1.70554 0       0       0       
GRID    40025   0       59.3096 1.64106 1.46404 0       0       0       
GRID    40026   0       60.2396 1.12783 1.56821 0       0       0       
GRID    40027   0       59.3147 1.60259 1.80971 0       0       0       
GRID    40028   0       58.4694 2.25039 1.71927 0       0       0       
GRID    40029   0       59.385  1.7804  1.48016 0       0       0       
GRID    40030   0       60.3057 1.27231 1.58332 0       0       0       
GRID    40031   0       59.3901 1.7423  1.82243 0       0       0       
GRID    40032   0       58.5541 2.38495 1.733   0       0       0       
GRID    40033   0       59.4604 1.91973 1.49628 0       0       0       
GRID    40034   0       60.3718 1.41679 1.59843 0       0       0       
GRID    40035   0       59.4654 1.88201 1.83514 0       0       0       
GRID    40036   0       58.6388 2.51951 1.74672 0       0       0       
GRID    40037   0       59.5359 2.05906 1.5124  0       0       0       
GRID    40038   0       60.4378 1.56128 1.61353 0       0       0       
GRID    40039   0       59.5408 2.02172 1.84786 0       0       0       
GRID    40040   0       58.7235 2.65408 1.76045 0       0       0       
GRID    40041   0       59.6113 2.1984  1.52851 0       0       0       
GRID    40042   0       60.5039 1.70576 1.62864 0       0       0       
GRID    40043   0       59.6162 2.16144 1.86058 0       0       0       
GRID    40044   0       58.8082 2.78864 1.77418 0       0       0       
GRID    40045   0       59.6867 2.33773 1.54463 0       0       0       
GRID    40046   0       60.57   1.85024 1.64375 0       0       0       
GRID    40047   0       59.6915 2.30115 1.8733  0       0       0       
GRID    40048   0       58.8929 2.9232  1.78791 0       0       0       
GRID    40049   0       59.7621 2.47707 1.56075 0       0       0       
GRID    40050   0       60.6361 1.99472 1.65886 0       0       0       
GRID    40051   0       59.7669 2.44086 1.88602 0       0       0       
GRID    40052   0       58.9776 3.05777 1.80164 0       0       0       
GRID    40053   0       59.8375 2.6164  1.57687 0       0       0       
GRID    40054   0       60.7021 2.1392  1.67396 0       0       0       
GRID    40055   0       59.8422 2.58057 1.89874 0       0       0       
GRID    40056   0       59.0623 3.19233 1.81537 0       0       0       
GRID    40057   0       59.9129 2.75573 1.59299 0       0       0       
GRID    40058   0       60.7682 2.28368 1.68907 0       0       0       
GRID    40059   0       59.9176 2.72028 1.91146 0       0       0       
GRID    40060   0       59.147  3.3269  1.8291  0       0       0       
GRID    40061   0       59.9883 2.89507 1.6091  0       0       0       
GRID    40062   0       60.8343 2.42817 1.70418 0       0       0       
GRID    40063   0       59.993  2.86    1.92418 0       0       0       
GRID    40064   0       59.2317 3.46146 1.84283 0       0       0       
GRID    40065   0       60.0637 3.0344  1.62522 0       0       0       
GRID    40066   0       60.9003 2.57265 1.71929 0       0       0       
GRID    40067   0       60.0683 2.99971 1.93689 0       0       0       
GRID    40068   0       59.3164 3.59602 1.85656 0       0       0       
GRID    40069   0       60.1391 3.17373 1.64134 0       0       0       
GRID    40070   0       60.9664 2.71713 1.7344  0       0       0       
GRID    40071   0       60.1437 3.13942 1.94961 0       0       0       
GRID    40072   0       59.4011 3.73059 1.87029 0       0       0       
GRID    40073   0       60.2145 3.31307 1.65746 0       0       0       
GRID    40074   0       61.0325 2.86161 1.7495  0       0       0       
GRID    40075   0       60.219  3.27913 1.96233 0       0       0       
GRID    40076   0       59.4858 3.86515 1.88402 0       0       0       
GRID    40077   0       60.29   3.4524  1.67358 0       0       0       
GRID    40078   0       61.0986 3.00609 1.76461 0       0       0       
GRID    40079   0       60.2944 3.41884 1.97505 0       0       0       
GRID    40080   0       59.5705 3.99972 1.89775 0       0       0       
GRID    40081   0       60.3654 3.59173 1.68969 0       0       0       
GRID    40082   0       61.1646 3.15057 1.77972 0       0       0       
GRID    40083   0       60.3698 3.55856 1.98777 0       0       0       
GRID    40084   0       59.6552 4.13428 1.91147 0       0       0       
GRID    40085   0       60.4408 3.73107 1.70581 0       0       0       
GRID    40086   0       61.2307 3.29506 1.79483 0       0       0       
GRID    40087   0       60.4451 3.69827 2.00049 0       0       0       
GRID    40088   0       59.7399 4.26884 1.9252  0       0       0       
GRID    40089   0       60.5162 3.8704  1.72193 0       0       0       
GRID    40090   0       61.2968 3.43954 1.80993 0       0       0       
GRID    40091   0       60.5205 3.83798 2.01321 0       0       0       
GRID    40092   0       59.8246 4.40341 1.93893 0       0       0       
GRID    40093   0       60.5916 4.00973 1.73805 0       0       0       
GRID    40094   0       61.3629 3.58402 1.82504 0       0       0       
GRID    40095   0       60.5958 3.97769 2.02593 0       0       0       
GRID    40096   0       59.9093 4.53797 1.95266 0       0       0       
GRID    40097   0       60.667  4.14907 1.75417 0       0       0       
GRID    40098   0       61.4289 3.7285  1.84015 0       0       0       
GRID    40099   0       60.6712 4.1174  2.03864 0       0       0       
GRID    40100   0       59.9939 4.67253 1.96639 0       0       0       
GRID    40101   0       60.7424 4.2884  1.77029 0       0       0       
GRID    40102   0       61.495  3.87298 1.85526 0       0       0       
GRID    40103   0       60.7466 4.25711 2.05136 0       0       0       
GRID    40104   0       60.0786 4.8071  1.98012 0       0       0       
GRID    40105   0       60.8178 4.42773 1.7864  0       0       0       
GRID    40106   0       61.5611 4.01746 1.87036 0       0       0       
GRID    40107   0       60.8219 4.39683 2.06408 0       0       0       
GRID    40108   0       60.1633 4.94166 1.99385 0       0       0       
GRID    40109   0       60.8932 4.56707 1.80252 0       0       0       
GRID    40110   0       61.6272 4.16194 1.88547 0       0       0       
GRID    40111   0       60.8973 4.53654 2.0768  0       0       0       
GRID    40112   0       60.248  5.07623 2.00758 0       0       0       
GRID    40113   0       60.9686 4.7064  1.81864 0       0       0       
GRID    40114   0       61.6932 4.30643 1.90058 0       0       0       
GRID    40115   0       60.9726 4.67625 2.08952 0       0       0       
GRID    40116   0       60.3327 5.21079 2.02131 0       0       0       
GRID    40117   0       61.0441 4.84574 1.83476 0       0       0       
GRID    40118   0       61.7593 4.45091 1.91569 0       0       0       
GRID    40119   0       61.048  4.81596 2.10224 0       0       0       
GRID    40120   0       60.4192 5.34598 2.04939 0       0       0       
GRID    40121   0       61.1188 4.98872 1.85167 0       0       0       
GRID    40122   0       61.8262 4.5995  1.91751 0       0       0       
GRID    40123   0       61.1266 4.95676 2.11523 0       0       0       
GRID    40124   0       60.5053 5.48285 2.06346 0       0       0       
GRID    40125   0       61.1956 5.1304  1.86838 0       0       0       
GRID    40126   0       61.8934 4.74641 1.93335 0       0       0       
GRID    40127   0       61.2032 5.09887 2.12842 0       0       0       
GRID    40128   0       60.5915 5.61972 2.07752 0       0       0       
GRID    40129   0       61.2723 5.27208 1.8851  0       0       0       
GRID    40130   0       61.9606 4.89333 1.94919 0       0       0       
GRID    40131   0       61.2798 5.24097 2.14161 0       0       0       
GRID    40132   0       60.6776 5.75659 2.09159 0       0       0       
GRID    40133   0       61.349  5.41375 1.90181 0       0       0       
GRID    40134   0       62.0279 5.04024 1.96503 0       0       0       
GRID    40135   0       61.3565 5.38308 2.1548  0       0       0       
GRID    40136   0       60.7638 5.89346 2.10565 0       0       0       
GRID    40137   0       61.4258 5.55543 1.91853 0       0       0       
GRID    40138   0       62.0951 5.18715 1.98087 0       0       0       
GRID    40139   0       61.4331 5.52518 2.16799 0       0       0       
GRID    40140   0       60.8499 6.03033 2.11972 0       0       0       
GRID    40141   0       61.5025 5.69711 1.93525 0       0       0       
GRID    40142   0       62.1623 5.33407 1.9967  0       0       0       
GRID    40143   0       61.5097 5.66729 2.18117 0       0       0       
GRID    40144   0       60.9361 6.1672  2.13378 0       0       0       
GRID    40145   0       61.5792 5.83879 1.95196 0       0       0       
GRID    40146   0       62.2295 5.48098 2.01254 0       0       0       
GRID    40147   0       61.5864 5.80939 2.19436 0       0       0       
GRID    40148   0       61.0222 6.30407 2.14784 0       0       0       
GRID    40149   0       61.656  5.98046 1.96868 0       0       0       
GRID    40150   0       62.2967 5.62789 2.02838 0       0       0       
GRID    40151   0       61.663  5.9515  2.20755 0       0       0       
GRID    40152   0       61.1084 6.44094 2.16191 0       0       0       
GRID    40153   0       61.7327 6.12214 1.98539 0       0       0       
GRID    40154   0       62.3639 5.77481 2.04422 0       0       0       
GRID    40155   0       61.7396 6.0936  2.22074 0       0       0       
GRID    40156   0       61.1945 6.57781 2.17597 0       0       0       
GRID    40157   0       61.8094 6.26382 2.00211 0       0       0       
GRID    40158   0       62.4311 5.92172 2.06006 0       0       0       
GRID    40159   0       61.8162 6.23571 2.23393 0       0       0       
GRID    40160   0       61.2807 6.71468 2.19004 0       0       0       
GRID    40161   0       61.8862 6.4055  2.01882 0       0       0       
GRID    40162   0       62.4984 6.06863 2.0759  0       0       0       
GRID    40163   0       61.8929 6.37781 2.24712 0       0       0       
GRID    40164   0       61.3668 6.85155 2.2041  0       0       0       
GRID    40165   0       61.9629 6.54717 2.03554 0       0       0       
GRID    40166   0       62.5656 6.21555 2.09174 0       0       0       
GRID    40167   0       61.9695 6.51992 2.26031 0       0       0       
GRID    40168   0       61.4529 6.98842 2.21817 0       0       0       
GRID    40169   0       62.0396 6.68885 2.05225 0       0       0       
GRID    40170   0       62.6328 6.36246 2.10758 0       0       0       
GRID    40171   0       62.0461 6.66202 2.27349 0       0       0       
GRID    40172   0       61.5391 7.12529 2.23223 0       0       0       
GRID    40173   0       62.1164 6.83053 2.06897 0       0       0       
GRID    40174   0       62.7    6.50937 2.12342 0       0       0       
GRID    40175   0       62.1228 6.80413 2.28668 0       0       0       
GRID    40176   0       61.6252 7.26215 2.2463  0       0       0       
GRID    40177   0       62.1931 6.97221 2.08568 0       0       0       
GRID    40178   0       62.7672 6.65629 2.13926 0       0       0       
GRID    40179   0       62.1994 6.94623 2.29987 0       0       0       
GRID    40180   0       61.7114 7.39902 2.26036 0       0       0       
GRID    40181   0       62.2698 7.11388 2.1024  0       0       0       
GRID    40182   0       62.8344 6.8032  2.1551  0       0       0       
GRID    40183   0       62.276  7.08834 2.31306 0       0       0       
GRID    40184   0       61.7975 7.53589 2.27443 0       0       0       
GRID    40185   0       62.3465 7.25556 2.11911 0       0       0       
GRID    40186   0       62.9017 6.95011 2.17094 0       0       0       
GRID    40187   0       62.3526 7.23044 2.32625 0       0       0       
GRID    40188   0       61.8837 7.67276 2.28849 0       0       0       
GRID    40189   0       62.4233 7.39724 2.13583 0       0       0       
GRID    40190   0       62.9689 7.09702 2.18677 0       0       0       
GRID    40191   0       62.4293 7.37255 2.33944 0       0       0       
GRID    40192   0       61.9698 7.80963 2.30256 0       0       0       
GRID    40193   0       62.5    7.53892 2.15254 0       0       0       
GRID    40194   0       63.0361 7.24394 2.20261 0       0       0       
GRID    40195   0       62.5059 7.51465 2.35263 0       0       0       
GRID    40196   0       62.056  7.9465  2.31662 0       0       0       
GRID    40197   0       62.5767 7.68059 2.16926 0       0       0       
GRID    40198   0       63.1033 7.39085 2.21845 0       0       0       
GRID    40199   0       62.5825 7.65676 2.36582 0       0       0       
GRID    40200   0       62.1421 8.08337 2.33069 0       0       0       
GRID    40201   0       62.6535 7.82227 2.18598 0       0       0       
GRID    40202   0       63.1705 7.53776 2.23429 0       0       0       
GRID    40203   0       62.6592 7.79886 2.379   0       0       0       
GRID    40204   0       62.2283 8.22024 2.34475 0       0       0       
GRID    40205   0       62.7302 7.96395 2.20269 0       0       0       
GRID    40206   0       63.2377 7.68468 2.25013 0       0       0       
GRID    40207   0       62.7358 7.94097 2.39219 0       0       0       
GRID    40208   0       62.3144 8.35711 2.35882 0       0       0       
GRID    40209   0       62.8069 8.10563 2.21941 0       0       0       
GRID    40210   0       63.3049 7.83159 2.26597 0       0       0       
GRID    40211   0       62.8124 8.08308 2.40538 0       0       0       
GRID    40212   0       62.4006 8.49398 2.37288 0       0       0       
GRID    40213   0       62.8837 8.2473  2.23612 0       0       0       
GRID    40214   0       63.3722 7.9785  2.28181 0       0       0       
GRID    40215   0       62.889  8.22518 2.41857 0       0       0       
GRID    40216   0       62.4867 8.63085 2.38695 0       0       0       
GRID    40217   0       62.9604 8.38898 2.25284 0       0       0       
GRID    40218   0       63.4394 8.12542 2.29765 0       0       0       
GRID    40219   0       62.9657 8.36729 2.43176 0       0       0       
GRID    40220   0       62.5728 8.76772 2.40101 0       0       0       
GRID    40221   0       63.0371 8.53066 2.26955 0       0       0       
GRID    40222   0       63.5066 8.27233 2.31349 0       0       0       
GRID    40223   0       63.0423 8.50939 2.44495 0       0       0       
GRID    40224   0       62.659  8.90459 2.41508 0       0       0       
GRID    40225   0       63.1139 8.67234 2.28627 0       0       0       
GRID    40226   0       63.5738 8.41924 2.32933 0       0       0       
GRID    40227   0       63.1189 8.6515  2.45814 0       0       0       
GRID    40228   0       62.7451 9.04146 2.42914 0       0       0       
GRID    40229   0       63.1906 8.81402 2.30298 0       0       0       
GRID    40230   0       63.641  8.56616 2.34517 0       0       0       
GRID    40231   0       63.1956 8.7936  2.47132 0       0       0       
GRID    40232   0       62.8313 9.17833 2.44321 0       0       0       
GRID    40233   0       63.2673 8.95569 2.3197  0       0       0       
GRID    40234   0       63.7082 8.71307 2.36101 0       0       0       
GRID    40235   0       63.2722 8.93571 2.48451 0       0       0       
GRID    40236   0       62.9174 9.3152  2.45727 0       0       0       
GRID    40237   0       63.3441 9.09737 2.33641 0       0       0       
GRID    40238   0       63.7755 8.85998 2.37685 0       0       0       
GRID    40239   0       63.3488 9.07781 2.4977  0       0       0       
GRID    40240   0       63.0036 9.45207 2.47134 0       0       0       
GRID    40241   0       63.4208 9.23905 2.35313 0       0       0       
GRID    40242   0       63.8427 9.0069  2.39268 0       0       0       
GRID    40243   0       63.4254 9.21992 2.51089 0       0       0       
GRID    40244   0       63.0897 9.58894 2.4854  0       0       0       
GRID    40245   0       63.4975 9.38073 2.36984 0       0       0       
GRID    40246   0       63.9099 9.15381 2.40852 0       0       0       
GRID    40247   0       63.5021 9.36202 2.52408 0       0       0       
GRID    40248   0       63.1759 9.72581 2.49946 0       0       0       
GRID    40249   0       63.5743 9.5224  2.38656 0       0       0       
GRID    40250   0       63.9771 9.30072 2.42436 0       0       0       
GRID    40251   0       63.5787 9.50413 2.53727 0       0       0       
GRID    40252   0       63.1485 9.65307 2.49675 0       0       0       
GRID    40253   0       63.6502 9.6629  2.40317 0       0       0       
GRID    40254   0       64.1578 9.65725 2.45698 0       0       0       
GRID    40255   0       63.6561 9.64741 2.55056 0       0       0       
RBE0    4000    4000    40000   40001   40002   40003   
RBE0    4001    4001    40004   40005   40006   40007   
RBE0    4002    4002    40008   40009   40010   40011   
RBE0    4003    4003    40012   40013   40014   40015   
RBE0    4004    4004    40016   40017   40018   40019   
RBE0    4005    4005    40020   40021   40022   40023   
RBE0    4006    4006    40024   40025   40026   40027   
RBE0    4007    4007    40028   40029   40030   40031   
RBE0    4008    4008    40032   40033   40034   40035   
RBE0    4009    4009    40036   40037   40038   40039   
RBE0    4010    4010    40040   40041   40042   40043   
RBE0    4011    4011    40044   40045   40046   40047   
RBE0    4012    4012    40048   40049   40050   40051   
RBE0    4013    4013    40052   40053   40054   40055   
RBE0    4014    4014    40056   40057   40058   40059   
RBE0    4015    4015    40060   40061   40062   40063   
RBE0    4016    4016    40064   40065   40066   40067   
RBE0    4017    4017    40068   40069   40070   40071   
RBE0    4018    4018    40072   40073   40074   40075   
RBE0    4019    4019    40076   40077   40078   40079   
RBE0    4020    4020    40080   40081   40082   40083   
RBE0    4021    4021    40084   40085   40086   40087   
RBE0    4022    4022    40088   40089   40090   40091   
RBE0    4023    4023    40092   40093   40094   40095   
RBE0    4024    4024    40096   40097   40098   40099   
RBE0    4025    4025    40100   40101   40102   40103   
RBE0    4026    4026    40104   40105   40106   40107   
RBE0    4027    4027    40108   40109   40110   40111   
RBE0    4028    4028    40112   40113   40114   40115   
RBE0    4029    4029    40116   40117   40118   40119   
RBE0    4030    4030    40120   40121   40122   40123   
RBE0    4031    4031    40124   40125   40126   40127   
RBE0    4032    4032    40128   40129   40130   40131   
RBE0    4033    4033    40132   40133   40134   40135   
RBE0    4034    4034    40136   40137   40138   40139   
RBE0    4035    4035    40140   40141   40142   40143   
RBE0    4036    4036    40144   40145   40146   40147   
RBE0    4037    4037    40148   40149   40150   40151   
RBE0    4038    4038    40152   40153   40154   40155   
RBE0    4039    4039    40156   40157   40158   40159   
RBE0    4040    4040    40160   40161   40162   40163   
RBE0    4041    4041    40164   40165   40166   40167   
RBE0    4042    4042    40168   40169   40170   40171   
RBE0    4043    4043    40172   40173   40174   40175   
RBE0    4044    4044    40176   40177   40178   40179   
RBE0    4045    4045    40180   40181   40182   40183   
RBE0    4046    4046    40184   40185   40186   40187   
RBE0    4047    4047    40188   40189   40190   40191   
RBE0    4048    4048    40192   40193   40194   40195   
RBE0    4049    4049    40196   40197   40198   40199   
RBE0    4050    4050    40200   40201   40202   40203   
RBE0    4051    4051    40204   40205   40206   40207   
RBE0    4052    4052    40208   40209   40210   40211   
RBE0    4053    4053    40212   40213   40214   40215   
RBE0    4054    4054    40216   40217   40218   40219   
RBE0    4055    4055    40220   40221   40222   40223   
RBE0    4056    4056    40224   40225   40226   40227   
RBE0    4057    4057    40228   40229   40230   40231   
RBE0    4058    4058    40232   40233   40234   40235   
RBE0    4059    4059    40236   40237   40238   40239   
RBE0    4060    4060    40240   40241   40242   40243   
RBE0    4061    4061    40244   40245   40246   40247   
RBE0    4062    4062    40248   40249   40250   40251   
RBE0    4063    4063    40252   40253   40254   40255   
GRID    40256   0       57.7657 -0.531861.5792  0       0       0       
GRID    40257   0       59.0106 -0.531861.39844 0       0       0       
GRID    40258   0       60.2556 -0.531861.5792  0       0       0       
GRID    40259   0       59.0106 -0.531861.75996 0       0       0       
GRID    40260   0       57.9153 -1.063731.5792  0       0       0       
GRID    40261   0       59.0106 -1.063731.39844 0       0       0       
GRID    40262   0       60.1059 -1.063731.5792  0       0       0       
GRID    40263   0       59.0106 -1.063731.75996 0       0       0       
GRID    40264   0       58.1307 -1.712131.66435 0       0       0       
GRID    40265   0       59.0834 -1.223061.41569 0       0       0       
GRID    40266   0       60.0414 -0.694381.52289 0       0       0       
GRID    40267   0       59.0886 -1.183451.77155 0       0       0       
GRID    40268   0       58.2154 -1.846691.67808 0       0       0       
GRID    40269   0       59.1588 -1.3624 1.4318  0       0       0       
GRID    40270   0       60.1075 -0.838861.53799 0       0       0       
GRID    40271   0       59.164  -1.323161.78427 0       0       0       
GRID    40272   0       58.3001 -1.981261.69181 0       0       0       
GRID    40273   0       59.2342 -1.501731.44792 0       0       0       
GRID    40274   0       60.1735 -0.983341.5531  0       0       0       
GRID    40275   0       59.2394 -1.462881.79699 0       0       0       
GRID    40276   0       58.3848 -2.115821.70554 0       0       0       
GRID    40277   0       59.3096 -1.641061.46404 0       0       0       
GRID    40278   0       60.2396 -1.127831.56821 0       0       0       
GRID    40279   0       59.3147 -1.602591.80971 0       0       0       
GRID    40280   0       58.4694 -2.250391.71927 0       0       0       
GRID    40281   0       59.385  -1.7804 1.48016 0       0       0       
GRID    40282   0       60.3057 -1.272311.58332 0       0       0       
GRID    40283   0       59.3901 -1.7423 1.82243 0       0       0       
GRID    40284   0       58.5541 -2.384951.733   0       0       0       
GRID    40285   0       59.4604 -1.919731.49628 0       0       0       
GRID    40286   0       60.3718 -1.416791.59843 0       0       0       
GRID    40287   0       59.4654 -1.882011.83514 0       0       0       
GRID    40288   0       58.6388 -2.519511.74672 0       0       0       
GRID    40289   0       59.5359 -2.059061.5124  0       0       0       
GRID    40290   0       60.4378 -1.561281.61353 0       0       0       
GRID    40291   0       59.5408 -2.021721.84786 0       0       0       
GRID    40292   0       58.7235 -2.654081.76045 0       0       0       
GRID    40293   0       59.6113 -2.1984 1.52851 0       0       0       
GRID    40294   0       60.5039 -1.705761.62864 0       0       0       
GRID    40295   0       59.6162 -2.161441.86058 0       0       0       
GRID    40296   0       58.8082 -2.788641.77418 0       0       0       
GRID    40297   0       59.6867 -2.337731.54463 0       0       0       
GRID    40298   0       60.57   -1.850241.64375 0       0       0       
GRID    40299   0       59.6915 -2.301151.8733  0       0       0       
GRID    40300   0       58.8929 -2.9232 1.78791 0       0       0       
GRID    40301   0       59.7621 -2.477071.56075 0       0       0       
GRID    40302   0       60.6361 -1.994721.65886 0       0       0       
GRID    40303   0       59.7669 -2.440861.88602 0       0       0       
GRID    40304   0       58.9776 -3.057771.80164 0       0       0       
GRID    40305   0       59.8375 -2.6164 1.57687 0       0       0       
GRID    40306   0       60.7021 -2.1392 1.67396 0       0       0       
GRID    40307   0       59.8422 -2.580571.89874 0       0       0       
GRID    40308   0       59.0623 -3.192331.81537 0       0       0       
GRID    40309   0       59.9129 -2.755731.59299 0       0       0       
GRID    40310   0       60.7682 -2.283681.68907 0       0       0       
GRID    40311   0       59.9176 -2.720281.91146 0       0       0       
GRID    40312   0       59.147  -3.3269 1.8291  0       0       0       
GRID    40313   0       59.9883 -2.895071.6091  0       0       0       
GRID    40314   0       60.8343 -2.428171.70418 0       0       0       
GRID    40315   0       59.993  -2.86   1.92418 0       0       0       
GRID    40316   0       59.2317 -3.461461.84283 0       0       0       
GRID    40317   0       60.0637 -3.0344 1.62522 0       0       0       
GRID    40318   0       60.9003 -2.572651.71929 0       0       0       
GRID    40319   0       60.0683 -2.999711.93689 0       0       0       
GRID    40320   0       59.3164 -3.596021.85656 0       0       0       
GRID    40321   0       60.1391 -3.173731.64134 0       0       0       
GRID    40322   0       60.9664 -2.717131.7344  0       0       0       
GRID    40323   0       60.1437 -3.139421.94961 0       0       0       
GRID    40324   0       59.4011 -3.730591.87029 0       0       0       
GRID    40325   0       60.2145 -3.313071.65746 0       0       0       
GRID    40326   0       61.0325 -2.861611.7495  0       0       0       
GRID    40327   0       60.219  -3.279131.96233 0       0       0       
GRID    40328   0       59.4858 -3.865151.88402 0       0       0       
GRID    40329   0       60.29   -3.4524 1.67358 0       0       0       
GRID    40330   0       61.0986 -3.006091.76461 0       0       0       
GRID    40331   0       60.2944 -3.418841.97505 0       0       0       
GRID    40332   0       59.5705 -3.999721.89775 0       0       0       
GRID    40333   0       60.3654 -3.591731.68969 0       0       0       
GRID    40334   0       61.1646 -3.150571.77972 0       0       0       
GRID    40335   0       60.3698 -3.558561.98777 0       0       0       
GRID    40336   0       59.6552 -4.134281.91147 0       0       0       
GRID    40337   0       60.4408 -3.731071.70581 0       0       0       
GRID    40338   0       61.2307 -3.295061.79483 0       0       0       
GRID    40339   0       60.4451 -3.698272.00049 0       0       0       
GRID    40340   0       59.7399 -4.268841.9252  0       0       0       
GRID    40341   0       60.5162 -3.8704 1.72193 0       0       0       
GRID    40342   0       61.2968 -3.439541.80993 0       0       0       
GRID    40343   0       60.5205 -3.837982.01321 0       0       0       
GRID    40344   0       59.8246 -4.403411.93893 0       0       0       
GRID    40345   0       60.5916 -4.009731.73805 0       0       0       
GRID    40346   0       61.3629 -3.584021.82504 0       0       0       
GRID    40347   0       60.5958 -3.977692.02593 0       0       0       
GRID    40348   0       59.9093 -4.537971.95266 0       0       0       
GRID    40349   0       60.667  -4.149071.75417 0       0       0       
GRID    40350   0       61.4289 -3.7285 1.84015 0       0       0       
GRID    40351   0       60.6712 -4.1174 2.03864 0       0       0       
GRID    40352   0       59.9939 -4.672531.96639 0       0       0       
GRID    40353   0       60.7424 -4.2884 1.77029 0       0       0       
GRID    40354   0       61.495  -3.872981.85526 0       0       0       
GRID    40355   0       60.7466 -4.257112.05136 0       0       0       
GRID    40356   0       60.0786 -4.8071 1.98012 0       0       0       
GRID    40357   0       60.8178 -4.427731.7864  0       0       0       
GRID    40358   0       61.5611 -4.017461.87036 0       0       0       
GRID    40359   0       60.8219 -4.396832.06408 0       0       0       
GRID    40360   0       60.1633 -4.941661.99385 0       0       0       
GRID    40361   0       60.8932 -4.567071.80252 0       0       0       
GRID    40362   0       61.6272 -4.161941.88547 0       0       0       
GRID    40363   0       60.8973 -4.536542.0768  0       0       0       
GRID    40364   0       60.248  -5.076232.00758 0       0       0       
GRID    40365   0       60.9686 -4.7064 1.81864 0       0       0       
GRID    40366   0       61.6932 -4.306431.90058 0       0       0       
GRID    40367   0       60.9726 -4.676252.08952 0       0       0       
GRID    40368   0       60.3327 -5.210792.02131 0       0       0       
GRID    40369   0       61.0441 -4.845741.83476 0       0       0       
GRID    40370   0       61.7593 -4.450911.91569 0       0       0       
GRID    40371   0       61.048  -4.815962.10224 0       0       0       
GRID    40372   0       60.4192 -5.345982.04939 0       0       0       
GRID    40373   0       61.1188 -4.988721.85167 0       0       0       
GRID    40374   0       61.8262 -4.5995 1.91751 0       0       0       
GRID    40375   0       61.1266 -4.956762.11523 0       0       0       
GRID    40376   0       60.5053 -5.482852.06346 0       0       0       
GRID    40377   0       61.1956 -5.1304 1.86838 0       0       0       
GRID    40378   0       61.8934 -4.746411.93335 0       0       0       
GRID    40379   0       61.2032 -5.098872.12842 0       0       0       
GRID    40380   0       60.5915 -5.619722.07752 0       0       0       
GRID    40381   0       61.2723 -5.272081.8851  0       0       0       
GRID    40382   0       61.9606 -4.893331.94919 0       0       0       
GRID    40383   0       61.2798 -5.240972.14161 0       0       0       
GRID    40384   0       60.6776 -5.756592.09159 0       0       0       
GRID    40385   0       61.349  -5.413751.90181 0       0       0       
GRID    40386   0       62.0279 -5.040241.96503 0       0       0       
GRID    40387   0       61.3565 -5.383082.1548  0       0       0       
GRID    40388   0       60.7638 -5.893462.10565 0       0       0       
GRID    40389   0       61.4258 -5.555431.91853 0       0       0       
GRID    40390   0       62.0951 -5.187151.98087 0       0       0       
GRID    40391   0       61.4331 -5.525182.16799 0       0       0       
GRID    40392   0       60.8499 -6.030332.11972 0       0       0       
GRID    40393   0       61.5025 -5.697111.93525 0       0       0       
GRID    40394   0       62.1623 -5.334071.9967  0       0       0       
GRID    40395   0       61.5097 -5.667292.18117 0       0       0       
GRID    40396   0       60.9361 -6.1672 2.13378 0       0       0       
GRID    40397   0       61.5792 -5.838791.95196 0       0       0       
GRID    40398   0       62.2295 -5.480982.01254 0       0       0       
GRID    40399   0       61.5864 -5.809392.19436 0       0       0       
GRID    40400   0       61.0222 -6.304072.14784 0       0       0       
GRID    40401   0       61.656  -5.980461.96868 0       0       0       
GRID    40402   0       62.2967 -5.627892.02838 0       0       0       
GRID    40403   0       61.663  -5.9515 2.20755 0       0       0       
GRID    40404   0       61.1084 -6.440942.16191 0       0       0       
GRID    40405   0       61.7327 -6.122141.98539 0       0       0       
GRID    40406   0       62.3639 -5.774812.04422 0       0       0       
GRID    40407   0       61.7396 -6.0936 2.22074 0       0       0       
GRID    40408   0       61.1945 -6.577812.17597 0       0       0       
GRID    40409   0       61.8094 -6.263822.00211 0       0       0       
GRID    40410   0       62.4311 -5.921722.06006 0       0       0       
GRID    40411   0       61.8162 -6.235712.23393 0       0       0       
GRID    40412   0       61.2807 -6.714682.19004 0       0       0       
GRID    40413   0       61.8862 -6.4055 2.01882 0       0       0       
GRID    40414   0       62.4984 -6.068632.0759  0       0       0       
GRID    40415   0       61.8929 -6.377812.24712 0       0       0       
GRID    40416   0       61.3668 -6.851552.2041  0       0       0       
GRID    40417   0       61.9629 -6.547172.03554 0       0       0       
GRID    40418   0       62.5656 -6.215552.09174 0       0       0       
GRID    40419   0       61.9695 -6.519922.26031 0       0       0       
GRID    40420   0       61.4529 -6.988422.21817 0       0       0       
GRID    40421   0       62.0396 -6.688852.05225 0       0       0       
GRID    40422   0       62.6328 -6.362462.10758 0       0       0       
GRID    40423   0       62.0461 -6.662022.27349 0       0       0       
GRID    40424   0       61.5391 -7.125292.23223 0       0       0       
GRID    40425   0       62.1164 -6.830532.06897 0       0       0       
GRID    40426   0       62.7    -6.509372.12342 0       0       0       
GRID    40427   0       62.1228 -6.804132.28668 0       0       0       
GRID    40428   0       61.6252 -7.262152.2463  0       0       0       
GRID    40429   0       62.1931 -6.972212.08568 0       0       0       
GRID    40430   0       62.7672 -6.656292.13926 0       0       0       
GRID    40431   0       62.1994 -6.946232.29987 0       0       0       
GRID    40432   0       61.7114 -7.399022.26036 0       0       0       
GRID    40433   0       62.2698 -7.113882.1024  0       0       0       
GRID    40434   0       62.8344 -6.8032 2.1551  0       0       0       
GRID    40435   0       62.276  -7.088342.31306 0       0       0       
GRID    40436   0       61.7975 -7.535892.27443 0       0       0       
GRID    40437   0       62.3465 -7.255562.11911 0       0       0       
GRID    40438   0       62.9017 -6.950112.17094 0       0       0       
GRID    40439   0       62.3526 -7.230442.32625 0       0       0       
GRID    40440   0       61.8837 -7.672762.28849 0       0       0       
GRID    40441   0       62.4233 -7.397242.13583 0       0       0       
GRID    40442   0       62.9689 -7.097022.18677 0       0       0       
GRID    40443   0       62.4293 -7.372552.33944 0       0       0       
GRID    40444   0       61.9698 -7.809632.30256 0       0       0       
GRID    40445   0       62.5    -7.538922.15254 0       0       0       
GRID    40446   0       63.0361 -7.243942.20261 0       0       0       
GRID    40447   0       62.5059 -7.514652.35263 0       0       0       
GRID    40448   0       62.056  -7.9465 2.31662 0       0       0       
GRID    40449   0       62.5767 -7.680592.16926 0       0       0       
GRID    40450   0       63.1033 -7.390852.21845 0       0       0       
GRID    40451   0       62.5825 -7.656762.36582 0       0       0       
GRID    40452   0       62.1421 -8.083372.33069 0       0       0       
GRID    40453   0       62.6535 -7.822272.18598 0       0       0       
GRID    40454   0       63.1705 -7.537762.23429 0       0       0       
GRID    40455   0       62.6592 -7.798862.379   0       0       0       
GRID    40456   0       62.2283 -8.220242.34475 0       0       0       
GRID    40457   0       62.7302 -7.963952.20269 0       0       0       
GRID    40458   0       63.2377 -7.684682.25013 0       0       0       
GRID    40459   0       62.7358 -7.940972.39219 0       0       0       
GRID    40460   0       62.3144 -8.357112.35882 0       0       0       
GRID    40461   0       62.8069 -8.105632.21941 0       0       0       
GRID    40462   0       63.3049 -7.831592.26597 0       0       0       
GRID    40463   0       62.8124 -8.083082.40538 0       0       0       
GRID    40464   0       62.4006 -8.493982.37288 0       0       0       
GRID    40465   0       62.8837 -8.2473 2.23612 0       0       0       
GRID    40466   0       63.3722 -7.9785 2.28181 0       0       0       
GRID    40467   0       62.889  -8.225182.41857 0       0       0       
GRID    40468   0       62.4867 -8.630852.38695 0       0       0       
GRID    40469   0       62.9604 -8.388982.25284 0       0       0       
GRID    40470   0       63.4394 -8.125422.29765 0       0       0       
GRID    40471   0       62.9657 -8.367292.43176 0       0       0       
GRID    40472   0       62.5728 -8.767722.40101 0       0       0       
GRID    40473   0       63.0371 -8.530662.26955 0       0       0       
GRID    40474   0       63.5066 -8.272332.31349 0       0       0       
GRID    40475   0       63.0423 -8.509392.44495 0       0       0       
GRID    40476   0       62.659  -8.904592.41508 0       0       0       
GRID    40477   0       63.1139 -8.672342.28627 0       0       0       
GRID    40478   0       63.5738 -8.419242.32933 0       0       0       
GRID    40479   0       63.1189 -8.6515 2.45814 0       0       0       
GRID    40480   0       62.7451 -9.041462.42914 0       0       0       
GRID    40481   0       63.1906 -8.814022.30298 0       0       0       
GRID    40482   0       63.641  -8.566162.34517 0       0       0       
GRID    40483   0       63.1956 -8.7936 2.47132 0       0       0       
GRID    40484   0       62.8313 -9.178332.44321 0       0       0       
GRID    40485   0       63.2673 -8.955692.3197  0       0       0       
GRID    40486   0       63.7082 -8.713072.36101 0       0       0       
GRID    40487   0       63.2722 -8.935712.48451 0       0       0       
GRID    40488   0       62.9174 -9.3152 2.45727 0       0       0       
GRID    40489   0       63.3441 -9.097372.33641 0       0       0       
GRID    40490   0       63.7755 -8.859982.37685 0       0       0       
GRID    40491   0       63.3488 -9.077812.4977  0       0       0       
GRID    40492   0       63.0036 -9.452072.47134 0       0       0       
GRID    40493   0       63.4208 -9.239052.35313 0       0       0       
GRID    40494   0       63.8427 -9.0069 2.39268 0       0       0       
GRID    40495   0       63.4254 -9.219922.51089 0       0       0       
GRID    40496   0       63.0897 -9.588942.4854  0       0       0       
GRID    40497   0       63.4975 -9.380732.36984 0       0       0       
GRID    40498   0       63.9099 -9.153812.40852 0       0       0       
GRID    40499   0       63.5021 -9.362022.52408 0       0       0       
GRID    40500   0       63.1759 -9.725812.49946 0       0       0       
GRID    40501   0       63.5743 -9.5224 2.38656 0       0       0       
GRID    40502   0       63.9771 -9.300722.42436 0       0       0       
GRID    40503   0       63.5787 -9.504132.53727 0       0       0       
GRID    40504   0       63.1485 -9.653072.49675 0       0       0       
GRID    40505   0       63.6502 -9.6629 2.40317 0       0       0       
GRID    40506   0       64.1578 -9.657252.45698 0       0       0       
GRID    40507   0       63.6561 -9.647412.55056 0       0       0       
RBE0    4064    4064    40256   40257   40258   40259   
RBE0    4065    4065    40260   40261   40262   40263   
RBE0    4066    4066    40264   40265   40266   40267   
RBE0    4067    4067    40268   40269   40270   40271   
RBE0    4068    4068    40272   40273   40274   40275   
RBE0    4069    4069    40276   40277   40278   40279   
RBE0    4070    4070    40280   40281   40282   40283   
RBE0    4071    4071    40284   40285   40286   40287   
RBE0    4072    4072    40288   40289   40290   40291   
RBE0    4073    4073    40292   40293   40294   40295   
RBE0    4074    4074    40296   40297   40298   40299   
RBE0    4075    4075    40300   40301   40302   40303   
RBE0    4076    4076    40304   40305   40306   40307   
RBE0    4077    4077    40308   40309   40310   40311   
RBE0    4078    4078    40312   40313   40314   40315   
RBE0    4079    4079    40316   40317   40318   40319   
RBE0    4080    4080    40320   40321   40322   40323   
RBE0    4081    4081    40324   40325   40326   40327   
RBE0    4082    4082    40328   40329   40330   40331   
RBE0    4083    4083    40332   40333   40334   40335   
RBE0    4084    4084    40336   40337   40338   40339   
RBE0    4085    4085    40340   40341   40342   40343   
RBE0    4086    4086    40344   40345   40346   40347   
RBE0    4087    4087    40348   40349   40350   40351   
RBE0    4088    4088    40352   40353   40354   40355   
RBE0    4089    4089    40356   40357   40358   40359   
RBE0    4090    4090    40360   40361   40362   40363   
RBE0    4091    4091    40364   40365   40366   40367   
RBE0    4092    4092    40368   40369   40370   40371   
RBE0    4093    4093    40372   40373   40374   40375   
RBE0    4094    4094    40376   40377   40378   40379   
RBE0    4095    4095    40380   40381   40382   40383   
RBE0    4096    4096    40384   40385   40386   40387   
RBE0    4097    4097    40388   40389   40390   40391   
RBE0    4098    4098    40392   40393   40394   40395   
RBE0    4099    4099    40396   40397   40398   40399   
RBE0    4100    4100    40400   40401   40402   40403   
RBE0    4101    4101    40404   40405   40406   40407   
RBE0    4102    4102    40408   40409   40410   40411   
RBE0    4103    4103    40412   40413   40414   40415   
RBE0    4104    4104    40416   40417   40418   40419   
RBE0    4105    4105    40420   40421   40422   40423   
RBE0    4106    4106    40424   40425   40426   40427   
RBE0    4107    4107    40428   40429   40430   40431   
RBE0    4108    4108    40432   40433   40434   40435   
RBE0    4109    4109    40436   40437   40438   40439   
RBE0    4110    4110    40440   40441   40442   40443   
RBE0    4111    4111    40444   40445   40446   40447   
RBE0    4112    4112    40448   40449   40450   40451   
RBE0    4113    4113    40452   40453   40454   40455   
RBE0    4114    4114    40456   40457   40458   40459   
RBE0    4115    4115    40460   40461   40462   40463   
RBE0    4116    4116    40464   40465   40466   40467   
RBE0    4117    4117    40468   40469   40470   40471   
RBE0    4118    4118    40472   40473   40474   40475   
RBE0    4119    4119    40476   40477   40478   40479   
RBE0    4120    4120    40480   40481   40482   40483   
RBE0    4121    4121    40484   40485   40486   40487   
RBE0    4122    4122    40488   40489   40490   40491   
RBE0    4123    4123    40492   40493   40494   40495   
RBE0    4124    4124    40496   40497   40498   40499   
RBE0    4125    4125    40500   40501   40502   40503   
RBE0    4126    4126    40504   40505   40506   40507   

$-------2-------3-------4-------5-------6-------7-------8-------9-------10
$ Beam properties
$-------2-------3-------4-------5-------6-------7-------8-------9-------10
PBAR    1000    100     0.0393550.0089990.0089990.017998556.597 
                                                                        
PBAR    1001    100     0.0931310.1192490.1192490.238497557.849 
                                                                        
PBAR    1002    100     0.11779 0.2412640.2412640.482527558.792 
                                                                        
PBAR    1003    100     0.1369710.3793640.3793640.758729559.664 
                                                                        
PBAR    1004    100     0.1548650.5483070.5483071.09661 457.659 
                                                                        
PBAR    1005    100     0.1626280.6349640.6349641.26993 739.089 
                                                                        
PBAR    1006    100     0.1638470.6493550.6493551.29871 529.477 
                                                                        
PBAR    1007    100     0.1638470.6493550.6493551.29871 524.265 
                                                                        
PBAR    1008    100     0.1638470.6493550.6493551.29871 519.052 
                                                                        
PBAR    1009    100     0.1638470.6493540.6493541.29871 513.839 
                                                                        
PBAR    1010    100     0.1638470.6493540.6493541.29871 508.626 
                                                                        
PBAR    1011    100     0.1638470.6493540.6493541.29871 503.413 
                                                                        
PBAR    1012    100     0.1638470.6493530.6493531.29871 498.201 
                                                                        
PBAR    1013    100     0.1638470.6493530.6493531.29871 492.988 
                                                                        
PBAR    1014    100     0.1638470.6493530.6493531.29871 487.775 
                                                                        
PBAR    1015    100     0.1638470.6493520.6493521.2987  482.562 
                                                                        
PBAR    1016    100     0.1638470.6493520.6493521.2987  477.35  
                                                                        
PBAR    1017    100     0.1638470.6493510.6493511.2987  472.137 
                                                                        
PBAR    1018    100     0.1638470.6493510.6493511.2987  357.69  
                                                                        
PBAR    1019    100     0.1638470.6493510.6493511.2987  662.41  
                                                                        
PBAR    1020    100     0.1638470.6493510.6493511.2987  343.651 
                                                                        
PBAR    1021    100     0.1638470.6493510.6493511.2987  669.385 
                                                                        
PBAR    1022    100     0.1638470.6493510.6493511.2987  446.073 
                                                                        
PBAR    1023    100     0.1638470.6493510.6493511.2987  440.86  
                                                                        
PBAR    1024    100     0.1638470.6493510.6493511.2987  435.647 
                                                                        
PBAR    1025    100     0.1638470.6493510.6493511.2987  430.435 
                                                                        
PBAR    1026    100     0.1638470.6493510.6493511.2987  425.222 
                                                                        
PBAR    1027    100     0.1638470.6493510.6493511.2987  420.009 
                                                                        
PBAR    1028    100     0.1638470.6493510.6493511.2987  414.796 
                                                                        
PBAR    1029    100     0.1638470.6493510.6493511.2987  409.584 
                                                                        
PBAR    1030    100     0.1638470.6493510.6493511.2987  404.371 
                                                                        
PBAR    1031    100     0.1638470.6493510.6493511.2987  399.158 
                                                                        
PBAR    1032    100     0.1638470.6493510.6493511.2987  284.218 
                                                                        
PBAR    1033    100     0.1610480.61664 0.61664 1.23328 626.413 
                                                                        
PBAR    1034    100     0.1564520.5653380.5653381.13068 351.92  
                                                                        
PBAR    1035    100     0.1496610.4948720.4948720.989744345.997 
                                                                        
PBAR    1036    100     0.1427160.4291260.4291260.858251340.073 
                                                                        
PBAR    1037    100     0.1356020.3681  0.3681  0.736201334.146 
                                                                        
PBAR    1038    100     0.1282920.3117230.3117230.623447328.216 
                                                                        
PBAR    1039    100     0.1207620.2599930.2599930.519985322.284 
                                                                        
PBAR    1040    100     0.1129820.2129120.2129120.425823316.348 
                                                                        
PBAR    1041    100     0.1049150.1704850.1704850.34097 310.409 
                                                                        
PBAR    1042    100     0.0965130.1327170.1327170.265434304.466 
                                                                        
PBAR    1043    100     0.0857520.0930910.0930910.186182206.953 
                                                                        
PBAR    1044    100     0.0764100.0658600.0658600.13172 520.088 
                                                                        
PBAR    1045    100     0.0678280.0460680.0460680.092136244.985 
                                                                        
PBAR    1046    100     0.0571510.0275580.0275580.055117336.862 
                                                                        
PBAR    1047    100     0.0463710.0147200.0147200.029440274.643 
                                                                        
PBAR    1048    100     0.0327850.0052020.0052020.010405268.633 
                                                                        
PBAR    1049    100     0.0125610.0002920.0002920.000585262.605 
                                                                        
PBAR    2000    200     0.4118960.1382080.8992470.3878940.511102
                                                                        
PBAR    2001    200     0.3937160.13111 0.7767060.3610570.511102
                                                                        
PBAR    2002    200     0.3735340.1205440.6565450.3260792.29336 
                                                                        
PBAR    2003    200     0.3695310.1137860.6389630.3098342.25738 
                                                                        
PBAR    2004    200     0.3655280.1072630.62166 0.2940362.2214  
                                                                        
PBAR    2005    200     0.3615240.1009720.6046330.2786812.18541 
                                                                        
PBAR    2006    200     0.3575210.0949090.58788 0.2637662.14943 
                                                                        
PBAR    2007    200     0.3535180.0890710.5714  0.2492882.11345 
                                                                        
PBAR    2008    200     0.3495150.0834540.55519 0.2352442.07746 
                                                                        
PBAR    2009    200     0.3455120.0780560.5392480.2216322.04148 
                                                                        
PBAR    2010    200     0.3415090.0728730.5235720.2084482.0055  
                                                                        
PBAR    2011    200     0.3375050.0679010.50816 0.19569 1.96952 
                                                                        
PBAR    2012    200     0.3335020.0631360.4930090.1833551.93353 
                                                                        
PBAR    2013    200     0.3294990.0585770.4781190.17144 1.89755 
                                                                        
PBAR    2014    200     0.3254960.0542180.4634860.1599441.86157 
                                                                        
PBAR    2015    200     0.3214930.0500580.4491090.1488621.82558 
                                                                        
PBAR    2016    200     0.31749 0.0460910.4349860.1381941.7896  
                                                                        
PBAR    2017    200     0.3134860.0423150.4211140.1279351.75362 
                                                                        
PBAR    2018    200     0.3094830.0387270.4074910.1180851.71764 
                                                                        
PBAR    2019    200     0.30548 0.0353230.3941160.1086411.68165 
                                                                        
PBAR    2020    200     0.3014770.0321000.3809860.0996001.64567 
                                                                        
PBAR    2021    200     0.2974740.0290540.3680990.0909611.60969 
                                                                        
PBAR    2022    200     0.2947280.0271770.3592890.0855661.81603 
                                                                        
PBAR    2023    200     0.29232 0.0262570.3509930.0827921.7974  
                                                                        
PBAR    2024    200     0.2889910.0252700.3394850.0797311.77876 
                                                                        
PBAR    2025    200     0.2856620.0243080.3282320.0767451.76013 
                                                                        
PBAR    2026    200     0.2823330.0233700.31723 0.0738351.5098  
                                                                        
PBAR    2027    200     0.2790040.0224560.3064760.0709981.49365 
                                                                        
PBAR    2028    200     0.2756750.0215670.2959680.0682351.4775  
                                                                        
PBAR    2029    200     0.2723460.0207010.2857020.0655431.46134 
                                                                        
PBAR    2030    200     0.2690170.0198590.2756760.0629231.44519 
                                                                        
PBAR    2031    200     0.2656880.0190390.2658880.0603721.42904 
                                                                        
PBAR    2032    200     0.2623590.0182420.2563330.0578911.41289 
                                                                        
PBAR    2033    200     0.25903 0.0174680.24701 0.0554791.39673 
                                                                        
PBAR    2034    200     0.2557010.0167160.2379160.0531331.38058 
                                                                        
PBAR    2035    200     0.2523720.0159850.2290470.0508541.36443 
                                                                        
PBAR    2036    200     0.2490430.0152760.2204010.0486411.34828 
                                                                        
PBAR    2037    200     0.2457140.0145880.2119750.0464911.33212 
                                                                        
PBAR    2038    200     0.2423850.0139210.2037670.0444061.31597 
                                                                        
PBAR    2039    200     0.2390560.0132750.1957730.0423831.29982 
                                                                        
PBAR    2040    200     0.2357270.0126480.18799 0.0404221.28367 
                                                                        
PBAR    2041    200     0.2323980.0120420.1804160.0385221.26751 
                                                                        
PBAR    2042    200     0.2290690.0114550.1730480.0366811.25136 
                                                                        
PBAR    2043    200     0.2257410.0108870.1658830.0348991.23521 
                                                                        
PBAR    2044    200     0.2224120.0103380.1589180.0331751.21906 
                                                                        
PBAR    2045    200     0.2190830.0098080.1521510.0315091.2029  
                                                                        
PBAR    2046    200     0.2157540.0092960.1455780.0298981.18675 
                                                                        
PBAR    2047    200     0.2124250.0088020.1391970.0283421.1706  
                                                                        
PBAR    2048    200     0.2090960.0083260.1330040.0268411.15445 
                                                                        
PBAR    2049    200     0.2057670.0078670.1269980.0253921.13829 
                                                                        
PBAR    2050    200     0.2024380.0074250.1211750.0239961.12214 
                                                                        
PBAR    2051    200     0.1991090.007   0.1155330.0226511.10599 
                                                                        
PBAR    2052    200     0.19578 0.0065910.1100680.0213571.08984 
                                                                        
PBAR    2053    200     0.1924510.0061980.1047780.0201121.07368 
                                                                        
PBAR    2054    200     0.1891220.0058210.0996590.0189161.05753 
                                                                        
PBAR    2055    200     0.1857930.0054590.0947090.0177671.04138 
                                                                        
PBAR    2056    200     0.1824640.0051120.0899260.0166651.02523 
                                                                        
PBAR    2057    200     0.1791350.0047800.0853070.0156081.00907 
                                                                        
PBAR    2058    200     0.1758060.0044630.0808470.0145960.992922
                                                                        
PBAR    2059    200     0.1724770.0041600.0765460.0136280.97677 
                                                                        
PBAR    2060    200     0.1691480.0038710.0724  0.0127030.960617
                                                                        
PBAR    2061    200     0.1658190.0035950.0684050.0118200.944465
                                                                        
PBAR    2062    200     0.16249 0.0033320.0645600.0109770.928312
                                                                        
PBAR    2063    200     0.1593840.0031520.0610510.0103830.925799
                                                                        
PBAR    2064    200     0.1564990.0030460.0578520.0100120.912673
                                                                        
PBAR    2065    200     0.15361 0.0029420.0547630.0096490.899548
                                                                        
PBAR    2066    200     0.1507220.00284 0.0517860.0092930.886422
                                                                        
PBAR    2067    200     0.1478330.0027400.0489180.0089460.873296
                                                                        
PBAR    2068    200     0.1449440.0026420.0461570.0086060.86017 
                                                                        
PBAR    2069    200     0.1420560.0025460.0435020.0082730.847045
                                                                        
PBAR    2070    200     0.1391670.0024530.0409500.0079480.833919
                                                                        
PBAR    2071    200     0.1362790.0023610.0384990.0076310.820793
                                                                        
PBAR    2072    200     0.13339 0.0022720.0361480.0073210.807668
                                                                        
PBAR    2073    200     0.1305020.0021840.0338940.0070180.794542
                                                                        
PBAR    2074    200     0.1276130.0020990.0317350.0067220.781416
                                                                        
PBAR    2075    200     0.1247250.0020150.0296690.0064340.76829 
                                                                        
PBAR    2076    200     0.1218360.0019340.0276940.0061520.755165
                                                                        
PBAR    2077    200     0.1189480.0018540.0258080.0058780.742039
                                                                        
PBAR    2078    200     0.1160590.0017760.0240090.0056100.728913
                                                                        
PBAR    2079    200     0.11317 0.0017010.0222950.0053490.715787
                                                                        
PBAR    2080    200     0.1102820.0016270.0206640.0050950.702662
                                                                        
PBAR    2081    200     0.1073930.0015550.0191140.0048480.689536
                                                                        
PBAR    2082    200     0.1045050.0014840.0176420.0046070.67641 
                                                                        
PBAR    2083    200     0.1016160.0014160.0162480.0043730.663284
                                                                        
PBAR    2084    200     0.0987270.0013490.0149280.0041450.650159
                                                                        
PBAR    2085    200     0.0958390.0012840.0136810.0039230.637033
                                                                        
PBAR    2086    200     0.0929500.0012210.0125050.0037080.623907
                                                                        
PBAR    2087    200     0.0900620.0011590.0113980.0034990.610781
                                                                        
PBAR    2088    200     0.0871730.0010990.0103570.0032960.597656
                                                                        
PBAR    2089    200     0.0842850.0010410.0093800.0030990.58453 
                                                                        
PBAR    2090    200     0.0813960.0009850.0084670.0029090.571404
                                                                        
PBAR    2091    200     0.0785080.0009300.0076140.0027240.558279
                                                                        
PBAR    2092    200     0.0756190.0008770.0068190.0025450.545153
                                                                        
PBAR    2093    200     0.0727300.0008250.0060810.0023720.532027
                                                                        
PBAR    3000    300     0.0759970.0092150.1004830.0282491.48282 
                                                                        
PBAR    3001    300     0.0744470.0086650.0944850.0265631.45302 
                                                                        
PBAR    3002    300     0.0728970.0081380.0887310.0249451.42321 
                                                                        
PBAR    3003    300     0.0713470.0076320.0832160.0233951.39341 
                                                                        
PBAR    3004    300     0.0697970.0071470.0779340.0219101.3636  
                                                                        
PBAR    3005    300     0.0682470.0066840.0728810.0204891.3338  
                                                                        
PBAR    3006    300     0.0666970.0062410.0680510.0191311.30399 
                                                                        
PBAR    3007    300     0.0651470.0058180.0634390.0178351.27419 
                                                                        
PBAR    3008    300     0.0635970.0054150.0590400.0165981.24438 
                                                                        
PBAR    3009    300     0.0620470.0050300.0548500.0154201.21458 
                                                                        
PBAR    3010    300     0.0604970.0046640.0508620.0142991.18478 
                                                                        
PBAR    3011    300     0.0589480.0043170.0470730.0132341.15497 
                                                                        
PBAR    3012    300     0.0573980.0039870.0434770.0122231.12517 
                                                                        
PBAR    3013    300     0.0558480.0036750.0400690.0112641.09536 
                                                                        
PBAR    3014    300     0.0542980.0033790.0368430.0103581.06556 
                                                                        
PBAR    3015    300     0.0527480.0030990.0337960.0095011.03575 
                                                                        
PBAR    3016    300     0.0511980.0028360.0309210.0086931.00595 
                                                                        
PBAR    3017    300     0.0496480.0025870.0282150.0079320.976142
                                                                        
PBAR    3018    300     0.0480980.0023540.0256710.0072160.946338
                                                                        
PBAR    3019    300     0.0465480.0021350.0232840.0065460.916533
                                                                        
PBAR    3020    300     0.0449980.0019300.0210510.0059180.886728
                                                                        
PBAR    3021    300     0.0434480.0017390.0189650.0053310.856923
                                                                        
PBAR    3022    300     0.0418990.0015610.0170210.0047850.827119
                                                                        
PBAR    3023    300     0.0403490.0013950.0152150.0042770.797314
                                                                        
PBAR    3024    300     0.0387990.0012420.0135420.0038070.767509
                                                                        
PBAR    3025    300     0.0372490.0011000.0119960.0033720.737704
                                                                        
PBAR    3026    300     0.0356990.0009690.0105720.0029720.7079  
                                                                        
PBAR    3027    300     0.0341490.0008490.0092660.0026050.678095
                                                                        
PBAR    3028    300     0.0325990.0007400.0080720.0022690.64829 
                                                                        
PBAR    3029    300     0.0310490.0006400.0069850.0019630.618485
                                                                        
PBAR    4000    400     0.0663810.0020020.0433490.0066700.313679
                                                                        
PBAR    4001    400     0.0628690.0018870.0366910.0062190.313679
                                                                        
PBAR    4002    400     0.0590680.0017470.0303020.0056861.0477  
                                                                        
PBAR    4003    400     0.0584910.0016970.0294310.0055241.03754 
                                                                        
PBAR    4004    400     0.0579140.0016480.0285760.0053651.02738 
                                                                        
PBAR    4005    400     0.0573380.0016010.0277390.0052101.01722 
                                                                        
PBAR    4006    400     0.0567610.0015540.0269180.0050571.00706 
                                                                        
PBAR    4007    400     0.0561850.0015080.0261130.0049070.996898
                                                                        
PBAR    4008    400     0.0556080.0014630.0253240.0047610.986738
                                                                        
PBAR    4009    400     0.0550320.0014190.0245520.0046170.976578
                                                                        
PBAR    4010    400     0.0544550.0013760.0237950.0044760.966418
                                                                        
PBAR    4011    400     0.0538790.0013330.0230540.0043380.956257
                                                                        
PBAR    4012    400     0.0533020.0012920.0223290.0042030.946097
                                                                        
PBAR    4013    400     0.0527250.0012510.0216190.0040710.935937
                                                                        
PBAR    4014    400     0.0521490.0012110.0209240.0039420.925777
                                                                        
PBAR    4015    400     0.0515720.0011730.0202440.0038150.915616
                                                                        
PBAR    4016    400     0.0509960.0011350.0195790.0036910.905456
                                                                        
PBAR    4017    400     0.0504190.0010970.0189290.0035700.895296
                                                                        
PBAR    4018    400     0.0498430.0010610.0182940.0034520.885136
                                                                        
PBAR    4019    400     0.0492660.0010250.0176720.0033360.874975
                                                                        
PBAR    4020    400     0.0486890.0009910.0170660.0032220.864815
                                                                        
PBAR    4021    400     0.0481130.0009570.0164730.0031120.854655
                                                                        
PBAR    4022    400     0.0475360.0009240.0158940.0030040.844495
                                                                        
PBAR    4023    400     0.0469600.0008910.0153280.0028980.834334
                                                                        
PBAR    4024    400     0.0463830.0008590.0147770.0027950.824174
                                                                        
PBAR    4025    400     0.0458070.0008290.0142380.0026950.814014
                                                                        
PBAR    4026    400     0.0452300.0007980.0137130.0025960.803854
                                                                        
PBAR    4027    400     0.0446540.0007690.0132010.0025010.793693
                                                                        
PBAR    4028    400     0.0440770.0007400.0127020.0024070.783533
                                                                        
PBAR    4029    400     0.0434940.0007120.0122100.0023150.773264
                                                                        
PBAR    4030    400     0.0429050.0006840.0117270.0022240.76293 
                                                                        
PBAR    4031    400     0.0423170.0006570.0112570.0021350.752595
                                                                        
PBAR    4032    400     0.0417280.0006300.0108000.0020480.742261
                                                                        
PBAR    4033    400     0.0411400.0006040.0103550.0019640.731927
                                                                        
PBAR    4034    400     0.0405520.0005790.0099230.0018820.721592
                                                                        
PBAR    4035    400     0.0399640.0005540.0095030.0018030.711258
                                                                        
PBAR    4036    400     0.0393760.0005310.0090950.0017260.700924
                                                                        
PBAR    4037    400     0.0387870.0005080.0086990.0016510.690589
                                                                        
PBAR    4038    400     0.0381990.0004850.0083140.0015780.680255
                                                                        
PBAR    4039    400     0.0376110.0004640.0079410.0015070.669921
                                                                        
PBAR    4040    400     0.0370230.0004430.0075800.0014390.659586
                                                                        
PBAR    4041    400     0.0364350.0004220.0072290.0013730.649252
                                                                        
PBAR    4042    400     0.0358470.0004020.0068900.0013080.638918
                                                                        
PBAR    4043    400     0.0352580.0003830.0065610.0012460.628583
                                                                        
PBAR    4044    400     0.0346700.0003650.0062430.0011860.618249
                                                                        
PBAR    4045    400     0.0340820.0003470.0059350.0011280.607915
                                                                        
PBAR    4046    400     0.0334940.0003290.0056380.0010710.59758 
                                                                        
PBAR    4047    400     0.0329060.0003130.0053510.0010170.587246
                                                                        
PBAR    4048    400     0.0323180.0002960.0050730.0009640.576912
                                                                        
PBAR    4049    400     0.0317290.0002810.0048060.0009140.566577
                                                                        
PBAR    4050    400     0.0311410.0002660.0045480.0008650.556243
                                                                        
PBAR    4051    400     0.0305530.0002510.0042990.0008180.545909
                                                                        
PBAR    4052    400     0.0299650.0002370.0040600.0007720.535574
                                                                        
PBAR    4053    400     0.0293770.0002240.0038290.0007290.52524 
                                                                        
PBAR    4054    400     0.0287880.0002110.0036080.0006870.514906
                                                                        
PBAR    4055    400     0.0282000.0001990.0033950.0006460.504571
                                                                        
PBAR    4056    400     0.0276120.0001870.0031910.0006080.494237
                                                                        
PBAR    4057    400     0.0270240.0001750.0029950.0005700.483903
                                                                        
PBAR    4058    400     0.0264360.0001640.0028070.0005350.473568
                                                                        
PBAR    4059    400     0.0258480.0001540.0026280.0005010.463234
                                                                        
PBAR    4060    400     0.0252590.0001440.0024560.0004680.4529  
                                                                        
PBAR    4061    400     0.0246710.0001340.0022920.0004370.442565
                                                                        
PBAR    4062    400     0.0240830.0001250.0021350.0004070.432231
                                                                        

$-------2-------3-------4-------5-------6-------7-------8-------9-------10
$ Bodies and lifting surfaces definition
$-------2-------3-------4-------5-------6-------7-------8-------9-------10
CAERO1  200     0       0       3       13      XRFROOT XRFROOT 1       
        22.4246 0       -1.0083610.8489 2.82    1       0       3.2357  3.2357  
CAERO1  250     0       0       3       13      XRFROOT XRFROOT 1       
        22.4246 0       -1.0083610.8489 -2.82   1       0       3.2357  3.2357  
CAERO1  201     4.58    0       4       8       XRFROOT XRFK1   1       
        22.4246 2.81173 -1.0083610.8489 5.57898 0.68864230.3659 3.2357  0.67046 
        1       0.15    0.2     5         flap1r
CAERO1  251     -4.58   0       4       8       XRFROOT XRFK1   1       
        22.4246 -2.81173-1.0083610.8489 -5.578980.688642-30.36593.2357  0.67046 
        1       0.15    0.2     5         flap1l
CAERO1  202     4.58    0       9       8       XRFK1   XRFK2   1       
        26.5377 8.37288 -0.562877.47099 11.6574 0.58151329.1536 0.67046 -0.45654
        1       0.2     0.2     5         flap2r
CAERO1  252     -4.58   0       9       8       XRFK1   XRFK2   1       
        26.5377 -8.37288-0.562877.47099 -11.65740.581513-29.15360.67046 -0.45654
        1       0.2     0.2     5         flap2l
CAERO1  204     4.58    0       7       8       XRFK2   XRFTIP  1       
        33.8221 19.9931 0.3679814.34448 8.04924 0.60722529.764  -0.45654-1.11935
        1       0.2     0.2     5       aileronr
CAERO1  205     4.58    0       1       13      XRFTIP  XRFK1   1       
        38.8518 28.0423 1.01278 2.63808 0.89436 0.92812929.764  -1.11935-1.193  
CAERO1  254     -4.58   0       7       8       XRFK2   XRFTIP  1       
        33.8221 -19.99310.3679814.34448 -8.049240.607225-29.764 -0.45654-1.11935
        1       0.2     0.2     5       aileronl
CAERO1  255     -4.58   0       1       13      XRFTIP  XRFK1   1       
        38.8518 -28.04231.01278 2.63808 -0.894360.928129-29.764 -1.11935-1.193  
CAERO1  400     0       0       1       13      HTPROOT HTPROOT 1       
        57.0187 0       1.58585 4.97985 1.06373 1       0       0.51289 0.51289 
CAERO1  450     0       0       1       13      HTPROOT HTPROOT 1       
        57.0187 0       1.58585 4.97985 -1.063731       0       0.51289 0.51289 
CAERO1  401     6       0       4       8       HTPROOT HTPK    1       
        57.0187 1.06313 1.58585 4.97985 3.78727 0.73942630.4918 0.51289 1.38    
        1       0.31    0.31    5         elev1r
CAERO1  451     -6      0       4       8       HTPROOT HTPK    1       
        57.0187 -1.063131.58585 4.97985 -3.787270.739426-30.49180.51289 1.38    
        1       0.31    0.31    5         elev1l
CAERO1  402     6       0       5       8       HTPK    HTPTIP  1       
        59.5733 4.82965 1.98173 3.68223 4.851   0.54862130.4918 1.38    2.2685  
        1       0.31    0.31    5         elev2r
CAERO1  452     -6      0       5       8       HTPK    HTPTIP  1       
        59.5733 -4.829651.98173 3.68223 -4.851  0.548621-30.49181.38    2.2685  
        1       0.31    0.31    5         elev2l
CAERO1  301     90      0       4       8       0012    0012    1       
        53.4893 0       2.82    7.7964  4.15    0.6985  39.9979 0       0       
        1       0.3     0.3     5        rudder1
CAERO1  302     90      0       4       8       0012    0012    1       
        57.559  2.54e-166.97    5.44578 4.15    0.56836139.9979 0       0       
        1       0.3     0.3     5        rudder2

$-------2-------3-------4-------5-------6-------7-------8-------9-------10
$ Links aeroelastic variables
$-------2-------3-------4-------5-------6-------7-------8-------9-------10
AELINK  1         flap1l  flap1r-1.0    
AELINK  2         flap2l  flap2r-1.0    
AELINK  3       aileronlaileronr1.0     
AELINK  4        rudder2 rudder11.0     
AELINK  5         elev2r  elev1r1.0     
AELINK  6         elev1l  elev1r-1.0    
AELINK  7         elev2l  elev1r-1.0    

$-------2-------3-------4-------5-------6-------7-------8-------9-------10
$ Structural interpolation set
$-------2-------3-------4-------5-------6-------7-------8-------9-------10
SET1    200     2000    2001    2002    
CORD2R  200     0       27.260220.000000-1.1280027.260220.000000-0.12800
        26.260220.000000-1.12800
SET1    201     2002    2003    2004    2005    2006    2007    2008    
        2009    2010    2011    2012    2013    2014    2015    2016    
        2017    2018    2019    2020    2021    2022    
CORD2R  201     0       27.260222.820000-1.1280027.260222.722387-0.13277
        26.372203.277604-1.08311
SET1    202     2022    2023    2024    2025    2026    2027    2028    
        2029    2030    2031    2032    2033    2034    2035    2036    
        2037    2038    2039    2040    2041    2042    2043    2044    
        2045    2046    2047    2048    2049    2050    2051    2052    
        2053    2054    2055    2056    2057    2058    2059    2060    
        2061    2062    2063    
CORD2R  202     0       30.149928.374303-0.5832230.149928.2919740.413381
        29.255728.820441-0.54636
SET1    203     2063    2064    2065    2066    2067    2068    2069    
        2070    2071    2072    2073    2074    2075    2076    2077    
        2078    2079    2080    2081    2082    2083    2084    2085    
        2086    2087    2088    2089    2090    2091    2092    2093    
        2094    
CORD2R  203     0       35.9860419.992470.37654235.9860419.912551.373343
        35.0918320.438700.412317
SET1    250     2000    2095    2096    
CORD2R  250     0       27.260220.000000-1.1280027.260220.000000-2.12800
        26.260220.000000-1.12800
SET1    251     2096    2097    2098    2099    2100    2101    2102    
        2103    2104    2105    2106    2107    2108    2109    2110    
        2111    2112    2113    2114    2115    2116    
CORD2R  251     0       27.26022-2.82000-1.1280027.26022-2.91761-2.12322
        26.37220-3.27760-1.08311
SET1    252     2116    2117    2118    2119    2120    2121    2122    
        2123    2124    2125    2126    2127    2128    2129    2130    
        2131    2132    2133    2134    2135    2136    2137    2138    
        2139    2140    2141    2142    2143    2144    2145    2146    
        2147    2148    2149    2150    2151    2152    2153    2154    
        2155    2156    2157    
CORD2R  252     0       30.14992-8.37430-0.5832230.14992-8.45663-1.57983
        29.25572-8.82044-0.54636
SET1    253     2157    2158    2159    2160    2161    2162    2163    
        2164    2165    2166    2167    2168    2169    2170    2171    
        2172    2173    2174    2175    2176    2177    2178    2179    
        2180    2181    2182    2183    2184    2185    2186    2187    
        2188    
CORD2R  253     0       35.98604-19.99240.37654235.98604-20.0723-0.62026
        35.09183-20.43870.412317
SET1    301     3000    3001    3002    3003    3004    3005    3006    
        3007    3008    3009    3010    3011    3012    3013    3014    
        3015    
CORD2R  301     0       56.802760.0000002.82000056.80276-1.000002.820000
        55.998890.0000003.414799
SET1    302     3015    3016    3017    3018    3019    3020    3021    
        3022    3023    3024    3025    3026    3027    3028    3029    
        3030    
CORD2R  302     0       59.873410.0000006.97000059.87341-1.000006.970000
        59.069540.0000007.564799
SET1    400     4000    4001    
CORD2R  400     0       59.010630.0000001.57920059.010630.0000002.579200
        58.010630.0000001.579200
SET1    401     4001    4002    4003    4004    4005    4006    4007    
        4008    4009    4010    4011    4012    4013    4014    4015    
        4016    4017    4018    4019    4020    4021    4022    4023    
        4024    4025    4026    4027    4028    4029    
CORD2R  401     0       59.010630.5318671.57920059.010630.4416812.575125
        58.106140.9566221.617664
SET1    402     4029    4030    4031    4032    4033    4034    4035    
        4036    4037    4038    4039    4040    4041    4042    4043    
        4044    4045    4046    4047    4048    4049    4050    4051    
        4052    4053    4054    4055    4056    4057    4058    4059    
        4060    4061    4062    4063    
CORD2R  402     0       61.046024.8308491.96849861.046024.7260532.962992
        60.165175.3016462.018109
SET1    450     4000    4064    
CORD2R  450     0       59.010630.0000001.57920059.010630.0000000.579200
        58.010630.0000001.579200
SET1    451     4064    4065    4066    4067    4068    4069    4070    
        4071    4072    4073    4074    4075    4076    4077    4078    
        4079    4080    4081    4082    4083    4084    4085    4086    
        4087    4088    4089    4090    4091    4092    
CORD2R  451     0       59.01063-0.531861.57920059.01063-0.622050.583275
        58.10614-0.956621.617664
SET1    452     4092    4093    4094    4095    4096    4097    4098    
        4099    4100    4101    4102    4103    4104    4105    4106    
        4107    4108    4109    4110    4111    4112    4113    4114    
        4115    4116    4117    4118    4119    4120    4121    4122    
        4123    4124    4125    4126    
CORD2R  452     0       61.04602-4.830841.96849861.04602-4.935640.974004
        60.16517-5.301642.018109

$-------2-------3-------4-------5-------6-------7-------8-------9-------10
$ Interpolation definition
$-------2-------3-------4-------5-------6-------7-------8-------9-------10
SPLINE1 200     200     1       39      200                     0       
SPLINE1 201     201     1       52      201                     0       
SPLINE1 202     202     1       117     202                     0       
SPLINE1 203     204     1       91      203                     0       
SPLINE1 204     205     1       13      203                     0       
SPLINE1 250     250     1       39      250                     0       
SPLINE1 251     251     1       52      251                     0       
SPLINE1 252     252     1       117     252                     0       
SPLINE1 253     254     1       91      253                     0       
SPLINE1 254     255     1       13      253                     0       
SPLINE1 301     301     1       52      301                     0       
SPLINE1 302     302     1       52      302                     0       
SPLINE1 400     400     1       13      400                     0       
SPLINE1 401     401     1       52      401                     0       
SPLINE1 402     402     1       65      402                     0       
SPLINE1 450     450     1       13      450                     0       
SPLINE1 451     451     1       52      451                     0       
SPLINE1 452     452     1       65      452                     0       

$-------2-------3-------4-------5-------6-------7-------8-------9-------10
$ Lumped masses: ENGINES 20877.8845 Kg
$-------2-------3-------4-------5-------6-------7-------8-------9-------10
CONM2   1       2026    0       10438.9 -6.033840       -1.77459
        0.      0.      0.      0.      0.      0.      
CONM2   2       2120    0       10438.9 -6.033840       -1.77459
        0.      0.      0.      0.      0.      0.      

$-------2-------3-------4-------5-------6-------7-------8-------9-------10
$ Lumped masses: MAIN LANDING GEAR 8236.4261 Kg
$-------2-------3-------4-------5-------6-------7-------8-------9-------10
CONM2   3       1024    0       8236.43 0.3318850       -0.35186
        0.      0.      0.      0.      0.      0.      
PARAM   LANDG   1024

$ Summary of secondary masses (as CONM2): 
$ Engines: 20877.8845
$ Engines2: 0
$ Nose landing gear: 0
$ Main landing gear: 8236.4261
$-------2-------3-------4-------5-------6-------7-------8-------9-------10
$ Rigid structural link
$-------2-------3-------4-------5-------6-------7-------8-------9-------10
RBE2    1       1021    1235    2002    2096    
RBE2    2       1044    123456  3000    
RBE2    3       1046    123456  4000    

PARAM   DIVERG  1       
AEROS           0       7.2244  58      366.7   0       0       
